id_venda,data,ano,mês,dia,id_cliente,customer_segment,regiao,estado,produto_categoria,produto_nome,canal_venda,quantidade,preco_unitario,pct_desconto,gross_revenue,discount_value,net_revenue,cost,profit,margin_pct,Unnamed: 21,Unnamed: 22,Unnamed: 23,Unnamed: 24,Unnamed: 25,Unnamed: 26,Unnamed: 27
1,2023-01-01 00:00:00,2023,Janeiro,1,1129,Corporativo,Nordeste,BA,Eletrônicos,Cadeira Gamer,E-commerce,23,"R$ 2.750,90",7%,"R$ 63.270,67","R$ 4.338,66","R$ 58.932,02","R$ 41.648,12","R$ 17.283,90","29,33",,,,,,,
2,2023-01-01 00:00:00,2023,Janeiro,1,1963,Pequenas Empresas,Sudeste,SP,Eletrônicos,Cadeira Gamer,E-commerce,9,"R$ 1.054,99",5%,"R$ 9.494,89","R$ 431,81","R$ 9.063,08","R$ 5.244,14","R$ 3.818,94","42,14",,,,,,5.0,Maio
3,2023-01-02 00:00:00,2023,Janeiro,2,1385,Pequenas Empresas,Sul,SC,Eletrônicos,Webcam 4K,E-commerce,8,"R$ 676,88",12%,"R$ 5.415,04","R$ 635,28","R$ 4.779,76","R$ 2.827,43","R$ 1.952,33","40,85",,,,,,,
4,2023-01-02 00:00:00,2023,Janeiro,2,1304,Pequenas Empresas,Nordeste,PE,Eletrônicos,Microfone Condensador,Loja Física,3,"R$ 783,48",4%,"R$ 2.350,45","R$ 104,62","R$ 2.245,83","R$ 1.602,67","R$ 643,17","28,64",,,,,,,
5,2023-01-02 00:00:00,2023,Janeiro,2,1808,Corporativo,Centro-Oeste,GO,Eletrônicos,Webcam 4K,E-commerce,36,"R$ 2.959,06",3%,"R$ 106.526,25","R$ 3.114,00","R$ 103.412,25","R$ 67.202,04","R$ 36.210,21","35,02",,,,,,,
6,2023-01-02 00:00:00,2023,Janeiro,2,1496,Pequenas Empresas,Sul,RS,Eletrônicos,Mouse Gamer,Loja Física,2,"R$ 933,05",2%,"R$ 1.866,09","R$ 43,65","R$ 1.822,44","R$ 1.095,84","R$ 726,59","39,87",,,,,,,
7,2023-01-02 00:00:00,2023,Janeiro,2,1454,Consumidor Final,Sul,RS,Eletrônicos,Webcam 4K,Loja Física,2,"R$ 438,93",7%,"R$ 877,87","R$ 61,84","R$ 816,02","R$ 466,81","R$ 349,22","42,79",,,,,,,
8,2023-01-03 00:00:00,2023,Janeiro,3,1323,Consumidor Final,Nordeste,CE,Eletrônicos,Headset Gamer,E-commerce,1,"R$ 430,93",11%,"R$ 430,93","R$ 45,84","R$ 385,10","R$ 282,40","R$ 102,69","26,67",,,,,,,
9,2023-01-04 00:00:00,2023,Janeiro,4,1663,Consumidor Final,Sudeste,RJ,Eletrônicos,Headset Gamer,Loja Física,1,"R$ 155,31",8%,"R$ 155,31","R$ 11,85","R$ 143,46","R$ 80,07","R$ 63,39","44,19",,,,,,,
10,2023-01-04 00:00:00,2023,Janeiro,4,1123,Consumidor Final,Sul,PR,Eletrônicos,Webcam 4K,Loja Física,1,"R$ 384,23",6%,"R$ 384,23","R$ 23,28","R$ 360,95","R$ 226,14","R$ 134,81","37,35",,,,,,,
11,2023-01-05 00:00:00,2023,Janeiro,5,1593,Corporativo,Sudeste,SP,Eletrônicos,Microfone Condensador,E-commerce,46,"R$ 3.462,46",4%,"R$ 159.273,23","R$ 5.783,18","R$ 153.490,05","R$ 87.714,20","R$ 65.775,85","42,85",,,,,,,
12,2023-01-05 00:00:00,2023,Janeiro,5,1914,Pequenas Empresas,Sudeste,SP,Eletrônicos,Monitor Ultrawide,Loja Física,5,"R$ 612,31",3%,"R$ 3.061,55","R$ 90,48","R$ 2.971,07","R$ 1.599,93","R$ 1.371,14","46,15",,,,,,,
13,2023-01-05 00:00:00,2023,Janeiro,5,1653,Consumidor Final,Sul,SC,Móveis,Mesa Gamer,E-commerce,4,"R$ 218,67",4%,"R$ 874,67","R$ 31,13","R$ 843,54","R$ 520,26","R$ 323,29","38,32",,,,,,,
14,2023-01-05 00:00:00,2023,Janeiro,5,1353,Corporativo,Nordeste,BA,Eletrônicos,Microfone Condensador,E-commerce,20,"R$ 2.412,20",6%,"R$ 48.243,91","R$ 2.743,59","R$ 45.500,32","R$ 33.768,40","R$ 11.731,92","25,78",,,,,,,
15,2023-01-05 00:00:00,2023,Janeiro,5,1823,Pequenas Empresas,Nordeste,BA,Eletrônicos,Webcam 4K,E-commerce,15,"R$ 923,26",5%,"R$ 13.848,91","R$ 678,13","R$ 13.170,78","R$ 9.462,81","R$ 3.707,97","28,15",,,,,,,
16,2023-01-06 00:00:00,2023,Janeiro,6,1940,Pequenas Empresas,Sudeste,SP,Eletrônicos,Cadeira Gamer,Loja Física,5,"R$ 709,66",12%,"R$ 3.548,32","R$ 411,68","R$ 3.136,64","R$ 1.772,47","R$ 1.364,17","43,49",,,,,,,
17,2023-01-06 00:00:00,2023,Janeiro,6,1942,Pequenas Empresas,Centro-Oeste,GO,Eletrônicos,Teclado Mecânico,E-commerce,10,"R$ 415,35",4%,"R$ 4.153,54","R$ 160,24","R$ 3.993,30","R$ 2.533,28","R$ 1.460,02","36,56",,,,,,,
18,2023-01-07 00:00:00,2023,Janeiro,7,1067,Corporativo,Centro-Oeste,GO,Móveis,Mesa Gamer,E-commerce,24,"R$ 2.623,58",5%,"R$ 62.965,94","R$ 2.870,31","R$ 60.095,64","R$ 37.856,75","R$ 22.238,88","37,01",,,,,,,
19,2023-01-07 00:00:00,2023,Janeiro,7,1618,Pequenas Empresas,Sudeste,RJ,Móveis,Mesa Gamer,Loja Física,6,"R$ 1.041,23",12%,"R$ 6.247,38","R$ 721,91","R$ 5.525,47","R$ 3.043,04","R$ 2.482,44","44,93",,,,,,,
20,2023-01-08 00:00:00,2023,Janeiro,8,1083,Consumidor Final,Sul,SC,Eletrônicos,Headset Gamer,Loja Física,1,"R$ 286,31",10%,"R$ 286,31","R$ 29,46","R$ 256,86","R$ 160,31","R$ 96,55","37,59",,,,,,,
21,2023-01-08 00:00:00,2023,Janeiro,8,1974,Corporativo,Sudeste,RJ,Móveis,Mesa Gamer,E-commerce,23,"R$ 3.188,72",4%,"R$ 73.340,53","R$ 2.697,65","R$ 70.642,88","R$ 38.210,55","R$ 32.432,33","45,91",,,,,,,
22,2023-01-08 00:00:00,2023,Janeiro,8,1048,Consumidor Final,Sul,SC,Eletrônicos,Webcam 4K,E-commerce,1,"R$ 268,34",6%,"R$ 268,34","R$ 16,25","R$ 252,10","R$ 146,95","R$ 105,15","41,71",,,,,,,
23,2023-01-09 00:00:00,2023,Janeiro,9,1481,Corporativo,Nordeste,BA,Eletrônicos,Cadeira Gamer,E-commerce,34,"R$ 1.434,94",8%,"R$ 48.788,09","R$ 4.022,88","R$ 44.765,22","R$ 31.041,55","R$ 13.723,67","30,66",,,,,,,
24,2023-01-09 00:00:00,2023,Janeiro,9,1370,Pequenas Empresas,Sul,PR,Eletrônicos,Cadeira Gamer,E-commerce,13,"R$ 623,49",11%,"R$ 8.105,42","R$ 910,52","R$ 7.194,90","R$ 4.423,54","R$ 2.771,36","38,52",,,,,,,
25,2023-01-10 00:00:00,2023,Janeiro,10,1106,Pequenas Empresas,Sul,PR,Eletrônicos,Mouse Gamer,Loja Física,5,"R$ 909,76",8%,"R$ 4.548,81","R$ 375,41","R$ 4.173,40","R$ 2.405,10","R$ 1.768,30","42,37",,,,,,,
26,2023-01-11 00:00:00,2023,Janeiro,11,1160,Pequenas Empresas,Sudeste,MG,Eletrônicos,Cadeira Gamer,Loja Física,3,"R$ 453,32",7%,"R$ 1.359,96","R$ 91,15","R$ 1.268,81","R$ 724,48","R$ 544,33","42,90",,,,,,,
27,2023-01-12 00:00:00,2023,Janeiro,12,1037,Pequenas Empresas,Nordeste,CE,Eletrônicos,Microfone Condensador,E-commerce,6,"R$ 754,62",2%,"R$ 4.527,71","R$ 69,10","R$ 4.458,61","R$ 3.333,79","R$ 1.124,82","25,23",,,,,,,
28,2023-01-13 00:00:00,2023,Janeiro,13,1571,Pequenas Empresas,Sul,PR,Eletrônicos,Cadeira Gamer,E-commerce,6,"R$ 457,67",2%,"R$ 2.746,00","R$ 48,98","R$ 2.697,02","R$ 1.697,16","R$ 999,86","37,07",,,,,,,
29,2023-01-13 00:00:00,2023,Janeiro,13,1553,Consumidor Final,Sul,RS,Eletrônicos,Headset Gamer,E-commerce,1,"R$ 266,28",6%,"R$ 266,28","R$ 16,19","R$ 250,09","R$ 142,67","R$ 107,41","42,95",,,,,,,
30,2023-01-13 00:00:00,2023,Janeiro,13,1312,Consumidor Final,Nordeste,BA,Eletrônicos,Cadeira Gamer,E-commerce,5,"R$ 348,41",3%,"R$ 1.742,06","R$ 52,91","R$ 1.689,15","R$ 1.249,21","R$ 439,93","26,04",,,,,,,
31,2023-01-13 00:00:00,2023,Janeiro,13,1920,Pequenas Empresas,Centro-Oeste,GO,Eletrônicos,Mouse Gamer,Loja Física,5,"R$ 1.064,43",2%,"R$ 5.322,14","R$ 93,45","R$ 5.228,69","R$ 3.422,40","R$ 1.806,29","34,55",,,,,,,
32,2023-01-16 00:00:00,2023,Janeiro,16,1854,Corporativo,Sudeste,MG,Eletrônicos,Teclado Mecânico,Loja Física,16,"R$ 3.426,08",4%,"R$ 54.817,25","R$ 2.329,67","R$ 52.487,58","R$ 28.020,31","R$ 24.467,26","46,62",,,,,,,
33,2023-01-16 00:00:00,2023,Janeiro,16,1677,Pequenas Empresas,Sul,PR,Eletrônicos,Webcam 4K,Loja Física,3,"R$ 933,88",1%,"R$ 2.801,64","R$ 31,23","R$ 2.770,41","R$ 1.702,90","R$ 1.067,51","38,53",,,,,,,
34,2023-01-17 00:00:00,2023,Janeiro,17,1493,Pequenas Empresas,Sudeste,RJ,Eletrônicos,Headset Gamer,E-commerce,5,"R$ 915,12",7%,"R$ 4.575,62","R$ 312,67","R$ 4.262,95","R$ 2.461,78","R$ 1.801,17","42,25",,,,,,,
35,2023-01-17 00:00:00,2023,Janeiro,17,1212,Pequenas Empresas,Nordeste,BA,Eletrônicos,Microfone Condensador,Loja Física,7,"R$ 500,19",6%,"R$ 3.501,31","R$ 217,70","R$ 3.283,61","R$ 2.440,25","R$ 843,35","25,68",,,,,,,
36,2023-01-17 00:00:00,2023,Janeiro,17,1596,Pequenas Empresas,Centro-Oeste,GO,Eletrônicos,Teclado Mecânico,Loja Física,5,"R$ 525,31",1%,"R$ 2.626,55","R$ 38,90","R$ 2.587,65","R$ 1.742,40","R$ 845,25","32,66",,,,,,,
37,2023-01-18 00:00:00,2023,Janeiro,18,1264,Corporativo,Nordeste,BA,Eletrônicos,Headset Gamer,E-commerce,31,"R$ 2.055,98",6%,"R$ 63.735,51","R$ 3.666,61","R$ 60.068,90","R$ 43.468,00","R$ 16.600,90","27,64",,,,,,,
38,2023-01-18 00:00:00,2023,Janeiro,18,1665,Corporativo,Sudeste,RJ,Eletrônicos,Monitor Ultrawide,Loja Física,18,"R$ 1.654,18",11%,"R$ 29.775,28","R$ 3.202,68","R$ 26.572,60","R$ 14.382,45","R$ 12.190,14","45,87",,,,,,,
39,2023-01-18 00:00:00,2023,Janeiro,18,1694,Consumidor Final,Nordeste,PE,Móveis,Mesa Gamer,Loja Física,1,"R$ 408,41",10%,"R$ 408,41","R$ 42,11","R$ 366,30","R$ 254,53","R$ 111,77","30,51",,,,,,,
40,2023-01-19 00:00:00,2023,Janeiro,19,1201,Pequenas Empresas,Sul,RS,Eletrônicos,Monitor Ultrawide,Loja Física,5,"R$ 576,85",12%,"R$ 2.884,25","R$ 339,26","R$ 2.545,00","R$ 1.489,10","R$ 1.055,90","41,49",,,,,,,
41,2023-01-19 00:00:00,2023,Janeiro,19,1632,Consumidor Final,Centro-Oeste,GO,Eletrônicos,Cadeira Gamer,Loja Física,2,"R$ 346,85",3%,"R$ 693,70","R$ 20,48","R$ 673,22","R$ 435,77","R$ 237,45","35,27",,,,,,,
42,2023-01-20 00:00:00,2023,Janeiro,20,1954,Corporativo,Sul,RS,Eletrônicos,Teclado Mecânico,E-commerce,43,"R$ 1.579,07",2%,"R$ 67.900,19","R$ 1.662,89","R$ 66.237,30","R$ 38.844,28","R$ 27.393,02","41,36",,,,,,,
43,2023-01-20 00:00:00,2023,Janeiro,20,1596,Pequenas Empresas,Sudeste,RJ,Eletrônicos,Cadeira Gamer,E-commerce,10,"R$ 520,54",5%,"R$ 5.205,41","R$ 248,10","R$ 4.957,31","R$ 2.752,27","R$ 2.205,04","44,48",,,,,,,
44,2023-01-20 00:00:00,2023,Janeiro,20,1669,Pequenas Empresas,Sudeste,SP,Móveis,Mesa Gamer,Loja Física,3,"R$ 806,69",4%,"R$ 2.420,07","R$ 103,41","R$ 2.316,66","R$ 1.265,12","R$ 1.051,53","45,39",,,,,,,
45,2023-01-21 00:00:00,2023,Janeiro,21,1777,Consumidor Final,Sul,SC,Eletrônicos,Headset Gamer,Loja Física,2,"R$ 323,15",11%,"R$ 646,30","R$ 68,82","R$ 577,48","R$ 348,78","R$ 228,70","39,60",,,,,,,
46,2023-01-21 00:00:00,2023,Janeiro,21,1613,Corporativo,Sul,RS,Móveis,Mesa Gamer,Loja Física,17,"R$ 3.067,03",9%,"R$ 52.139,51","R$ 4.775,37","R$ 47.364,14","R$ 27.334,46","R$ 20.029,68","42,29",,,,,,,
47,2023-01-21 00:00:00,2023,Janeiro,21,1514,Pequenas Empresas,Sul,SC,Eletrônicos,Mouse Gamer,Loja Física,4,"R$ 721,20",10%,"R$ 2.884,78","R$ 282,73","R$ 2.602,05","R$ 1.607,44","R$ 994,61","38,22",,,,,,,
48,2023-01-21 00:00:00,2023,Janeiro,21,1418,Consumidor Final,Sudeste,MG,Móveis,Mesa Gamer,Loja Física,1,"R$ 334,80",3%,"R$ 334,80","R$ 10,27","R$ 324,52","R$ 181,30","R$ 143,22","44,13",,,,,,,
49,2023-01-22 00:00:00,2023,Janeiro,22,1350,Consumidor Final,Sul,RS,Eletrônicos,Mouse Gamer,E-commerce,3,"R$ 404,41",10%,"R$ 1.213,24","R$ 124,23","R$ 1.089,01","R$ 631,67","R$ 457,34","42,00",,,,,,,
50,2023-01-22 00:00:00,2023,Janeiro,22,1908,Pequenas Empresas,Nordeste,CE,Móveis,Mesa Gamer,Loja Física,2,"R$ 1.166,46",5%,"R$ 2.332,92","R$ 117,75","R$ 2.215,17","R$ 1.617,92","R$ 597,24","26,96",,,,,,,
51,2023-01-22 00:00:00,2023,Janeiro,22,1774,Pequenas Empresas,Sul,RS,Eletrônicos,Webcam 4K,Loja Física,5,"R$ 1.101,32",12%,"R$ 5.506,60","R$ 658,57","R$ 4.848,03","R$ 2.947,13","R$ 1.900,91","39,21",,,,,,,
52,2023-01-23 00:00:00,2023,Janeiro,23,1025,Corporativo,Sul,PR,Eletrônicos,Mouse Gamer,E-commerce,32,"R$ 3.238,25",8%,"R$ 103.624,01","R$ 7.796,14","R$ 95.827,87","R$ 58.120,41","R$ 37.707,46","39,35",,,,,,,
53,2023-01-23 00:00:00,2023,Janeiro,23,1790,Consumidor Final,Centro-Oeste,GO,Eletrônicos,Teclado Mecânico,E-commerce,4,"R$ 150,97",8%,"R$ 603,86","R$ 47,19","R$ 556,67","R$ 366,66","R$ 190,01","34,13",,,,,,,
54,2023-01-23 00:00:00,2023,Janeiro,23,1983,Pequenas Empresas,Centro-Oeste,GO,Eletrônicos,Cadeira Gamer,Loja Física,5,"R$ 721,86",11%,"R$ 3.609,31","R$ 383,20","R$ 3.226,11","R$ 2.095,02","R$ 1.131,10","35,06",,,,,,,
55,2023-01-23 00:00:00,2023,Janeiro,23,1872,Corporativo,Nordeste,BA,Eletrônicos,Microfone Condensador,Loja Física,13,"R$ 2.533,96",7%,"R$ 32.941,52","R$ 2.363,99","R$ 30.577,52","R$ 21.904,53","R$ 8.673,00","28,36",,,,,,,
56,2023-01-24 00:00:00,2023,Janeiro,24,1880,Corporativo,Nordeste,BA,Eletrônicos,Cadeira Gamer,E-commerce,20,"R$ 2.578,55",8%,"R$ 51.570,97","R$ 3.931,57","R$ 47.639,41","R$ 35.664,00","R$ 11.975,40","25,14",,,,,,,
57,2023-01-25 00:00:00,2023,Janeiro,25,1469,Corporativo,Sudeste,RJ,Eletrônicos,Monitor Ultrawide,Loja Física,17,"R$ 1.542,70",9%,"R$ 26.225,89","R$ 2.268,43","R$ 23.957,46","R$ 12.823,10","R$ 11.134,36","46,48",,,,,,,
58,2023-01-25 00:00:00,2023,Janeiro,25,1689,Pequenas Empresas,Sul,PR,Eletrônicos,Cadeira Gamer,E-commerce,14,"R$ 1.030,89",7%,"R$ 14.432,49","R$ 965,53","R$ 13.466,96","R$ 8.128,50","R$ 5.338,46","39,64",,,,,,,
59,2023-01-26 00:00:00,2023,Janeiro,26,1087,Corporativo,Nordeste,CE,Eletrônicos,Headset Gamer,E-commerce,38,"R$ 2.198,24",2%,"R$ 83.533,29","R$ 1.649,45","R$ 81.883,84","R$ 60.329,01","R$ 21.554,83","26,32",,,,,,,
60,2023-01-27 00:00:00,2023,Janeiro,27,1725,Consumidor Final,Sul,SC,Eletrônicos,Webcam 4K,E-commerce,4,"R$ 379,98",9%,"R$ 1.519,91","R$ 137,85","R$ 1.382,05","R$ 845,86","R$ 536,19","38,80",,,,,,,
61,2023-01-27 00:00:00,2023,Janeiro,27,1475,Consumidor Final,Sul,PR,Móveis,Mesa Gamer,E-commerce,2,"R$ 340,85",10%,"R$ 681,71","R$ 65,73","R$ 615,98","R$ 383,69","R$ 232,28","37,71",,,,,,,
62,2023-01-28 00:00:00,2023,Janeiro,28,1852,Consumidor Final,Centro-Oeste,GO,Eletrônicos,Monitor Ultrawide,Loja Física,1,"R$ 374,17",9%,"R$ 374,17","R$ 34,20","R$ 339,97","R$ 211,79","R$ 128,17","37,70",,,,,,,
63,2023-01-28 00:00:00,2023,Janeiro,28,1306,Consumidor Final,Sudeste,RJ,Eletrônicos,Headset Gamer,E-commerce,1,"R$ 443,89",3%,"R$ 443,89","R$ 12,51","R$ 431,38","R$ 232,08","R$ 199,31","46,20",,,,,,,
64,2023-01-29 00:00:00,2023,Janeiro,29,1769,Pequenas Empresas,Sul,PR,Eletrônicos,Headset Gamer,E-commerce,14,"R$ 618,46",7%,"R$ 8.658,39","R$ 580,01","R$ 8.078,38","R$ 4.944,59","R$ 3.133,79","38,79",,,,,,,
65,2023-01-30 00:00:00,2023,Janeiro,30,1434,Consumidor Final,Nordeste,BA,Eletrônicos,Mouse Gamer,E-commerce,3,"R$ 405,82",3%,"R$ 1.217,46","R$ 42,38","R$ 1.175,08","R$ 854,73","R$ 320,34","27,26",,,,,,,
66,2023-01-31 00:00:00,2023,Janeiro,31,1979,Pequenas Empresas,Sudeste,SP,Eletrônicos,Cadeira Gamer,E-commerce,10,"R$ 1.042,11",6%,"R$ 10.421,15","R$ 629,44","R$ 9.791,70","R$ 5.395,44","R$ 4.396,26","44,90",,,,,,,
67,2023-01-31 00:00:00,2023,Janeiro,31,1665,Pequenas Empresas,Sudeste,RJ,Eletrônicos,Teclado Mecânico,E-commerce,9,"R$ 439,87",11%,"R$ 3.958,86","R$ 433,22","R$ 3.525,64","R$ 1.852,50","R$ 1.673,14","47,46",,,,,,,
68,2023-01-31 00:00:00,2023,Janeiro,31,1253,Consumidor Final,Sul,SC,Eletrônicos,Microfone Condensador,E-commerce,3,"R$ 167,18",3%,"R$ 501,55","R$ 17,44","R$ 484,11","R$ 301,17","R$ 182,94","37,79",,,,,,,
69,2023-02-01 00:00:00,2023,Fevereiro,1,1692,Corporativo,Centro-Oeste,GO,Eletrônicos,Teclado Mecânico,Loja Física,10,"R$ 1.230,83",4%,"R$ 12.308,26","R$ 505,89","R$ 11.802,37","R$ 7.994,03","R$ 3.808,34","32,27",,,,,,,
70,2023-02-02 00:00:00,2023,Fevereiro,2,1074,Corporativo,Nordeste,PE,Eletrônicos,Monitor Ultrawide,Loja Física,10,"R$ 1.768,05",11%,"R$ 17.680,51","R$ 1.939,34","R$ 15.741,17","R$ 11.570,19","R$ 4.170,98","26,50",,,,,,,
71,2023-02-02 00:00:00,2023,Fevereiro,2,1911,Consumidor Final,Sudeste,MG,Eletrônicos,Webcam 4K,Loja Física,1,"R$ 278,67",10%,"R$ 278,67","R$ 28,68","R$ 249,98","R$ 140,97","R$ 109,02","43,61",,,,,,,
72,2023-02-02 00:00:00,2023,Fevereiro,2,1260,Consumidor Final,Sudeste,MG,Eletrônicos,Teclado Mecânico,Loja Física,1,"R$ 168,80",11%,"R$ 168,80","R$ 18,52","R$ 150,28","R$ 85,91","R$ 64,37","42,84",,,,,,,
73,2023-02-03 00:00:00,2023,Fevereiro,3,1375,Consumidor Final,Nordeste,CE,Móveis,Mesa Gamer,E-commerce,1,"R$ 381,56",2%,"R$ 381,56","R$ 7,44","R$ 374,11","R$ 275,27","R$ 98,84","26,42",,,,,,,
74,2023-02-04 00:00:00,2023,Fevereiro,4,1312,Consumidor Final,Sudeste,SP,Eletrônicos,Teclado Mecânico,E-commerce,4,"R$ 439,02",7%,"R$ 1.756,07","R$ 125,77","R$ 1.630,31","R$ 853,94","R$ 776,37","47,62",,,,,,,
75,2023-02-04 00:00:00,2023,Fevereiro,4,1441,Consumidor Final,Sudeste,MG,Eletrônicos,Monitor Ultrawide,Loja Física,1,"R$ 369,25",12%,"R$ 369,25","R$ 43,55","R$ 325,70","R$ 183,89","R$ 141,81","43,54",,,,,,,
76,2023-02-05 00:00:00,2023,Fevereiro,5,1213,Corporativo,Nordeste,BA,Eletrônicos,Microfone Condensador,E-commerce,26,"R$ 2.500,26",6%,"R$ 65.006,75","R$ 3.967,53","R$ 61.039,22","R$ 42.219,59","R$ 18.819,63","30,83",,,,,,,
77,2023-02-06 00:00:00,2023,Fevereiro,6,1294,Consumidor Final,Nordeste,CE,Eletrônicos,Teclado Mecânico,E-commerce,1,"R$ 204,90",1%,"R$ 204,90","R$ 2,55","R$ 202,36","R$ 143,03","R$ 59,33","29,32",,,,,,,
78,2023-02-06 00:00:00,2023,Fevereiro,6,1292,Corporativo,Nordeste,PE,Móveis,Mesa Gamer,E-commerce,27,"R$ 2.772,63",7%,"R$ 74.861,13","R$ 5.237,41","R$ 69.623,72","R$ 48.121,76","R$ 21.501,97","30,88",,,,,,,
79,2023-02-08 00:00:00,2023,Fevereiro,8,1831,Pequenas Empresas,Centro-Oeste,GO,Eletrônicos,Mouse Gamer,E-commerce,9,"R$ 978,25",2%,"R$ 8.804,26","R$ 153,58","R$ 8.650,69","R$ 5.515,07","R$ 3.135,61","36,25",,,,,,,
80,2023-02-10 00:00:00,2023,Fevereiro,10,1647,Pequenas Empresas,Sul,SC,Eletrônicos,Webcam 4K,E-commerce,14,"R$ 580,92",10%,"R$ 8.132,85","R$ 838,99","R$ 7.293,85","R$ 4.407,55","R$ 2.886,31","39,57",,,,,,,
81,2023-02-12 00:00:00,2023,Fevereiro,12,1800,Consumidor Final,Nordeste,BA,Eletrônicos,Monitor Ultrawide,Loja Física,1,"R$ 404,99",8%,"R$ 404,99","R$ 33,85","R$ 371,14","R$ 268,06","R$ 103,08","27,77",,,,,,,
82,2023-02-14 00:00:00,2023,Fevereiro,14,1802,Pequenas Empresas,Sudeste,RJ,Eletrônicos,Mouse Gamer,Loja Física,5,"R$ 999,43",4%,"R$ 4.997,13","R$ 209,70","R$ 4.787,43","R$ 2.550,66","R$ 2.236,78","46,72",,,,,,,
83,2023-02-14 00:00:00,2023,Fevereiro,14,1257,Consumidor Final,Sudeste,MG,Eletrônicos,Mouse Gamer,Loja Física,1,"R$ 287,77",2%,"R$ 287,77","R$ 4,52","R$ 283,25","R$ 150,92","R$ 132,33","46,72",,,,,,,
84,2023-02-17 00:00:00,2023,Fevereiro,17,1981,Pequenas Empresas,Centro-Oeste,GO,Eletrônicos,Mouse Gamer,E-commerce,11,"R$ 531,77",5%,"R$ 5.849,42","R$ 270,97","R$ 5.578,45","R$ 3.540,06","R$ 2.038,39","36,54",,,,,,,
85,2023-02-17 00:00:00,2023,Fevereiro,17,1365,Pequenas Empresas,Sul,PR,Eletrônicos,Headset Gamer,Loja Física,6,"R$ 927,70",3%,"R$ 5.566,22","R$ 154,62","R$ 5.411,60","R$ 3.326,35","R$ 2.085,25","38,53",,,,,,,
86,2023-02-18 00:00:00,2023,Fevereiro,18,1398,Pequenas Empresas,Centro-Oeste,GO,Eletrônicos,Webcam 4K,E-commerce,8,"R$ 1.000,58",7%,"R$ 8.004,67","R$ 571,36","R$ 7.433,31","R$ 4.808,23","R$ 2.625,08","35,32",,,,,,,
87,2023-02-19 00:00:00,2023,Fevereiro,19,1212,Corporativo,Centro-Oeste,GO,Eletrônicos,Microfone Condensador,E-commerce,18,"R$ 3.291,21",7%,"R$ 59.241,72","R$ 4.102,92","R$ 55.138,80","R$ 35.847,46","R$ 19.291,34","34,99",,,,,,,
88,2023-02-19 00:00:00,2023,Fevereiro,19,1632,Corporativo,Centro-Oeste,GO,Eletrônicos,Cadeira Gamer,Loja Física,18,"R$ 1.414,84",6%,"R$ 25.467,09","R$ 1.490,28","R$ 23.976,81","R$ 16.022,82","R$ 7.953,98","33,17",,,,,,,
89,2023-02-20 00:00:00,2023,Fevereiro,20,1479,Pequenas Empresas,Centro-Oeste,GO,Eletrônicos,Webcam 4K,E-commerce,9,"R$ 1.034,28",7%,"R$ 9.308,55","R$ 684,51","R$ 8.624,04","R$ 5.535,99","R$ 3.088,05","35,81",,,,,,,
90,2023-02-21 00:00:00,2023,Fevereiro,21,1914,Corporativo,Sul,SC,Eletrônicos,Headset Gamer,Loja Física,21,"R$ 1.650,43",11%,"R$ 34.659,11","R$ 3.766,25","R$ 30.892,87","R$ 18.498,30","R$ 12.394,57","40,12",,,,,,,
91,2023-02-21 00:00:00,2023,Fevereiro,21,1532,Pequenas Empresas,Nordeste,BA,Eletrônicos,Cadeira Gamer,E-commerce,13,"R$ 1.034,61",4%,"R$ 13.449,92","R$ 603,15","R$ 12.846,77","R$ 8.974,36","R$ 3.872,41","30,14",,,,,,,
92,2023-02-21 00:00:00,2023,Fevereiro,21,1684,Corporativo,Sul,SC,Eletrônicos,Webcam 4K,Loja Física,25,"R$ 1.588,36",7%,"R$ 39.709,12","R$ 2.611,89","R$ 37.097,23","R$ 22.039,95","R$ 15.057,27","40,59",,,,,,,
93,2023-02-22 00:00:00,2023,Fevereiro,22,1547,Consumidor Final,Sudeste,RJ,Eletrônicos,Mouse Gamer,Loja Física,1,"R$ 369,79",10%,"R$ 369,79","R$ 37,07","R$ 332,72","R$ 186,73","R$ 146,00","43,88",,,,,,,
94,2023-02-24 00:00:00,2023,Fevereiro,24,1791,Pequenas Empresas,Sudeste,MG,Eletrônicos,Monitor Ultrawide,Loja Física,7,"R$ 466,77",11%,"R$ 3.267,40","R$ 349,83","R$ 2.917,57","R$ 1.551,52","R$ 1.366,05","46,82",,,,,,,
95,2023-02-25 00:00:00,2023,Fevereiro,25,1391,Corporativo,Nordeste,CE,Eletrônicos,Cadeira Gamer,E-commerce,41,"R$ 3.473,36",6%,"R$ 142.407,63","R$ 9.027,15","R$ 133.380,48","R$ 99.055,54","R$ 34.324,94","25,73",,,,,,,
96,2023-02-25 00:00:00,2023,Fevereiro,25,1381,Corporativo,Centro-Oeste,GO,Móveis,Mesa Gamer,E-commerce,21,"R$ 1.581,70",11%,"R$ 33.215,62","R$ 3.554,47","R$ 29.661,15","R$ 19.408,79","R$ 10.252,36","34,56",,,,,,,
97,2023-02-25 00:00:00,2023,Fevereiro,25,1342,Corporativo,Nordeste,PE,Móveis,Mesa Gamer,Loja Física,10,"R$ 2.487,44",7%,"R$ 24.874,38","R$ 1.691,81","R$ 23.182,58","R$ 16.386,34","R$ 6.796,23","29,32",,,,,,,
98,2023-02-26 00:00:00,2023,Fevereiro,26,1260,Pequenas Empresas,Nordeste,BA,Eletrônicos,Teclado Mecânico,E-commerce,15,"R$ 703,22",12%,"R$ 10.548,33","R$ 1.235,00","R$ 9.313,32","R$ 6.796,77","R$ 2.516,56","27,02",,,,,,,
99,2023-02-27 00:00:00,2023,Fevereiro,27,1610,Corporativo,Sudeste,RJ,Eletrônicos,Cadeira Gamer,E-commerce,24,"R$ 2.443,83",9%,"R$ 58.651,82","R$ 5.168,79","R$ 53.483,02","R$ 30.011,41","R$ 23.471,61","43,89",,,,,,,
100,2023-02-27 00:00:00,2023,Fevereiro,27,1105,Corporativo,Sudeste,RJ,Eletrônicos,Monitor Ultrawide,E-commerce,39,"R$ 2.698,84",4%,"R$ 105.254,61","R$ 4.688,74","R$ 100.565,87","R$ 56.793,64","R$ 43.772,23","43,53",,,,,,,
101,2023-02-28 00:00:00,2023,Fevereiro,28,1126,Pequenas Empresas,Nordeste,CE,Eletrônicos,Microfone Condensador,E-commerce,11,"R$ 668,17",3%,"R$ 7.349,83","R$ 213,98","R$ 7.135,85","R$ 5.047,04","R$ 2.088,81","29,27",,,,,,,
102,2023-02-28 00:00:00,2023,Fevereiro,28,1994,Consumidor Final,Sudeste,RJ,Eletrônicos,Headset Gamer,E-commerce,3,"R$ 365,72",6%,"R$ 1.097,17","R$ 61,68","R$ 1.035,49","R$ 544,34","R$ 491,16","47,43",,,,,,,
103,2023-02-28 00:00:00,2023,Fevereiro,28,1453,Consumidor Final,Nordeste,BA,Eletrônicos,Mouse Gamer,E-commerce,3,"R$ 374,65",8%,"R$ 1.123,94","R$ 91,74","R$ 1.032,20","R$ 735,69","R$ 296,51","28,73",,,,,,,
104,2023-02-28 00:00:00,2023,Fevereiro,28,1351,Pequenas Empresas,Centro-Oeste,GO,Eletrônicos,Teclado Mecânico,Loja Física,5,"R$ 1.044,96",10%,"R$ 5.224,78","R$ 537,17","R$ 4.687,62","R$ 3.116,15","R$ 1.571,47","33,52",,,,,,,
105,2023-03-01 00:00:00,2023,Março,1,1943,Corporativo,Nordeste,PE,Móveis,Mesa Gamer,E-commerce,35,"R$ 1.444,59",4%,"R$ 50.560,67","R$ 2.257,09","R$ 48.303,58","R$ 36.216,62","R$ 12.086,96","25,02",,,,,,,
106,2023-03-02 00:00:00,2023,Março,2,1030,Pequenas Empresas,Sul,RS,Eletrônicos,Headset Gamer,Loja Física,7,"R$ 1.084,59",3%,"R$ 7.592,13","R$ 265,65","R$ 7.326,48","R$ 4.247,73","R$ 3.078,75","42,02",,,,,,,
107,2023-03-02 00:00:00,2023,Março,2,1129,Corporativo,Sul,PR,Eletrônicos,Headset Gamer,Loja Física,9,"R$ 2.796,55",7%,"R$ 25.168,92","R$ 1.671,02","R$ 23.497,90","R$ 14.373,23","R$ 9.124,67","38,83",,,,,,,
108,2023-03-02 00:00:00,2023,Março,2,1198,Corporativo,Sul,RS,Eletrônicos,Mouse Gamer,Loja Física,9,"R$ 2.955,26",5%,"R$ 26.597,31","R$ 1.460,56","R$ 25.136,76","R$ 14.691,05","R$ 10.445,70","41,56",,,,,,,
109,2023-03-03 00:00:00,2023,Março,3,1061,Consumidor Final,Nordeste,BA,Eletrônicos,Microfone Condensador,Loja Física,1,"R$ 379,82",10%,"R$ 379,82","R$ 36,74","R$ 343,08","R$ 243,62","R$ 99,46","28,99",,,,,,,
110,2023-03-04 00:00:00,2023,Março,4,1927,Pequenas Empresas,Nordeste,BA,Eletrônicos,Microfone Condensador,Loja Física,2,"R$ 1.099,38",1%,"R$ 2.198,76","R$ 22,03","R$ 2.176,73","R$ 1.610,46","R$ 566,27","26,01",,,,,,,
111,2023-03-04 00:00:00,2023,Março,4,1679,Corporativo,Sudeste,SP,Eletrônicos,Cadeira Gamer,E-commerce,37,"R$ 2.258,82",11%,"R$ 83.576,49","R$ 8.784,06","R$ 74.792,43","R$ 40.926,50","R$ 33.865,93","45,28",,,,,,,
112,2023-03-05 00:00:00,2023,Março,5,1485,Pequenas Empresas,Sudeste,SP,Móveis,Mesa Gamer,E-commerce,13,"R$ 1.041,88",6%,"R$ 13.544,49","R$ 849,21","R$ 12.695,28","R$ 7.349,55","R$ 5.345,73","42,11",,,,,,,
113,2023-03-05 00:00:00,2023,Março,5,1531,Consumidor Final,Sul,SC,Eletrônicos,Microfone Condensador,Loja Física,1,"R$ 425,42",4%,"R$ 425,42","R$ 17,36","R$ 408,06","R$ 236,06","R$ 172,00","42,15",,,,,,,
114,2023-03-09 00:00:00,2023,Março,9,1954,Corporativo,Centro-Oeste,GO,Eletrônicos,Monitor Ultrawide,E-commerce,20,"R$ 2.934,11",10%,"R$ 58.682,25","R$ 5.782,53","R$ 52.899,71","R$ 35.914,65","R$ 16.985,06","32,11",,,,,,,
115,2023-03-09 00:00:00,2023,Março,9,1025,Consumidor Final,Sudeste,SP,Eletrônicos,Microfone Condensador,E-commerce,5,"R$ 317,76",8%,"R$ 1.588,78","R$ 125,68","R$ 1.463,10","R$ 801,83","R$ 661,26","45,20",,,,,,,
116,2023-03-10 00:00:00,2023,Março,10,1669,Corporativo,Sul,RS,Eletrônicos,Headset Gamer,E-commerce,40,"R$ 1.702,42",2%,"R$ 68.096,77","R$ 1.581,70","R$ 66.515,08","R$ 41.631,76","R$ 24.883,32","37,41",,,,,,,
117,2023-03-11 00:00:00,2023,Março,11,1658,Pequenas Empresas,Nordeste,PE,Eletrônicos,Mouse Gamer,E-commerce,5,"R$ 409,92",6%,"R$ 2.049,62","R$ 126,18","R$ 1.923,43","R$ 1.407,81","R$ 515,63","26,81",,,,,,,
118,2023-03-12 00:00:00,2023,Março,12,1068,Consumidor Final,Nordeste,PE,Eletrônicos,Monitor Ultrawide,E-commerce,4,"R$ 217,91",9%,"R$ 871,62","R$ 78,73","R$ 792,89","R$ 566,18","R$ 226,71","28,59",,,,,,,
119,2023-03-12 00:00:00,2023,Março,12,1621,Pequenas Empresas,Sul,PR,Eletrônicos,Cadeira Gamer,Loja Física,4,"R$ 1.081,81",8%,"R$ 4.327,24","R$ 361,15","R$ 3.966,10","R$ 2.357,48","R$ 1.608,62","40,56",,,,,,,
120,2023-03-14 00:00:00,2023,Março,14,1124,Pequenas Empresas,Sul,PR,Móveis,Mesa Gamer,E-commerce,13,"R$ 1.070,52",4%,"R$ 13.916,78","R$ 575,90","R$ 13.340,88","R$ 8.061,21","R$ 5.279,67","39,58",,,,,,,
121,2023-03-14 00:00:00,2023,Março,14,1609,Consumidor Final,Nordeste,BA,Eletrônicos,Cadeira Gamer,E-commerce,2,"R$ 406,71",7%,"R$ 813,42","R$ 54,79","R$ 758,63","R$ 566,07","R$ 192,55","25,38",,,,,,,
122,2023-03-14 00:00:00,2023,Março,14,1797,Corporativo,Sudeste,MG,Eletrônicos,Headset Gamer,Loja Física,11,"R$ 2.323,26",9%,"R$ 25.555,88","R$ 2.328,96","R$ 23.226,91","R$ 12.739,63","R$ 10.487,29","45,15",,,,,,,
123,2023-03-16 00:00:00,2023,Março,16,1121,Corporativo,Sul,PR,Eletrônicos,Monitor Ultrawide,E-commerce,18,"R$ 3.107,36",11%,"R$ 55.932,47","R$ 5.967,31","R$ 49.965,17","R$ 29.763,93","R$ 20.201,23","40,43",,,,,,,
124,2023-03-16 00:00:00,2023,Março,16,1326,Corporativo,Sul,RS,Eletrônicos,Monitor Ultrawide,Loja Física,19,"R$ 1.389,08",11%,"R$ 26.392,45","R$ 2.907,77","R$ 23.484,68","R$ 14.140,92","R$ 9.343,75","39,79",,,,,,,
125,2023-03-16 00:00:00,2023,Março,16,1920,Pequenas Empresas,Sul,SC,Eletrônicos,Monitor Ultrawide,E-commerce,8,"R$ 1.114,02",6%,"R$ 8.912,15","R$ 523,78","R$ 8.388,37","R$ 4.979,12","R$ 3.409,24","40,64",,,,,,,
126,2023-03-17 00:00:00,2023,Março,17,1714,Pequenas Empresas,Nordeste,BA,Eletrônicos,Headset Gamer,Loja Física,5,"R$ 1.031,04",8%,"R$ 5.155,21","R$ 414,26","R$ 4.740,95","R$ 3.363,30","R$ 1.377,65","29,06",,,,,,,
127,2023-03-17 00:00:00,2023,Março,17,1626,Consumidor Final,Sul,PR,Eletrônicos,Headset Gamer,E-commerce,2,"R$ 386,03",12%,"R$ 772,05","R$ 90,16","R$ 681,89","R$ 418,84","R$ 263,05","38,58",,,,,,,
128,2023-03-17 00:00:00,2023,Março,17,1425,Corporativo,Sudeste,SP,Eletrônicos,Cadeira Gamer,E-commerce,28,"R$ 2.364,41",8%,"R$ 66.203,53","R$ 5.279,83","R$ 60.923,71","R$ 35.076,46","R$ 25.847,24","42,43",,,,,,,
129,2023-03-18 00:00:00,2023,Março,18,1965,Consumidor Final,Sul,PR,Eletrônicos,Teclado Mecânico,E-commerce,1,"R$ 161,93",8%,"R$ 161,93","R$ 12,38","R$ 149,55","R$ 86,07","R$ 63,48","42,44",,,,,,,
130,2023-03-19 00:00:00,2023,Março,19,1455,Consumidor Final,Nordeste,CE,Eletrônicos,Cadeira Gamer,Loja Física,1,"R$ 441,46",5%,"R$ 441,46","R$ 20,51","R$ 420,95","R$ 303,54","R$ 117,41","27,89",,,,,,,
131,2023-03-19 00:00:00,2023,Março,19,1092,Corporativo,Sul,SC,Móveis,Mesa Gamer,Loja Física,9,"R$ 2.229,18",6%,"R$ 20.062,59","R$ 1.247,33","R$ 18.815,26","R$ 11.186,58","R$ 7.628,69","40,55",,,,,,,
132,2023-03-19 00:00:00,2023,Março,19,1116,Consumidor Final,Centro-Oeste,GO,Eletrônicos,Mouse Gamer,E-commerce,1,"R$ 152,30",3%,"R$ 152,30","R$ 5,19","R$ 147,11","R$ 99,71","R$ 47,40","32,22",,,,,,,
133,2023-03-19 00:00:00,2023,Março,19,1806,Pequenas Empresas,Sul,PR,Eletrônicos,Monitor Ultrawide,Loja Física,3,"R$ 770,28",6%,"R$ 2.310,84","R$ 134,58","R$ 2.176,26","R$ 1.342,51","R$ 833,75","38,31",,,,,,,
134,2023-03-20 00:00:00,2023,Março,20,1866,Corporativo,Nordeste,BA,Eletrônicos,Teclado Mecânico,Loja Física,14,"R$ 2.113,13",2%,"R$ 29.583,88","R$ 579,26","R$ 29.004,63","R$ 20.679,60","R$ 8.325,02","28,70",,,,,,,
135,2023-03-20 00:00:00,2023,Março,20,1742,Pequenas Empresas,Centro-Oeste,GO,Eletrônicos,Mouse Gamer,E-commerce,8,"R$ 1.103,89",7%,"R$ 8.831,12","R$ 646,67","R$ 8.184,46","R$ 5.550,86","R$ 2.633,59","32,18",,,,,,,
136,2023-03-21 00:00:00,2023,Março,21,1130,Pequenas Empresas,Sul,SC,Eletrônicos,Teclado Mecânico,Loja Física,7,"R$ 1.194,25",2%,"R$ 8.359,77","R$ 204,51","R$ 8.155,26","R$ 5.003,38","R$ 3.151,88","38,65",,,,,,,
137,2023-03-21 00:00:00,2023,Março,21,1671,Consumidor Final,Sul,RS,Eletrônicos,Microfone Condensador,E-commerce,4,"R$ 273,31",11%,"R$ 1.093,23","R$ 120,08","R$ 973,15","R$ 571,39","R$ 401,76","41,28",,,,,,,
138,2023-03-21 00:00:00,2023,Março,21,1636,Pequenas Empresas,Sul,SC,Eletrônicos,Microfone Condensador,E-commerce,6,"R$ 1.059,03",12%,"R$ 6.354,19","R$ 731,09","R$ 5.623,10","R$ 3.265,49","R$ 2.357,61","41,93",,,,,,,
139,2023-03-21 00:00:00,2023,Março,21,1574,Pequenas Empresas,Sudeste,SP,Eletrônicos,Webcam 4K,E-commerce,7,"R$ 401,68",9%,"R$ 2.811,78","R$ 250,06","R$ 2.561,72","R$ 1.358,29","R$ 1.203,43","46,98",,,,,,,
140,2023-03-21 00:00:00,2023,Março,21,1955,Pequenas Empresas,Nordeste,PE,Eletrônicos,Microfone Condensador,E-commerce,9,"R$ 949,27",2%,"R$ 8.543,45","R$ 193,03","R$ 8.350,42","R$ 6.070,50","R$ 2.279,92","27,30",,,,,,,
141,2023-03-22 00:00:00,2023,Março,22,1782,Corporativo,Centro-Oeste,GO,Eletrônicos,Cadeira Gamer,E-commerce,44,"R$ 1.412,26",8%,"R$ 62.139,22","R$ 4.697,44","R$ 57.441,78","R$ 37.166,27","R$ 20.275,51","35,30",,,,,,,
142,2023-03-22 00:00:00,2023,Março,22,1078,Pequenas Empresas,Nordeste,CE,Eletrônicos,Microfone Condensador,Loja Física,6,"R$ 464,14",5%,"R$ 2.784,86","R$ 136,53","R$ 2.648,34","R$ 1.836,61","R$ 811,72","30,65",,,,,,,
143,2023-03-23 00:00:00,2023,Março,23,1898,Consumidor Final,Sul,SC,Eletrônicos,Headset Gamer,E-commerce,1,"R$ 343,94",11%,"R$ 343,94","R$ 37,04","R$ 306,90","R$ 182,32","R$ 124,58","40,59",,,,,,,
144,2023-03-23 00:00:00,2023,Março,23,1300,Pequenas Empresas,Sudeste,RJ,Eletrônicos,Monitor Ultrawide,Loja Física,4,"R$ 1.130,63",8%,"R$ 4.522,52","R$ 349,97","R$ 4.172,55","R$ 2.201,35","R$ 1.971,20","47,24",,,,,,,
145,2023-03-23 00:00:00,2023,Março,23,1112,Pequenas Empresas,Sudeste,RJ,Eletrônicos,Cadeira Gamer,E-commerce,9,"R$ 992,79",7%,"R$ 8.935,07","R$ 610,26","R$ 8.324,81","R$ 4.414,30","R$ 3.910,50","46,97",,,,,,,
146,2023-03-23 00:00:00,2023,Março,23,1205,Corporativo,Sudeste,RJ,Eletrônicos,Mouse Gamer,Loja Física,11,"R$ 1.226,93",6%,"R$ 13.496,18","R$ 761,51","R$ 12.734,67","R$ 7.160,68","R$ 5.574,00","43,77",,,,,,,
147,2023-03-24 00:00:00,2023,Março,24,1740,Pequenas Empresas,Sudeste,SP,Eletrônicos,Webcam 4K,Loja Física,5,"R$ 719,49",11%,"R$ 3.597,47","R$ 396,14","R$ 3.201,34","R$ 1.701,57","R$ 1.499,77","46,85",,,,,,,
148,2023-03-25 00:00:00,2023,Março,25,1172,Consumidor Final,Sul,SC,Eletrônicos,Webcam 4K,E-commerce,1,"R$ 368,75",8%,"R$ 368,75","R$ 30,15","R$ 338,61","R$ 196,14","R$ 142,46","42,07",,,,,,,
149,2023-03-26 00:00:00,2023,Março,26,1492,Consumidor Final,Sudeste,SP,Eletrônicos,Webcam 4K,E-commerce,3,"R$ 271,17",2%,"R$ 813,51","R$ 15,08","R$ 798,43","R$ 437,10","R$ 361,33","45,26",,,,,,,
150,2023-03-27 00:00:00,2023,Março,27,1999,Corporativo,Sudeste,RJ,Eletrônicos,Mouse Gamer,Loja Física,19,"R$ 3.036,27",10%,"R$ 57.689,22","R$ 5.795,83","R$ 51.893,39","R$ 27.428,06","R$ 24.465,33","47,15",,,,,,,
151,2023-03-30 00:00:00,2023,Março,30,1436,Pequenas Empresas,Sudeste,SP,Eletrônicos,Mouse Gamer,E-commerce,10,"R$ 865,76",5%,"R$ 8.657,59","R$ 440,06","R$ 8.217,53","R$ 4.469,81","R$ 3.747,72","45,61",,,,,,,
152,2023-03-31 00:00:00,2023,Março,31,1324,Corporativo,Sudeste,RJ,Eletrônicos,Mouse Gamer,E-commerce,19,"R$ 2.409,37",7%,"R$ 45.778,01","R$ 3.034,39","R$ 42.743,62","R$ 24.366,52","R$ 18.377,09","42,99",,,,,,,
153,2023-04-02 00:00:00,2023,Abril,2,1707,Pequenas Empresas,Nordeste,BA,Eletrônicos,Mouse Gamer,Loja Física,6,"R$ 1.112,08",5%,"R$ 6.672,47","R$ 320,59","R$ 6.351,88","R$ 4.705,04","R$ 1.646,84","25,93",,,,,,,
154,2023-04-02 00:00:00,2023,Abril,2,1301,Consumidor Final,Sudeste,SP,Eletrônicos,Webcam 4K,Loja Física,1,"R$ 341,07",5%,"R$ 341,07","R$ 16,19","R$ 324,88","R$ 187,03","R$ 137,85","42,43",,,,,,,
155,2023-04-02 00:00:00,2023,Abril,2,1056,Pequenas Empresas,Centro-Oeste,GO,Eletrônicos,Webcam 4K,E-commerce,6,"R$ 481,01",10%,"R$ 2.886,05","R$ 297,80","R$ 2.588,25","R$ 1.677,53","R$ 910,71","35,19",,,,,,,
156,2023-04-02 00:00:00,2023,Abril,2,1247,Pequenas Empresas,Sul,PR,Eletrônicos,Teclado Mecânico,Loja Física,5,"R$ 847,75",2%,"R$ 4.238,75","R$ 91,47","R$ 4.147,29","R$ 2.571,15","R$ 1.576,14","38,00",,,,,,,
157,2023-04-03 00:00:00,2023,Abril,3,1768,Pequenas Empresas,Centro-Oeste,GO,Eletrônicos,Cadeira Gamer,E-commerce,16,"R$ 422,03",7%,"R$ 6.752,47","R$ 442,96","R$ 6.309,51","R$ 3.925,52","R$ 2.383,99","37,78",,,,,,,
158,2023-04-04 00:00:00,2023,Abril,4,1383,Pequenas Empresas,Nordeste,PE,Eletrônicos,Monitor Ultrawide,E-commerce,8,"R$ 567,09",11%,"R$ 4.536,73","R$ 507,30","R$ 4.029,43","R$ 2.921,95","R$ 1.107,49","27,48",,,,,,1.0,Janeiro
159,2023-04-05 00:00:00,2023,Abril,5,1499,Consumidor Final,Nordeste,CE,Eletrônicos,Microfone Condensador,E-commerce,2,"R$ 376,86",6%,"R$ 753,73","R$ 45,55","R$ 708,17","R$ 518,84","R$ 189,33","26,74",,,,,,,
160,2023-04-06 00:00:00,2023,Abril,6,1448,Pequenas Empresas,Sul,PR,Eletrônicos,Microfone Condensador,Loja Física,6,"R$ 696,32",5%,"R$ 4.177,91","R$ 214,03","R$ 3.963,88","R$ 2.384,51","R$ 1.579,37","39,84",,,,,,,
161,2023-04-07 00:00:00,2023,Abril,7,1701,Consumidor Final,Nordeste,PE,Eletrônicos,Headset Gamer,E-commerce,3,"R$ 398,01",12%,"R$ 1.194,04","R$ 141,18","R$ 1.052,85","R$ 771,42","R$ 281,43","26,73",,,,,,,
162,2023-04-07 00:00:00,2023,Abril,7,1168,Corporativo,Sul,RS,Eletrônicos,Webcam 4K,Loja Física,24,"R$ 2.086,68",5%,"R$ 50.080,26","R$ 2.375,94","R$ 47.704,32","R$ 28.504,07","R$ 19.200,25","40,25",,,,,,,
163,2023-04-08 00:00:00,2023,Abril,8,1160,Corporativo,Sul,SC,Eletrônicos,Headset Gamer,E-commerce,38,"R$ 2.424,19",3%,"R$ 92.119,31","R$ 2.626,97","R$ 89.492,34","R$ 55.054,39","R$ 34.437,94","38,48",,,,,,,
164,2023-04-10 00:00:00,2023,Abril,10,1040,Corporativo,Sudeste,SP,Eletrônicos,Cadeira Gamer,E-commerce,24,"R$ 1.895,37",4%,"R$ 45.488,80","R$ 1.752,54","R$ 43.736,26","R$ 24.856,30","R$ 18.879,95","43,17",,,,,,,
165,2023-04-10 00:00:00,2023,Abril,10,1561,Consumidor Final,Sul,PR,Eletrônicos,Cadeira Gamer,E-commerce,2,"R$ 353,22",4%,"R$ 706,43","R$ 25,33","R$ 681,10","R$ 395,15","R$ 285,96","41,98",,,,,,,
166,2023-04-10 00:00:00,2023,Abril,10,1128,Consumidor Final,Sudeste,RJ,Eletrônicos,Headset Gamer,E-commerce,1,"R$ 324,14",3%,"R$ 324,14","R$ 8,20","R$ 315,94","R$ 174,83","R$ 141,11","44,66",,,,,,,
167,2023-04-11 00:00:00,2023,Abril,11,1792,Pequenas Empresas,Centro-Oeste,GO,Eletrônicos,Webcam 4K,Loja Física,4,"R$ 565,85",10%,"R$ 2.263,39","R$ 217,43","R$ 2.045,96","R$ 1.301,08","R$ 744,88","36,41",,,,,,,
168,2023-04-11 00:00:00,2023,Abril,11,1644,Pequenas Empresas,Sul,RS,Eletrônicos,Headset Gamer,Loja Física,6,"R$ 855,50",8%,"R$ 5.133,01","R$ 401,77","R$ 4.731,24","R$ 2.923,53","R$ 1.807,70","38,21",,,,,,,
169,2023-04-11 00:00:00,2023,Abril,11,1259,Consumidor Final,Sudeste,RJ,Eletrônicos,Microfone Condensador,E-commerce,1,"R$ 292,66",7%,"R$ 292,66","R$ 20,41","R$ 272,26","R$ 154,19","R$ 118,07","43,37",,,,,,,
170,2023-04-12 00:00:00,2023,Abril,12,1786,Consumidor Final,Nordeste,CE,Eletrônicos,Teclado Mecânico,E-commerce,1,"R$ 329,74",5%,"R$ 329,74","R$ 16,12","R$ 313,62","R$ 226,59","R$ 87,03","27,75",,,,,,,
171,2023-04-12 00:00:00,2023,Abril,12,1239,Consumidor Final,Sudeste,SP,Eletrônicos,Microfone Condensador,E-commerce,2,"R$ 387,15",2%,"R$ 774,31","R$ 18,37","R$ 755,93","R$ 402,42","R$ 353,51","46,77",,,,,,,
172,2023-04-13 00:00:00,2023,Abril,13,1937,Consumidor Final,Sudeste,SP,Móveis,Mesa Gamer,E-commerce,2,"R$ 160,34",12%,"R$ 320,68","R$ 37,41","R$ 283,27","R$ 148,16","R$ 135,10","47,69",,,,,,,
173,2023-04-14 00:00:00,2023,Abril,14,1784,Consumidor Final,Nordeste,BA,Eletrônicos,Webcam 4K,E-commerce,3,"R$ 326,62",5%,"R$ 979,86","R$ 50,25","R$ 929,61","R$ 681,26","R$ 248,34","26,71",,,,,,,
174,2023-04-14 00:00:00,2023,Abril,14,1174,Pequenas Empresas,Sudeste,MG,Eletrônicos,Webcam 4K,E-commerce,8,"R$ 809,02",6%,"R$ 6.472,16","R$ 415,23","R$ 6.056,94","R$ 3.303,23","R$ 2.753,71","45,46",,,,,,,
175,2023-04-14 00:00:00,2023,Abril,14,1574,Pequenas Empresas,Nordeste,PE,Eletrônicos,Monitor Ultrawide,E-commerce,15,"R$ 764,78",6%,"R$ 11.471,75","R$ 674,31","R$ 10.797,44","R$ 7.708,00","R$ 3.089,44","28,61",,,,,,,
176,2023-04-16 00:00:00,2023,Abril,16,1101,Consumidor Final,Nordeste,PE,Eletrônicos,Mouse Gamer,Loja Física,2,"R$ 436,81",3%,"R$ 873,63","R$ 28,00","R$ 845,63","R$ 628,68","R$ 216,95","25,66",,,,,,,
177,2023-04-17 00:00:00,2023,Abril,17,1877,Pequenas Empresas,Sul,RS,Móveis,Mesa Gamer,E-commerce,6,"R$ 912,16",4%,"R$ 5.472,95","R$ 234,39","R$ 5.238,56","R$ 3.224,74","R$ 2.013,82","38,44",,,,,,,
178,2023-04-17 00:00:00,2023,Abril,17,1484,Corporativo,Nordeste,BA,Eletrônicos,Cadeira Gamer,Loja Física,9,"R$ 2.231,13",7%,"R$ 20.080,20","R$ 1.328,26","R$ 18.751,95","R$ 13.358,97","R$ 5.392,98","28,76",,,,,,,
179,2023-04-17 00:00:00,2023,Abril,17,1597,Pequenas Empresas,Sudeste,MG,Eletrônicos,Webcam 4K,E-commerce,8,"R$ 781,47",9%,"R$ 6.251,80","R$ 535,46","R$ 5.716,34","R$ 3.067,60","R$ 2.648,73","46,34",,,,,,,
180,2023-04-17 00:00:00,2023,Abril,17,1917,Consumidor Final,Sudeste,RJ,Eletrônicos,Headset Gamer,Loja Física,1,"R$ 339,76",8%,"R$ 339,76","R$ 27,48","R$ 312,28","R$ 165,76","R$ 146,52","46,92",,,,,,,
181,2023-04-18 00:00:00,2023,Abril,18,1651,Consumidor Final,Nordeste,CE,Móveis,Mesa Gamer,Loja Física,2,"R$ 213,21",12%,"R$ 426,42","R$ 49,17","R$ 377,25","R$ 282,74","R$ 94,51","25,05",,,,,,,
182,2023-04-19 00:00:00,2023,Abril,19,1767,Corporativo,Sul,SC,Eletrônicos,Monitor Ultrawide,E-commerce,34,"R$ 3.487,69",2%,"R$ 118.581,52","R$ 2.357,32","R$ 116.224,20","R$ 73.205,09","R$ 43.019,12","37,01",,,,,,,
183,2023-04-19 00:00:00,2023,Abril,19,1536,Corporativo,Centro-Oeste,GO,Eletrônicos,Cadeira Gamer,E-commerce,19,"R$ 3.118,53",9%,"R$ 59.252,12","R$ 5.418,75","R$ 53.833,37","R$ 36.145,29","R$ 17.688,09","32,86",,,,,,,
184,2023-04-20 00:00:00,2023,Abril,20,1963,Consumidor Final,Nordeste,BA,Eletrônicos,Mouse Gamer,Loja Física,1,"R$ 396,58",10%,"R$ 396,58","R$ 39,27","R$ 357,31","R$ 249,02","R$ 108,29","30,31",,,,,,,
185,2023-04-20 00:00:00,2023,Abril,20,1012,Corporativo,Sul,PR,Eletrônicos,Mouse Gamer,Loja Física,15,"R$ 2.117,93",9%,"R$ 31.768,96","R$ 2.844,80","R$ 28.924,16","R$ 17.735,71","R$ 11.188,45","38,68",,,,,,,
186,2023-04-20 00:00:00,2023,Abril,20,1516,Consumidor Final,Nordeste,BA,Eletrônicos,Monitor Ultrawide,E-commerce,4,"R$ 169,80",5%,"R$ 679,21","R$ 32,85","R$ 646,36","R$ 480,46","R$ 165,89","25,67",,,,,,,
187,2023-04-20 00:00:00,2023,Abril,20,1072,Consumidor Final,Centro-Oeste,GO,Eletrônicos,Monitor Ultrawide,Loja Física,1,"R$ 359,33",1%,"R$ 359,33","R$ 3,83","R$ 355,49","R$ 239,58","R$ 115,91","32,61",,,,,,,
188,2023-04-21 00:00:00,2023,Abril,21,1352,Consumidor Final,Sul,SC,Eletrônicos,Headset Gamer,E-commerce,3,"R$ 173,06",7%,"R$ 519,18","R$ 33,78","R$ 485,39","R$ 282,66","R$ 202,73","41,77",,,,,,,
189,2023-04-22 00:00:00,2023,Abril,22,1630,Consumidor Final,Centro-Oeste,GO,Eletrônicos,Webcam 4K,Loja Física,1,"R$ 171,87",5%,"R$ 171,87","R$ 9,34","R$ 162,54","R$ 107,64","R$ 54,89","33,77",,,,,,,
190,2023-04-23 00:00:00,2023,Abril,23,1854,Corporativo,Nordeste,BA,Eletrônicos,Mouse Gamer,Loja Física,12,"R$ 2.123,00",4%,"R$ 25.476,05","R$ 1.074,49","R$ 24.401,55","R$ 18.078,14","R$ 6.323,41","25,91",,,,,,,
191,2023-04-24 00:00:00,2023,Abril,24,1625,Consumidor Final,Sul,SC,Eletrônicos,Cadeira Gamer,E-commerce,2,"R$ 246,45",6%,"R$ 492,90","R$ 30,76","R$ 462,14","R$ 284,88","R$ 177,26","38,36",,,,,,,
192,2023-04-24 00:00:00,2023,Abril,24,1796,Corporativo,Sudeste,SP,Móveis,Mesa Gamer,Loja Física,19,"R$ 2.588,03",5%,"R$ 49.172,65","R$ 2.427,14","R$ 46.745,51","R$ 25.295,44","R$ 21.450,07","45,89",,,,,,,
193,2023-04-24 00:00:00,2023,Abril,24,1420,Consumidor Final,Sudeste,MG,Eletrônicos,Cadeira Gamer,E-commerce,1,"R$ 365,94",11%,"R$ 365,94","R$ 38,56","R$ 327,38","R$ 180,96","R$ 146,42","44,72",,,,,,,
194,2023-04-25 00:00:00,2023,Abril,25,1834,Corporativo,Sudeste,SP,Eletrônicos,Teclado Mecânico,Loja Física,24,"R$ 1.756,44",9%,"R$ 42.154,63","R$ 3.732,15","R$ 38.422,48","R$ 20.388,81","R$ 18.033,67","46,94",,,,,,,
195,2023-04-25 00:00:00,2023,Abril,25,1865,Corporativo,Centro-Oeste,GO,Eletrônicos,Teclado Mecânico,E-commerce,25,"R$ 1.528,61",10%,"R$ 38.215,37","R$ 3.641,47","R$ 34.573,90","R$ 22.947,23","R$ 11.626,67","33,63",,,,,,,
196,2023-04-26 00:00:00,2023,Abril,26,1496,Consumidor Final,Sul,RS,Eletrônicos,Monitor Ultrawide,E-commerce,3,"R$ 414,60",10%,"R$ 1.243,79","R$ 125,14","R$ 1.118,65","R$ 656,31","R$ 462,34","41,33",,,,,,,
197,2023-04-26 00:00:00,2023,Abril,26,1776,Consumidor Final,Sudeste,MG,Eletrônicos,Headset Gamer,E-commerce,1,"R$ 245,28",1%,"R$ 245,28","R$ 2,46","R$ 242,82","R$ 133,39","R$ 109,43","45,07",,,,,,,
198,2023-04-26 00:00:00,2023,Abril,26,1258,Consumidor Final,Sudeste,MG,Eletrônicos,Teclado Mecânico,Loja Física,1,"R$ 362,09",2%,"R$ 362,09","R$ 6,12","R$ 355,98","R$ 188,54","R$ 167,44","47,04",,,,,,,
199,2023-04-27 00:00:00,2023,Abril,27,1484,Corporativo,Sul,SC,Eletrônicos,Mouse Gamer,Loja Física,9,"R$ 3.363,03",2%,"R$ 30.267,28","R$ 578,07","R$ 29.689,22","R$ 17.045,97","R$ 12.643,25","42,59",,,,,,,
200,2023-04-27 00:00:00,2023,Abril,27,1736,Pequenas Empresas,Nordeste,CE,Eletrônicos,Cadeira Gamer,Loja Física,5,"R$ 616,31",10%,"R$ 3.081,57","R$ 316,47","R$ 2.765,10","R$ 2.021,84","R$ 743,26","26,88",,,,,,,
201,2023-04-27 00:00:00,2023,Abril,27,1883,Pequenas Empresas,Sudeste,MG,Eletrônicos,Cadeira Gamer,Loja Física,5,"R$ 747,05",11%,"R$ 3.735,27","R$ 411,23","R$ 3.324,04","R$ 1.852,69","R$ 1.471,35","44,26",,,,,,,
202,2023-04-27 00:00:00,2023,Abril,27,1987,Pequenas Empresas,Centro-Oeste,GO,Eletrônicos,Monitor Ultrawide,E-commerce,14,"R$ 492,82",1%,"R$ 6.899,45","R$ 101,09","R$ 6.798,36","R$ 4.392,57","R$ 2.405,79","35,39",,,,,,,
203,2023-04-28 00:00:00,2023,Abril,28,1103,Consumidor Final,Sul,SC,Eletrônicos,Webcam 4K,Loja Física,1,"R$ 361,16",1%,"R$ 361,16","R$ 3,78","R$ 357,37","R$ 221,56","R$ 135,81","38,00",,,,,,,
204,2023-04-28 00:00:00,2023,Abril,28,1549,Corporativo,Sudeste,SP,Eletrônicos,Webcam 4K,Loja Física,19,"R$ 1.620,46",4%,"R$ 30.788,68","R$ 1.250,89","R$ 29.537,78","R$ 16.902,23","R$ 12.635,56","42,78",,,,,,,
205,2023-04-28 00:00:00,2023,Abril,28,1498,Pequenas Empresas,Sul,SC,Móveis,Mesa Gamer,Loja Física,3,"R$ 638,44",2%,"R$ 1.915,33","R$ 41,35","R$ 1.873,97","R$ 1.092,70","R$ 781,28","41,69",,,,,,,
206,2023-04-28 00:00:00,2023,Abril,28,1641,Corporativo,Sul,PR,Eletrônicos,Monitor Ultrawide,Loja Física,16,"R$ 1.441,06",6%,"R$ 23.056,94","R$ 1.495,08","R$ 21.561,86","R$ 13.085,74","R$ 8.476,12","39,31",,,,,,,
207,2023-04-30 00:00:00,2023,Abril,30,1993,Consumidor Final,Sudeste,RJ,Eletrônicos,Microfone Condensador,E-commerce,5,"R$ 287,31",3%,"R$ 1.436,55","R$ 47,37","R$ 1.389,18","R$ 774,99","R$ 614,19","44,21",,,,,,,
208,2023-04-30 00:00:00,2023,Abril,30,1301,Pequenas Empresas,Centro-Oeste,GO,Móveis,Mesa Gamer,Loja Física,4,"R$ 1.087,17",3%,"R$ 4.348,66","R$ 132,47","R$ 4.216,19","R$ 2.727,35","R$ 1.488,84","35,31",,,,,,,
209,2023-04-30 00:00:00,2023,Abril,30,1868,Consumidor Final,Sul,RS,Eletrônicos,Microfone Condensador,Loja Física,1,"R$ 213,60",8%,"R$ 213,60","R$ 17,58","R$ 196,02","R$ 117,94","R$ 78,08","39,83",,,,,,,
210,2023-04-30 00:00:00,2023,Abril,30,1531,Consumidor Final,Centro-Oeste,GO,Eletrônicos,Webcam 4K,Loja Física,1,"R$ 388,87",9%,"R$ 388,87","R$ 36,14","R$ 352,73","R$ 239,10","R$ 113,63","32,22",,,,,,,
211,2023-05-01 00:00:00,2023,Maio,1,1194,Consumidor Final,Centro-Oeste,GO,Eletrônicos,Monitor Ultrawide,Loja Física,2,"R$ 187,72",9%,"R$ 375,43","R$ 34,19","R$ 341,24","R$ 212,09","R$ 129,15","37,85",,,,,,,
212,2023-05-01 00:00:00,2023,Maio,1,1147,Consumidor Final,Nordeste,PE,Eletrônicos,Microfone Condensador,E-commerce,2,"R$ 209,76",11%,"R$ 419,53","R$ 45,28","R$ 374,25","R$ 274,24","R$ 100,02","26,72",,,,,,,
213,2023-05-01 00:00:00,2023,Maio,1,1104,Corporativo,Sul,SC,Eletrônicos,Monitor Ultrawide,E-commerce,41,"R$ 1.456,48",7%,"R$ 59.715,60","R$ 3.985,71","R$ 55.729,90","R$ 34.215,06","R$ 21.514,84","38,61",,,,,,,
214,2023-05-01 00:00:00,2023,Maio,1,1890,Pequenas Empresas,Sudeste,RJ,Eletrônicos,Monitor Ultrawide,Loja Física,7,"R$ 593,51",11%,"R$ 4.154,58","R$ 457,91","R$ 3.696,67","R$ 1.958,14","R$ 1.738,53","47,03",,,,,,,
215,2023-05-02 00:00:00,2023,Maio,2,1692,Consumidor Final,Nordeste,BA,Eletrônicos,Webcam 4K,Loja Física,1,"R$ 274,09",6%,"R$ 274,09","R$ 17,60","R$ 256,49","R$ 186,15","R$ 70,34","27,43",,,,,,,
216,2023-05-02 00:00:00,2023,Maio,2,1557,Consumidor Final,Sul,PR,Móveis,Mesa Gamer,Loja Física,1,"R$ 230,00",9%,"R$ 230,00","R$ 20,64","R$ 209,36","R$ 120,87","R$ 88,49","42,27",,,,,,,
217,2023-05-03 00:00:00,2023,Maio,3,1595,Pequenas Empresas,Sudeste,MG,Móveis,Mesa Gamer,E-commerce,6,"R$ 942,03",4%,"R$ 5.652,20","R$ 250,42","R$ 5.401,78","R$ 2.882,18","R$ 2.519,60","46,64",,,,,,,
218,2023-05-03 00:00:00,2023,Maio,3,1344,Consumidor Final,Nordeste,BA,Eletrônicos,Monitor Ultrawide,E-commerce,3,"R$ 407,14",7%,"R$ 1.221,42","R$ 89,52","R$ 1.131,90","R$ 843,74","R$ 288,16","25,46",,,,,,,
219,2023-05-04 00:00:00,2023,Maio,4,1824,Pequenas Empresas,Nordeste,PE,Eletrônicos,Teclado Mecânico,E-commerce,5,"R$ 496,17",4%,"R$ 2.480,83","R$ 97,28","R$ 2.383,55","R$ 1.785,15","R$ 598,40","25,11",,,,,,,
220,2023-05-05 00:00:00,2023,Maio,5,1040,Pequenas Empresas,Sudeste,MG,Eletrônicos,Headset Gamer,Loja Física,2,"R$ 991,22",3%,"R$ 1.982,44","R$ 68,51","R$ 1.913,93","R$ 1.036,37","R$ 877,56","45,85",,,,,,,
221,2023-05-05 00:00:00,2023,Maio,5,1430,Corporativo,Sudeste,SP,Eletrônicos,Webcam 4K,Loja Física,20,"R$ 1.889,54",8%,"R$ 37.790,82","R$ 3.065,23","R$ 34.725,59","R$ 18.111,08","R$ 16.614,52","47,85",,,,,,,
222,2023-05-06 00:00:00,2023,Maio,6,1310,Pequenas Empresas,Nordeste,BA,Eletrônicos,Headset Gamer,E-commerce,6,"R$ 837,57",10%,"R$ 5.025,42","R$ 508,94","R$ 4.516,48","R$ 3.223,10","R$ 1.293,38","28,64",,,,,,,
223,2023-05-06 00:00:00,2023,Maio,6,1671,Consumidor Final,Sul,RS,Eletrônicos,Headset Gamer,Loja Física,1,"R$ 269,40",4%,"R$ 269,40","R$ 11,67","R$ 257,73","R$ 161,35","R$ 96,38","37,39",,,,,,,
224,2023-05-07 00:00:00,2023,Maio,7,1472,Pequenas Empresas,Nordeste,BA,Móveis,Mesa Gamer,E-commerce,7,"R$ 882,63",6%,"R$ 6.178,43","R$ 383,52","R$ 5.794,91","R$ 4.325,42","R$ 1.469,49","25,36",,,,,,,
225,2023-05-10 00:00:00,2023,Maio,10,1850,Corporativo,Sul,PR,Móveis,Mesa Gamer,E-commerce,24,"R$ 3.402,92",11%,"R$ 81.670,00","R$ 9.285,85","R$ 72.384,14","R$ 42.191,89","R$ 30.192,25","41,71",,,,,,,
226,2023-05-11 00:00:00,2023,Maio,11,1118,Corporativo,Sudeste,RJ,Eletrônicos,Teclado Mecânico,E-commerce,52,"R$ 2.682,56",7%,"R$ 139.493,10","R$ 10.007,55","R$ 129.485,55","R$ 69.065,56","R$ 60.419,99","46,66",,,,,,4.0,Abril
227,2023-05-11 00:00:00,2023,Maio,11,1277,Corporativo,Centro-Oeste,GO,Eletrônicos,Headset Gamer,E-commerce,32,"R$ 2.625,39",11%,"R$ 84.012,46","R$ 9.121,09","R$ 74.891,38","R$ 47.119,28","R$ 27.772,09","37,08",,,,,,,
228,2023-05-12 00:00:00,2023,Maio,12,1819,Consumidor Final,Sudeste,RJ,Eletrônicos,Headset Gamer,E-commerce,4,"R$ 194,09",10%,"R$ 776,36","R$ 77,03","R$ 699,32","R$ 378,92","R$ 320,40","45,82",,,,,,,
229,2023-05-12 00:00:00,2023,Maio,12,1341,Pequenas Empresas,Sudeste,MG,Eletrônicos,Monitor Ultrawide,E-commerce,10,"R$ 914,26",10%,"R$ 9.142,55","R$ 905,89","R$ 8.236,67","R$ 4.309,06","R$ 3.927,60","47,68",,,,,,,
230,2023-05-12 00:00:00,2023,Maio,12,1620,Pequenas Empresas,Sudeste,MG,Móveis,Mesa Gamer,Loja Física,6,"R$ 775,99",11%,"R$ 4.655,94","R$ 502,45","R$ 4.153,50","R$ 2.232,66","R$ 1.920,84","46,25",,,,,,,
231,2023-05-12 00:00:00,2023,Maio,12,1349,Corporativo,Centro-Oeste,GO,Eletrônicos,Headset Gamer,E-commerce,37,"R$ 3.340,40",6%,"R$ 123.594,64","R$ 7.997,11","R$ 115.597,53","R$ 77.009,33","R$ 38.588,19","33,38",,,,,,,
232,2023-05-12 00:00:00,2023,Maio,12,1909,Consumidor Final,Sudeste,MG,Eletrônicos,Cadeira Gamer,E-commerce,1,"R$ 437,38",7%,"R$ 437,38","R$ 29,86","R$ 407,52","R$ 230,45","R$ 177,07","43,45",,,,,,,
233,2023-05-13 00:00:00,2023,Maio,13,1182,Pequenas Empresas,Sul,RS,Eletrônicos,Teclado Mecânico,E-commerce,12,"R$ 1.169,85",8%,"R$ 14.038,18","R$ 1.099,19","R$ 12.938,99","R$ 7.430,61","R$ 5.508,38","42,57",,,,,,,
234,2023-05-13 00:00:00,2023,Maio,13,1097,Pequenas Empresas,Nordeste,CE,Eletrônicos,Microfone Condensador,Loja Física,7,"R$ 837,26",6%,"R$ 5.860,83","R$ 337,64","R$ 5.523,19","R$ 4.127,85","R$ 1.395,35","25,26",,,,,,,
235,2023-05-14 00:00:00,2023,Maio,14,1187,Pequenas Empresas,Sudeste,MG,Eletrônicos,Cadeira Gamer,E-commerce,11,"R$ 785,07",11%,"R$ 8.635,73","R$ 939,09","R$ 7.696,65","R$ 4.152,64","R$ 3.544,01","46,05",,,,,,,
236,2023-05-14 00:00:00,2023,Maio,14,1363,Corporativo,Sudeste,SP,Eletrônicos,Cadeira Gamer,E-commerce,30,"R$ 3.024,23",10%,"R$ 90.726,86","R$ 9.428,00","R$ 81.298,86","R$ 45.972,99","R$ 35.325,87","43,45",,,,,,,
237,2023-05-14 00:00:00,2023,Maio,14,1560,Corporativo,Centro-Oeste,GO,Eletrônicos,Microfone Condensador,Loja Física,23,"R$ 2.664,04",6%,"R$ 61.272,89","R$ 3.970,85","R$ 57.302,05","R$ 37.567,20","R$ 19.734,85","34,44",,,,,,,
238,2023-05-14 00:00:00,2023,Maio,14,1306,Corporativo,Nordeste,BA,Eletrônicos,Webcam 4K,Loja Física,20,"R$ 1.796,95",6%,"R$ 35.938,92","R$ 2.086,96","R$ 33.851,97","R$ 24.183,38","R$ 9.668,58","28,56",,,,,,,
239,2023-05-14 00:00:00,2023,Maio,14,1847,Corporativo,Sul,RS,Eletrônicos,Webcam 4K,E-commerce,38,"R$ 3.456,71",3%,"R$ 131.354,94","R$ 4.060,42","R$ 127.294,52","R$ 74.141,97","R$ 53.152,55","41,76",,,,,,,
240,2023-05-14 00:00:00,2023,Maio,14,1268,Pequenas Empresas,Sul,RS,Eletrônicos,Teclado Mecânico,E-commerce,8,"R$ 958,65",5%,"R$ 7.669,19","R$ 410,09","R$ 7.259,10","R$ 4.158,20","R$ 3.100,90","42,72",,,,,,,
241,2023-05-15 00:00:00,2023,Maio,15,1930,Consumidor Final,Centro-Oeste,GO,Eletrônicos,Cadeira Gamer,Loja Física,1,"R$ 406,27",10%,"R$ 406,27","R$ 38,61","R$ 367,66","R$ 243,17","R$ 124,49","33,86",,,,,,,
242,2023-05-15 00:00:00,2023,Maio,15,1570,Pequenas Empresas,Nordeste,CE,Eletrônicos,Headset Gamer,E-commerce,8,"R$ 933,28",3%,"R$ 7.466,24","R$ 208,29","R$ 7.257,96","R$ 5.197,39","R$ 2.060,57","28,39",,,,,,,
243,2023-05-15 00:00:00,2023,Maio,15,1209,Consumidor Final,Sul,SC,Móveis,Mesa Gamer,E-commerce,3,"R$ 330,92",10%,"R$ 992,76","R$ 101,16","R$ 891,60","R$ 519,75","R$ 371,86","41,71",,,,,,,
244,2023-05-15 00:00:00,2023,Maio,15,1083,Consumidor Final,Nordeste,CE,Eletrônicos,Teclado Mecânico,E-commerce,2,"R$ 391,43",2%,"R$ 782,85","R$ 11,79","R$ 771,06","R$ 540,91","R$ 230,15","29,85",,,,,,,
245,2023-05-15 00:00:00,2023,Maio,15,1782,Corporativo,Nordeste,PE,Eletrônicos,Monitor Ultrawide,Loja Física,12,"R$ 3.059,03",4%,"R$ 36.708,40","R$ 1.391,99","R$ 35.316,41","R$ 25.966,44","R$ 9.349,96","26,47",,,,,,,
246,2023-05-15 00:00:00,2023,Maio,15,1444,Corporativo,Sudeste,RJ,Eletrônicos,Microfone Condensador,E-commerce,34,"R$ 2.723,60",2%,"R$ 92.602,34","R$ 2.133,12","R$ 90.469,22","R$ 50.904,03","R$ 39.565,18","43,73",,,,,,,
247,2023-05-15 00:00:00,2023,Maio,15,1611,Pequenas Empresas,Sul,RS,Eletrônicos,Cadeira Gamer,Loja Física,4,"R$ 1.163,88",6%,"R$ 4.655,51","R$ 299,88","R$ 4.355,63","R$ 2.610,05","R$ 1.745,58","40,08",,,,,,,
248,2023-05-16 00:00:00,2023,Maio,16,1703,Consumidor Final,Centro-Oeste,GO,Eletrônicos,Teclado Mecânico,E-commerce,4,"R$ 267,74",9%,"R$ 1.070,95","R$ 99,57","R$ 971,38","R$ 607,01","R$ 364,37","37,51",,,,,,,
249,2023-05-16 00:00:00,2023,Maio,16,1310,Corporativo,Sul,RS,Eletrônicos,Mouse Gamer,E-commerce,44,"R$ 2.630,69",12%,"R$ 115.750,40","R$ 13.793,82","R$ 101.956,58","R$ 61.869,36","R$ 40.087,23","39,32",,,,,,,
250,2023-05-16 00:00:00,2023,Maio,16,1990,Consumidor Final,Sudeste,MG,Eletrônicos,Mouse Gamer,E-commerce,3,"R$ 346,99",4%,"R$ 1.040,97","R$ 37,94","R$ 1.003,03","R$ 570,23","R$ 432,80","43,15",,,,,,,
251,2023-05-17 00:00:00,2023,Maio,17,1965,Pequenas Empresas,Sul,SC,Eletrônicos,Webcam 4K,E-commerce,12,"R$ 422,02",10%,"R$ 5.064,18","R$ 518,47","R$ 4.545,71","R$ 2.658,76","R$ 1.886,95","41,51",,,,,,,
252,2023-05-17 00:00:00,2023,Maio,17,1204,Corporativo,Sudeste,SP,Eletrônicos,Microfone Condensador,Loja Física,8,"R$ 1.603,01",11%,"R$ 12.824,08","R$ 1.350,95","R$ 11.473,13","R$ 6.459,96","R$ 5.013,17","43,69",,,,,,,
253,2023-05-18 00:00:00,2023,Maio,18,1649,Consumidor Final,Sul,PR,Móveis,Mesa Gamer,Loja Física,1,"R$ 365,75",7%,"R$ 365,75","R$ 26,32","R$ 339,43","R$ 205,13","R$ 134,29","39,57",,,,,,,
254,2023-05-18 00:00:00,2023,Maio,18,1541,Consumidor Final,Sul,SC,Eletrônicos,Headset Gamer,E-commerce,4,"R$ 234,75",5%,"R$ 939,00","R$ 45,86","R$ 893,14","R$ 514,76","R$ 378,37","42,36",,,,,,,
255,2023-05-18 00:00:00,2023,Maio,18,1311,Pequenas Empresas,Sul,PR,Móveis,Mesa Gamer,Loja Física,7,"R$ 735,56",10%,"R$ 5.148,91","R$ 493,47","R$ 4.655,44","R$ 2.799,87","R$ 1.855,56","39,86",,,,,,,
256,2023-05-20 00:00:00,2023,Maio,20,1515,Consumidor Final,Sudeste,SP,Móveis,Mesa Gamer,E-commerce,1,"R$ 327,34",3%,"R$ 327,34","R$ 9,98","R$ 317,36","R$ 177,76","R$ 139,61","43,99",,,,,,,
257,2023-05-20 00:00:00,2023,Maio,20,1011,Corporativo,Sudeste,SP,Móveis,Mesa Gamer,Loja Física,21,"R$ 1.363,66",2%,"R$ 28.636,95","R$ 503,75","R$ 28.133,20","R$ 14.729,22","R$ 13.403,98","47,64",,,,,,,
258,2023-05-20 00:00:00,2023,Maio,20,1647,Corporativo,Nordeste,BA,Eletrônicos,Microfone Condensador,E-commerce,21,"R$ 1.418,62",10%,"R$ 29.791,06","R$ 3.007,17","R$ 26.783,89","R$ 20.011,36","R$ 6.772,53","25,29",,,,,,,
259,2023-05-20 00:00:00,2023,Maio,20,1442,Pequenas Empresas,Nordeste,CE,Móveis,Mesa Gamer,E-commerce,13,"R$ 1.016,90",8%,"R$ 13.219,68","R$ 1.084,17","R$ 12.135,51","R$ 8.991,25","R$ 3.144,26","25,91",,,,,,,
260,2023-05-20 00:00:00,2023,Maio,20,1901,Consumidor Final,Sudeste,MG,Eletrônicos,Monitor Ultrawide,E-commerce,5,"R$ 163,62",4%,"R$ 818,10","R$ 34,28","R$ 783,82","R$ 410,83","R$ 372,99","47,59",,,,,,,
261,2023-05-20 00:00:00,2023,Maio,20,1225,Pequenas Empresas,Nordeste,PE,Eletrônicos,Microfone Condensador,E-commerce,11,"R$ 1.012,44",1%,"R$ 11.136,81","R$ 111,38","R$ 11.025,43","R$ 7.993,50","R$ 3.031,93","27,50",,,,,,,
262,2023-05-21 00:00:00,2023,Maio,21,1141,Pequenas Empresas,Nordeste,CE,Eletrônicos,Monitor Ultrawide,Loja Física,6,"R$ 978,50",3%,"R$ 5.871,02","R$ 188,23","R$ 5.682,78","R$ 4.192,67","R$ 1.490,11","26,22",,,,,,,
263,2023-05-21 00:00:00,2023,Maio,21,1826,Pequenas Empresas,Nordeste,BA,Eletrônicos,Microfone Condensador,Loja Física,4,"R$ 584,33",1%,"R$ 2.337,33","R$ 23,75","R$ 2.313,58","R$ 1.633,94","R$ 679,64","29,38",,,,,,,
264,2023-05-21 00:00:00,2023,Maio,21,1562,Corporativo,Sudeste,MG,Eletrônicos,Webcam 4K,E-commerce,30,"R$ 2.882,97",8%,"R$ 86.489,01","R$ 6.959,76","R$ 79.529,24","R$ 44.142,18","R$ 35.387,06","44,50",,,,,,,
265,2023-05-22 00:00:00,2023,Maio,22,1773,Consumidor Final,Sul,SC,Eletrônicos,Teclado Mecânico,E-commerce,3,"R$ 240,88",5%,"R$ 722,64","R$ 33,08","R$ 689,55","R$ 404,94","R$ 284,62","41,28",,,,,,,
266,2023-05-23 00:00:00,2023,Maio,23,1961,Consumidor Final,Sul,SC,Eletrônicos,Mouse Gamer,E-commerce,3,"R$ 187,61",5%,"R$ 562,82","R$ 26,49","R$ 536,33","R$ 305,72","R$ 230,61","43,00",,,,,,,
267,2023-05-23 00:00:00,2023,Maio,23,1609,Pequenas Empresas,Nordeste,PE,Móveis,Mesa Gamer,E-commerce,13,"R$ 714,56",7%,"R$ 9.289,23","R$ 696,42","R$ 8.592,82","R$ 6.103,81","R$ 2.489,00","28,97",,,,,,,
268,2023-05-23 00:00:00,2023,Maio,23,1935,Pequenas Empresas,Nordeste,PE,Eletrônicos,Webcam 4K,E-commerce,6,"R$ 967,46",3%,"R$ 5.804,74","R$ 164,89","R$ 5.639,85","R$ 3.965,73","R$ 1.674,12","29,68",,,,,,,
269,2023-05-24 00:00:00,2023,Maio,24,1658,Corporativo,Sudeste,MG,Eletrônicos,Teclado Mecânico,E-commerce,35,"R$ 2.645,40",6%,"R$ 92.588,94","R$ 5.833,61","R$ 86.755,34","R$ 48.435,28","R$ 38.320,06","44,17",,,,,,,
270,2023-05-24 00:00:00,2023,Maio,24,1508,Corporativo,Sul,RS,Eletrônicos,Mouse Gamer,E-commerce,46,"R$ 2.843,18",9%,"R$ 130.786,08","R$ 12.227,27","R$ 118.558,81","R$ 73.962,80","R$ 44.596,01","37,62",,,,,,,
271,2023-05-24 00:00:00,2023,Maio,24,1417,Consumidor Final,Sudeste,MG,Eletrônicos,Cadeira Gamer,E-commerce,1,"R$ 201,63",12%,"R$ 201,63","R$ 23,58","R$ 178,04","R$ 98,47","R$ 79,57","44,69",,,,,,,
272,2023-05-25 00:00:00,2023,Maio,25,1386,Consumidor Final,Sul,PR,Eletrônicos,Headset Gamer,Loja Física,1,"R$ 364,30",6%,"R$ 364,30","R$ 22,15","R$ 342,15","R$ 196,65","R$ 145,50","42,53",,,,,,,
273,2023-05-25 00:00:00,2023,Maio,25,1831,Corporativo,Sudeste,MG,Eletrônicos,Monitor Ultrawide,Loja Física,14,"R$ 3.156,08",5%,"R$ 44.185,19","R$ 2.116,76","R$ 42.068,43","R$ 24.321,80","R$ 17.746,63","42,19",,,,,,,
274,2023-05-25 00:00:00,2023,Maio,25,1272,Consumidor Final,Nordeste,CE,Eletrônicos,Cadeira Gamer,E-commerce,1,"R$ 253,60",5%,"R$ 253,60","R$ 11,90","R$ 241,70","R$ 167,09","R$ 74,62","30,87",,,,,,,
275,2023-05-26 00:00:00,2023,Maio,26,1310,Pequenas Empresas,Sudeste,MG,Eletrônicos,Microfone Condensador,Loja Física,3,"R$ 981,65",7%,"R$ 2.944,94","R$ 211,53","R$ 2.733,41","R$ 1.430,05","R$ 1.303,36","47,68",,,,,,,
276,2023-05-26 00:00:00,2023,Maio,26,1220,Consumidor Final,Centro-Oeste,GO,Eletrônicos,Mouse Gamer,Loja Física,2,"R$ 294,75",7%,"R$ 589,50","R$ 38,75","R$ 550,75","R$ 361,71","R$ 189,04","34,32",,,,,,,
277,2023-05-26 00:00:00,2023,Maio,26,1628,Corporativo,Nordeste,CE,Eletrônicos,Cadeira Gamer,Loja Física,24,"R$ 1.257,94",10%,"R$ 30.190,68","R$ 3.088,20","R$ 27.102,48","R$ 20.308,29","R$ 6.794,19","25,07",,,,,,,
278,2023-05-27 00:00:00,2023,Maio,27,1381,Consumidor Final,Nordeste,PE,Eletrônicos,Headset Gamer,E-commerce,3,"R$ 402,98",2%,"R$ 1.208,95","R$ 25,06","R$ 1.183,89","R$ 848,21","R$ 335,68","28,35",,,,,,,
279,2023-05-28 00:00:00,2023,Maio,28,1278,Corporativo,Nordeste,CE,Eletrônicos,Webcam 4K,E-commerce,26,"R$ 2.456,79",12%,"R$ 63.876,53","R$ 7.433,56","R$ 56.442,97","R$ 42.157,25","R$ 14.285,72","25,31",,,,,,,
280,2023-05-28 00:00:00,2023,Maio,28,1633,Corporativo,Nordeste,CE,Eletrônicos,Mouse Gamer,Loja Física,20,"R$ 3.184,07",3%,"R$ 63.681,46","R$ 1.892,49","R$ 61.788,97","R$ 43.375,84","R$ 18.413,13","29,80",,,,,,,
281,2023-05-29 00:00:00,2023,Maio,29,1223,Corporativo,Sudeste,RJ,Eletrônicos,Cadeira Gamer,E-commerce,36,"R$ 1.721,47",11%,"R$ 61.973,03","R$ 6.614,23","R$ 55.358,80","R$ 29.421,69","R$ 25.937,11","46,85",,,,,,,
282,2023-05-29 00:00:00,2023,Maio,29,1967,Pequenas Empresas,Sul,SC,Eletrônicos,Monitor Ultrawide,E-commerce,11,"R$ 632,04",11%,"R$ 6.952,40","R$ 735,95","R$ 6.216,45","R$ 3.665,45","R$ 2.551,00","41,04",,,,,,,
283,2023-05-29 00:00:00,2023,Maio,29,1769,Pequenas Empresas,Sudeste,SP,Eletrônicos,Monitor Ultrawide,Loja Física,7,"R$ 899,90",7%,"R$ 6.299,29","R$ 459,17","R$ 5.840,13","R$ 3.095,44","R$ 2.744,68","47,00",,,,,,,
284,2023-05-29 00:00:00,2023,Maio,29,1830,Corporativo,Nordeste,BA,Eletrônicos,Teclado Mecânico,E-commerce,50,"R$ 1.769,27",3%,"R$ 88.463,66","R$ 2.468,99","R$ 85.994,67","R$ 63.531,58","R$ 22.463,09","26,12",,,,,,,
285,2023-05-31 00:00:00,2023,Maio,31,1179,Corporativo,Centro-Oeste,GO,Eletrônicos,Cadeira Gamer,E-commerce,28,"R$ 1.640,28",6%,"R$ 45.927,94","R$ 2.538,99","R$ 43.388,95","R$ 27.070,38","R$ 16.318,57","37,61",,,,,,,
286,2023-06-01 00:00:00,2023,Junho,1,1117,Pequenas Empresas,Sul,PR,Móveis,Mesa Gamer,Loja Física,5,"R$ 723,62",2%,"R$ 3.618,11","R$ 63,39","R$ 3.554,72","R$ 2.072,31","R$ 1.482,41","41,70",,,,,,,
287,2023-06-01 00:00:00,2023,Junho,1,1157,Corporativo,Sudeste,SP,Eletrônicos,Cadeira Gamer,Loja Física,18,"R$ 1.966,96",8%,"R$ 35.405,35","R$ 2.992,80","R$ 32.412,55","R$ 18.659,04","R$ 13.753,51","42,43",,,,,,,
288,2023-06-02 00:00:00,2023,Junho,2,1274,Corporativo,Sudeste,MG,Eletrônicos,Webcam 4K,E-commerce,25,"R$ 3.372,23",8%,"R$ 84.305,79","R$ 6.794,27","R$ 77.511,52","R$ 41.833,84","R$ 35.677,68","46,03",,,,,,,
289,2023-06-02 00:00:00,2023,Junho,2,1096,Corporativo,Nordeste,PE,Eletrônicos,Mouse Gamer,E-commerce,40,"R$ 2.996,29",10%,"R$ 119.851,62","R$ 11.551,25","R$ 108.300,37","R$ 77.319,30","R$ 30.981,07","28,61",,,,,,,
290,2023-06-02 00:00:00,2023,Junho,2,1558,Consumidor Final,Sul,PR,Eletrônicos,Mouse Gamer,Loja Física,1,"R$ 432,38",11%,"R$ 432,38","R$ 47,83","R$ 384,55","R$ 242,00","R$ 142,55","37,07",,,,,,,
291,2023-06-03 00:00:00,2023,Junho,3,1923,Corporativo,Sul,PR,Eletrônicos,Webcam 4K,E-commerce,32,"R$ 1.612,54",12%,"R$ 51.601,24","R$ 6.025,70","R$ 45.575,54","R$ 28.402,76","R$ 17.172,78","37,68",,,,,,,
292,2023-06-03 00:00:00,2023,Junho,3,1128,Pequenas Empresas,Sudeste,RJ,Eletrônicos,Cadeira Gamer,Loja Física,5,"R$ 551,85",7%,"R$ 2.759,26","R$ 204,30","R$ 2.554,97","R$ 1.450,54","R$ 1.104,43","43,23",,,,,,,
293,2023-06-04 00:00:00,2023,Junho,4,1111,Pequenas Empresas,Nordeste,BA,Eletrônicos,Webcam 4K,E-commerce,9,"R$ 884,39",7%,"R$ 7.959,48","R$ 532,07","R$ 7.427,41","R$ 5.240,71","R$ 2.186,70","29,44",,,,,,,
294,2023-06-04 00:00:00,2023,Junho,4,1587,Consumidor Final,Nordeste,PE,Eletrônicos,Headset Gamer,Loja Física,1,"R$ 356,93",3%,"R$ 356,93","R$ 9,22","R$ 347,71","R$ 248,36","R$ 99,35","28,57",,,,,,,
295,2023-06-04 00:00:00,2023,Junho,4,1504,Corporativo,Sul,SC,Eletrônicos,Microfone Condensador,Loja Física,16,"R$ 3.388,27",4%,"R$ 54.212,37","R$ 2.314,98","R$ 51.897,40","R$ 32.408,68","R$ 19.488,72","37,55",,,,,,,
296,2023-06-04 00:00:00,2023,Junho,4,1984,Pequenas Empresas,Nordeste,CE,Eletrônicos,Webcam 4K,E-commerce,11,"R$ 473,68",7%,"R$ 5.210,44","R$ 369,27","R$ 4.841,17","R$ 3.444,50","R$ 1.396,67","28,85",,,,,,,
297,2023-06-04 00:00:00,2023,Junho,4,1181,Pequenas Empresas,Sul,PR,Eletrônicos,Monitor Ultrawide,E-commerce,14,"R$ 600,71",8%,"R$ 8.410,00","R$ 709,49","R$ 7.700,51","R$ 4.524,84","R$ 3.175,67","41,24",,,,,,,
298,2023-06-05 00:00:00,2023,Junho,5,1928,Pequenas Empresas,Sul,PR,Eletrônicos,Webcam 4K,Loja Física,3,"R$ 820,60",4%,"R$ 2.461,81","R$ 92,19","R$ 2.369,63","R$ 1.492,58","R$ 877,05","37,01",,,,,,,
299,2023-06-05 00:00:00,2023,Junho,5,1199,Pequenas Empresas,Sul,RS,Eletrônicos,Mouse Gamer,Loja Física,3,"R$ 484,72",3%,"R$ 1.454,17","R$ 39,31","R$ 1.414,87","R$ 811,17","R$ 603,70","42,67",,,,,,,
300,2023-06-06 00:00:00,2023,Junho,6,1217,Corporativo,Sul,RS,Eletrônicos,Monitor Ultrawide,Loja Física,22,"R$ 1.215,37",9%,"R$ 26.738,12","R$ 2.538,87","R$ 24.199,25","R$ 14.337,76","R$ 9.861,49","40,75",,,,,,,
301,2023-06-07 00:00:00,2023,Junho,7,1697,Pequenas Empresas,Sul,PR,Eletrônicos,Mouse Gamer,E-commerce,11,"R$ 726,52",1%,"R$ 7.991,73","R$ 93,45","R$ 7.898,28","R$ 4.699,67","R$ 3.198,61","40,50",,,,,,,
302,2023-06-07 00:00:00,2023,Junho,7,1516,Consumidor Final,Sudeste,SP,Eletrônicos,Teclado Mecânico,Loja Física,2,"R$ 437,27",5%,"R$ 874,55","R$ 47,13","R$ 827,42","R$ 438,21","R$ 389,21","47,04",,,,,,,
303,2023-06-07 00:00:00,2023,Junho,7,1504,Corporativo,Nordeste,PE,Móveis,Mesa Gamer,Loja Física,11,"R$ 3.447,12",2%,"R$ 37.918,28","R$ 804,18","R$ 37.114,10","R$ 27.817,04","R$ 9.297,05","25,05",,,,,,,
304,2023-06-07 00:00:00,2023,Junho,7,1743,Corporativo,Sudeste,MG,Eletrônicos,Mouse Gamer,E-commerce,21,"R$ 3.247,13",2%,"R$ 68.189,75","R$ 1.314,23","R$ 66.875,52","R$ 35.548,93","R$ 31.326,59","46,84",,,,,,,
305,2023-06-08 00:00:00,2023,Junho,8,1160,Consumidor Final,Sudeste,MG,Eletrônicos,Monitor Ultrawide,E-commerce,1,"R$ 303,82",6%,"R$ 303,82","R$ 17,69","R$ 286,13","R$ 148,85","R$ 137,28","47,98",,,,,,,
306,2023-06-08 00:00:00,2023,Junho,8,1515,Consumidor Final,Sudeste,MG,Eletrônicos,Teclado Mecânico,E-commerce,4,"R$ 341,31",4%,"R$ 1.365,23","R$ 50,00","R$ 1.315,23","R$ 706,48","R$ 608,74","46,28",,,,,,,
307,2023-06-08 00:00:00,2023,Junho,8,1672,Consumidor Final,Nordeste,PE,Eletrônicos,Mouse Gamer,Loja Física,1,"R$ 395,51",2%,"R$ 395,51","R$ 6,13","R$ 389,38","R$ 270,74","R$ 118,64","30,47",,,,,,,
308,2023-06-08 00:00:00,2023,Junho,8,1617,Corporativo,Sudeste,SP,Eletrônicos,Headset Gamer,Loja Física,7,"R$ 1.693,13",4%,"R$ 11.851,94","R$ 471,57","R$ 11.380,37","R$ 6.431,58","R$ 4.948,80","43,49",,,,,,,
309,2023-06-09 00:00:00,2023,Junho,9,1077,Pequenas Empresas,Sul,PR,Eletrônicos,Webcam 4K,Loja Física,4,"R$ 739,82",3%,"R$ 2.959,27","R$ 99,69","R$ 2.859,58","R$ 1.699,09","R$ 1.160,49","40,58",,,,,,,
310,2023-06-09 00:00:00,2023,Junho,9,1059,Corporativo,Nordeste,BA,Móveis,Mesa Gamer,E-commerce,43,"R$ 1.965,98",11%,"R$ 84.537,15","R$ 9.074,73","R$ 75.462,42","R$ 54.861,40","R$ 20.601,02","27,30",,,,,,,
311,2023-06-09 00:00:00,2023,Junho,9,1839,Pequenas Empresas,Centro-Oeste,GO,Eletrônicos,Mouse Gamer,E-commerce,12,"R$ 1.029,42",5%,"R$ 12.352,99","R$ 663,59","R$ 11.689,39","R$ 7.588,56","R$ 4.100,83","35,08",,,,,,,
312,2023-06-10 00:00:00,2023,Junho,10,1104,Corporativo,Sudeste,MG,Eletrônicos,Teclado Mecânico,Loja Física,16,"R$ 1.870,44",9%,"R$ 29.927,04","R$ 2.836,54","R$ 27.090,51","R$ 15.017,63","R$ 12.072,88","44,56",,,,,,,
313,2023-06-10 00:00:00,2023,Junho,10,1435,Pequenas Empresas,Sul,PR,Eletrônicos,Headset Gamer,Loja Física,3,"R$ 830,67",4%,"R$ 2.492,00","R$ 98,62","R$ 2.393,38","R$ 1.454,92","R$ 938,46","39,21",,,,,,,
314,2023-06-10 00:00:00,2023,Junho,10,1821,Corporativo,Nordeste,BA,Eletrônicos,Cadeira Gamer,Loja Física,17,"R$ 1.280,52",10%,"R$ 21.768,81","R$ 2.103,11","R$ 19.665,70","R$ 14.263,92","R$ 5.401,78","27,47",,,,,,,
315,2023-06-11 00:00:00,2023,Junho,11,1584,Consumidor Final,Sul,RS,Eletrônicos,Teclado Mecânico,E-commerce,5,"R$ 361,64",6%,"R$ 1.808,19","R$ 103,13","R$ 1.705,06","R$ 1.028,91","R$ 676,15","39,66",,,,,,,
316,2023-06-11 00:00:00,2023,Junho,11,1482,Consumidor Final,Sudeste,SP,Eletrônicos,Webcam 4K,Loja Física,1,"R$ 385,20",6%,"R$ 385,20","R$ 21,62","R$ 363,57","R$ 199,96","R$ 163,61","45,00",,,,,,,
317,2023-06-11 00:00:00,2023,Junho,11,1549,Consumidor Final,Nordeste,PE,Eletrônicos,Teclado Mecânico,E-commerce,3,"R$ 156,57",4%,"R$ 469,72","R$ 20,25","R$ 449,47","R$ 323,55","R$ 125,92","28,02",,,,,,,
318,2023-06-11 00:00:00,2023,Junho,11,1041,Corporativo,Sudeste,SP,Eletrônicos,Headset Gamer,E-commerce,19,"R$ 1.683,07",4%,"R$ 31.978,28","R$ 1.308,37","R$ 30.669,92","R$ 16.476,57","R$ 14.193,35","46,28",,,,,,,
319,2023-06-12 00:00:00,2023,Junho,12,1763,Consumidor Final,Sul,RS,Eletrônicos,Teclado Mecânico,Loja Física,1,"R$ 228,07",3%,"R$ 228,07","R$ 6,28","R$ 221,79","R$ 137,59","R$ 84,20","37,96",,,,,,,
320,2023-06-12 00:00:00,2023,Junho,12,1963,Corporativo,Sudeste,MG,Eletrônicos,Headset Gamer,Loja Física,13,"R$ 3.367,82",9%,"R$ 43.781,69","R$ 4.034,28","R$ 39.747,40","R$ 21.335,06","R$ 18.412,35","46,32",,,,,,,
321,2023-06-12 00:00:00,2023,Junho,12,1363,Consumidor Final,Nordeste,BA,Eletrônicos,Mouse Gamer,E-commerce,5,"R$ 183,13",4%,"R$ 915,65","R$ 38,28","R$ 877,36","R$ 641,71","R$ 235,65","26,86",,,,,,,
322,2023-06-13 00:00:00,2023,Junho,13,1333,Pequenas Empresas,Sudeste,MG,Eletrônicos,Microfone Condensador,Loja Física,3,"R$ 828,44",5%,"R$ 2.485,33","R$ 122,42","R$ 2.362,91","R$ 1.320,33","R$ 1.042,58","44,12",,,,,,,
323,2023-06-13 00:00:00,2023,Junho,13,1578,Consumidor Final,Sudeste,MG,Eletrônicos,Headset Gamer,E-commerce,1,"R$ 398,44",3%,"R$ 398,44","R$ 13,45","R$ 384,98","R$ 204,59","R$ 180,39","46,86",,,,,,,
324,2023-06-13 00:00:00,2023,Junho,13,1727,Corporativo,Sul,RS,Eletrônicos,Headset Gamer,Loja Física,20,"R$ 2.015,18",7%,"R$ 40.303,55","R$ 2.644,71","R$ 37.658,84","R$ 21.598,58","R$ 16.060,26","42,65",,,,,,,
325,2023-06-14 00:00:00,2023,Junho,14,1553,Corporativo,Sudeste,RJ,Móveis,Mesa Gamer,Loja Física,17,"R$ 1.378,57",10%,"R$ 23.435,75","R$ 2.371,13","R$ 21.064,62","R$ 11.776,53","R$ 9.288,10","44,09",,,,,,,
326,2023-06-14 00:00:00,2023,Junho,14,1636,Corporativo,Nordeste,PE,Eletrônicos,Headset Gamer,Loja Física,12,"R$ 2.756,96",10%,"R$ 33.083,57","R$ 3.380,15","R$ 29.703,42","R$ 20.747,07","R$ 8.956,35","30,15",,,,,,,
327,2023-06-14 00:00:00,2023,Junho,14,1366,Pequenas Empresas,Nordeste,CE,Eletrônicos,Headset Gamer,Loja Física,3,"R$ 410,60",4%,"R$ 1.231,80","R$ 52,42","R$ 1.179,38","R$ 852,04","R$ 327,34","27,76",,,,,,,
328,2023-06-14 00:00:00,2023,Junho,14,1155,Pequenas Empresas,Sudeste,RJ,Eletrônicos,Cadeira Gamer,E-commerce,13,"R$ 707,84",6%,"R$ 9.201,96","R$ 587,37","R$ 8.614,58","R$ 4.774,40","R$ 3.840,18","44,58",,,,,,,
329,2023-06-15 00:00:00,2023,Junho,15,1349,Pequenas Empresas,Nordeste,PE,Eletrônicos,Microfone Condensador,Loja Física,6,"R$ 974,99",9%,"R$ 5.849,95","R$ 529,80","R$ 5.320,15","R$ 3.825,74","R$ 1.494,41","28,09",,,,,,,
330,2023-06-16 00:00:00,2023,Junho,16,1421,Corporativo,Centro-Oeste,GO,Eletrônicos,Mouse Gamer,E-commerce,16,"R$ 1.994,03",6%,"R$ 31.904,46","R$ 1.772,68","R$ 30.131,78","R$ 19.165,48","R$ 10.966,31","36,39",,,,,,,
331,2023-06-16 00:00:00,2023,Junho,16,1189,Pequenas Empresas,Sul,SC,Eletrônicos,Webcam 4K,E-commerce,8,"R$ 683,42",2%,"R$ 5.467,34","R$ 118,03","R$ 5.349,31","R$ 3.298,70","R$ 2.050,61","38,33",,,,,,,
332,2023-06-17 00:00:00,2023,Junho,17,1145,Consumidor Final,Nordeste,PE,Móveis,Mesa Gamer,E-commerce,4,"R$ 223,61",2%,"R$ 894,42","R$ 14,62","R$ 879,80","R$ 639,21","R$ 240,59","27,35",,,,,,,
333,2023-06-17 00:00:00,2023,Junho,17,1923,Pequenas Empresas,Sudeste,RJ,Eletrônicos,Cadeira Gamer,E-commerce,12,"R$ 1.167,89",8%,"R$ 14.014,68","R$ 1.090,24","R$ 12.924,44","R$ 7.064,33","R$ 5.860,10","45,34",,,,,,,
334,2023-06-17 00:00:00,2023,Junho,17,1752,Corporativo,Centro-Oeste,GO,Eletrônicos,Monitor Ultrawide,Loja Física,8,"R$ 2.444,08",9%,"R$ 19.552,65","R$ 1.693,40","R$ 17.859,25","R$ 11.391,90","R$ 6.467,35","36,21",,,,,,,
335,2023-06-18 00:00:00,2023,Junho,18,1381,Consumidor Final,Sul,PR,Eletrônicos,Microfone Condensador,Loja Física,1,"R$ 248,27",7%,"R$ 248,27","R$ 17,41","R$ 230,85","R$ 137,47","R$ 93,39","40,45",,,,,,,
336,2023-06-19 00:00:00,2023,Junho,19,1861,Consumidor Final,Nordeste,CE,Eletrônicos,Mouse Gamer,Loja Física,1,"R$ 184,62",8%,"R$ 184,62","R$ 14,15","R$ 170,47","R$ 126,66","R$ 43,82","25,70",,,,,,,
337,2023-06-20 00:00:00,2023,Junho,20,1936,Pequenas Empresas,Sul,RS,Eletrônicos,Mouse Gamer,Loja Física,3,"R$ 809,83",2%,"R$ 2.429,48","R$ 54,84","R$ 2.374,65","R$ 1.387,06","R$ 987,59","41,59",,,,,,,
338,2023-06-20 00:00:00,2023,Junho,20,1481,Corporativo,Sudeste,SP,Eletrônicos,Monitor Ultrawide,E-commerce,45,"R$ 3.388,32",10%,"R$ 152.474,25","R$ 14.548,15","R$ 137.926,10","R$ 74.937,98","R$ 62.988,12","45,67",,,,,,,
339,2023-06-21 00:00:00,2023,Junho,21,1075,Pequenas Empresas,Nordeste,BA,Eletrônicos,Webcam 4K,Loja Física,5,"R$ 779,40",7%,"R$ 3.897,02","R$ 279,32","R$ 3.617,70","R$ 2.576,87","R$ 1.040,83","28,77",,,,,,,
340,2023-06-21 00:00:00,2023,Junho,21,1088,Consumidor Final,Sudeste,MG,Eletrônicos,Headset Gamer,E-commerce,1,"R$ 369,39",9%,"R$ 369,39","R$ 32,03","R$ 337,37","R$ 180,44","R$ 156,93","46,52",,,,,,10.0,Outubro
341,2023-06-21 00:00:00,2023,Junho,21,1538,Corporativo,Centro-Oeste,GO,Eletrônicos,Cadeira Gamer,E-commerce,41,"R$ 1.667,90",2%,"R$ 68.384,06","R$ 1.642,07","R$ 66.741,99","R$ 44.241,23","R$ 22.500,76","33,71",,,,,,,
342,2023-06-22 00:00:00,2023,Junho,22,1390,Corporativo,Nordeste,BA,Eletrônicos,Teclado Mecânico,Loja Física,9,"R$ 2.130,51",6%,"R$ 19.174,57","R$ 1.213,33","R$ 17.961,24","R$ 13.456,53","R$ 4.504,72","25,08",,,,,,,
343,2023-06-22 00:00:00,2023,Junho,22,1000,Corporativo,Nordeste,CE,Móveis,Mesa Gamer,Loja Física,13,"R$ 1.235,67",4%,"R$ 16.063,70","R$ 656,96","R$ 15.406,74","R$ 11.362,82","R$ 4.043,92","26,25",,,,,,,
344,2023-06-23 00:00:00,2023,Junho,23,1159,Corporativo,Sul,SC,Eletrônicos,Teclado Mecânico,E-commerce,22,"R$ 2.095,63",7%,"R$ 46.103,89","R$ 3.208,54","R$ 42.895,35","R$ 24.532,54","R$ 18.362,81","42,81",,,,,,,
345,2023-06-23 00:00:00,2023,Junho,23,1208,Pequenas Empresas,Nordeste,CE,Eletrônicos,Monitor Ultrawide,Loja Física,2,"R$ 1.185,37",6%,"R$ 2.370,73","R$ 141,18","R$ 2.229,55","R$ 1.603,49","R$ 626,06","28,08",,,,,,,
346,2023-06-23 00:00:00,2023,Junho,23,1558,Corporativo,Sudeste,RJ,Eletrônicos,Mouse Gamer,Loja Física,18,"R$ 1.938,67",3%,"R$ 34.896,11","R$ 1.193,87","R$ 33.702,24","R$ 18.838,50","R$ 14.863,74","44,10",,,,,,,
347,2023-06-23 00:00:00,2023,Junho,23,1135,Consumidor Final,Sudeste,RJ,Eletrônicos,Webcam 4K,E-commerce,4,"R$ 361,99",5%,"R$ 1.447,96","R$ 74,13","R$ 1.373,84","R$ 766,37","R$ 607,47","44,22",,,,,,,
348,2023-06-24 00:00:00,2023,Junho,24,1575,Pequenas Empresas,Sul,RS,Eletrônicos,Mouse Gamer,Loja Física,3,"R$ 1.143,43",5%,"R$ 3.430,29","R$ 177,40","R$ 3.252,89","R$ 1.887,06","R$ 1.365,83","41,99",,,,,,,
349,2023-06-24 00:00:00,2023,Junho,24,1663,Pequenas Empresas,Sudeste,MG,Móveis,Mesa Gamer,Loja Física,3,"R$ 404,25",10%,"R$ 1.212,75","R$ 119,45","R$ 1.093,30","R$ 583,42","R$ 509,88","46,64",,,,,,,
350,2023-06-24 00:00:00,2023,Junho,24,1685,Consumidor Final,Sudeste,MG,Eletrônicos,Mouse Gamer,E-commerce,1,"R$ 324,30",6%,"R$ 324,30","R$ 18,44","R$ 305,86","R$ 167,34","R$ 138,52","45,29",,,,,,,
351,2023-06-24 00:00:00,2023,Junho,24,1604,Corporativo,Sudeste,SP,Eletrônicos,Mouse Gamer,E-commerce,28,"R$ 2.758,19",9%,"R$ 77.229,29","R$ 7.215,93","R$ 70.013,35","R$ 40.546,29","R$ 29.467,06","42,09",,,,,,,
352,2023-06-24 00:00:00,2023,Junho,24,1771,Corporativo,Sudeste,MG,Móveis,Mesa Gamer,Loja Física,15,"R$ 2.907,18",3%,"R$ 43.607,73","R$ 1.250,97","R$ 42.356,76","R$ 24.071,41","R$ 18.285,35","43,17",,,,,,,
353,2023-06-24 00:00:00,2023,Junho,24,1775,Pequenas Empresas,Sul,RS,Eletrônicos,Cadeira Gamer,E-commerce,13,"R$ 526,94",4%,"R$ 6.850,26","R$ 263,09","R$ 6.587,17","R$ 3.910,64","R$ 2.676,53","40,63",,,,,,,
354,2023-06-25 00:00:00,2023,Junho,25,1452,Consumidor Final,Centro-Oeste,GO,Eletrônicos,Cadeira Gamer,Loja Física,1,"R$ 416,74",7%,"R$ 416,74","R$ 30,70","R$ 386,04","R$ 247,86","R$ 138,18","35,79",,,,,,,
355,2023-06-26 00:00:00,2023,Junho,26,1912,Corporativo,Sudeste,RJ,Móveis,Mesa Gamer,Loja Física,13,"R$ 2.154,43",9%,"R$ 28.007,64","R$ 2.476,03","R$ 25.531,61","R$ 14.216,70","R$ 11.314,91","44,32",,,,,,,
356,2023-06-26 00:00:00,2023,Junho,26,1048,Consumidor Final,Sul,SC,Eletrônicos,Webcam 4K,Loja Física,1,"R$ 222,45",3%,"R$ 222,45","R$ 7,48","R$ 214,97","R$ 129,95","R$ 85,02","39,55",,,,,,,
357,2023-06-26 00:00:00,2023,Junho,26,1112,Pequenas Empresas,Nordeste,CE,Eletrônicos,Monitor Ultrawide,Loja Física,6,"R$ 996,60",7%,"R$ 5.979,62","R$ 426,78","R$ 5.552,84","R$ 3.969,84","R$ 1.583,00","28,51",,,,,,,
358,2023-06-26 00:00:00,2023,Junho,26,1064,Pequenas Empresas,Sul,SC,Eletrônicos,Microfone Condensador,E-commerce,8,"R$ 1.057,46",8%,"R$ 8.459,72","R$ 698,32","R$ 7.761,40","R$ 4.518,89","R$ 3.242,52","41,78",,,,,,,
359,2023-06-26 00:00:00,2023,Junho,26,1573,Consumidor Final,Sudeste,SP,Eletrônicos,Mouse Gamer,Loja Física,1,"R$ 309,98",8%,"R$ 309,98","R$ 24,81","R$ 285,16","R$ 152,59","R$ 132,57","46,49",,,,,,,
360,2023-06-27 00:00:00,2023,Junho,27,1021,Consumidor Final,Nordeste,BA,Eletrônicos,Webcam 4K,Loja Física,1,"R$ 230,85",3%,"R$ 230,85","R$ 7,16","R$ 223,70","R$ 158,45","R$ 65,25","29,17",,,,,,,
361,2023-06-27 00:00:00,2023,Junho,27,1821,Corporativo,Sudeste,MG,Eletrônicos,Mouse Gamer,E-commerce,21,"R$ 3.094,67",2%,"R$ 64.987,97","R$ 1.101,25","R$ 63.886,72","R$ 34.076,70","R$ 29.810,02","46,66",,,,,,,
362,2023-06-28 00:00:00,2023,Junho,28,1304,Corporativo,Nordeste,CE,Eletrônicos,Microfone Condensador,Loja Física,14,"R$ 3.009,43",10%,"R$ 42.132,01","R$ 4.006,88","R$ 38.125,13","R$ 26.883,16","R$ 11.241,97","29,49",,,,,,,
363,2023-06-28 00:00:00,2023,Junho,28,1382,Consumidor Final,Sul,RS,Eletrônicos,Monitor Ultrawide,Loja Física,1,"R$ 289,20",4%,"R$ 289,20","R$ 11,29","R$ 277,91","R$ 168,16","R$ 109,75","39,49",,,,,,,
364,2023-06-28 00:00:00,2023,Junho,28,1516,Corporativo,Nordeste,CE,Eletrônicos,Cadeira Gamer,E-commerce,45,"R$ 2.481,88",1%,"R$ 111.684,40","R$ 1.595,72","R$ 110.088,68","R$ 78.161,77","R$ 31.926,91","29,00",,,,,,,
365,2023-06-28 00:00:00,2023,Junho,28,1939,Consumidor Final,Nordeste,PE,Eletrônicos,Webcam 4K,E-commerce,2,"R$ 416,44",5%,"R$ 832,87","R$ 38,13","R$ 794,74","R$ 553,09","R$ 241,65","30,41",,,,,,,
366,2023-06-28 00:00:00,2023,Junho,28,1844,Pequenas Empresas,Sul,SC,Eletrônicos,Headset Gamer,Loja Física,8,"R$ 475,46",9%,"R$ 3.803,70","R$ 351,01","R$ 3.452,69","R$ 2.006,83","R$ 1.445,86","41,88",,,,,,,
367,2023-06-28 00:00:00,2023,Junho,28,1413,Corporativo,Sudeste,RJ,Eletrônicos,Headset Gamer,Loja Física,13,"R$ 1.418,31",12%,"R$ 18.438,05","R$ 2.210,32","R$ 16.227,73","R$ 9.094,04","R$ 7.133,68","43,96",,,,,,,
368,2023-06-28 00:00:00,2023,Junho,28,1950,Consumidor Final,Sudeste,RJ,Eletrônicos,Microfone Condensador,Loja Física,1,"R$ 407,41",12%,"R$ 407,41","R$ 48,78","R$ 358,62","R$ 202,81","R$ 155,82","43,45",,,,,,,
369,2023-06-29 00:00:00,2023,Junho,29,1765,Consumidor Final,Sudeste,MG,Eletrônicos,Headset Gamer,Loja Física,1,"R$ 245,43",12%,"R$ 245,43","R$ 28,40","R$ 217,03","R$ 114,26","R$ 102,76","47,35",,,,,,,
370,2023-06-30 00:00:00,2023,Junho,30,1405,Corporativo,Sudeste,MG,Eletrônicos,Cadeira Gamer,Loja Física,18,"R$ 1.231,51",2%,"R$ 22.167,12","R$ 417,28","R$ 21.749,84","R$ 12.207,49","R$ 9.542,34","43,87",,,,,,,
371,2023-06-30 00:00:00,2023,Junho,30,1111,Pequenas Empresas,Nordeste,CE,Eletrônicos,Microfone Condensador,E-commerce,11,"R$ 1.133,28",9%,"R$ 12.466,11","R$ 1.093,00","R$ 11.373,11","R$ 8.319,01","R$ 3.054,11","26,85",,,,,,,
372,2023-06-30 00:00:00,2023,Junho,30,1028,Pequenas Empresas,Sudeste,SP,Eletrônicos,Cadeira Gamer,E-commerce,8,"R$ 404,28",11%,"R$ 3.234,22","R$ 366,20","R$ 2.868,02","R$ 1.592,07","R$ 1.275,95","44,49",,,,,,,
373,2023-06-30 00:00:00,2023,Junho,30,1497,Corporativo,Sudeste,SP,Eletrônicos,Monitor Ultrawide,Loja Física,10,"R$ 3.478,56",9%,"R$ 34.785,62","R$ 3.243,42","R$ 31.542,20","R$ 17.457,42","R$ 14.084,78","44,65",,,,,,,
374,2023-07-01 00:00:00,2023,Julho,1,1603,Pequenas Empresas,Sul,RS,Eletrônicos,Mouse Gamer,E-commerce,9,"R$ 863,07",7%,"R$ 7.767,65","R$ 564,27","R$ 7.203,38","R$ 4.162,80","R$ 3.040,58","42,21",,,,,,,
375,2023-07-02 00:00:00,2023,Julho,2,1352,Corporativo,Centro-Oeste,GO,Eletrônicos,Monitor Ultrawide,E-commerce,19,"R$ 1.986,38",7%,"R$ 37.741,26","R$ 2.568,09","R$ 35.173,17","R$ 23.471,12","R$ 11.702,05","33,27",,,,,,,
376,2023-07-04 00:00:00,2023,Julho,4,1119,Pequenas Empresas,Nordeste,BA,Eletrônicos,Monitor Ultrawide,E-commerce,12,"R$ 795,32",10%,"R$ 9.543,82","R$ 999,38","R$ 8.544,44","R$ 6.171,90","R$ 2.372,53","27,77",,,,,,,
377,2023-07-04 00:00:00,2023,Julho,4,1147,Consumidor Final,Nordeste,BA,Eletrônicos,Cadeira Gamer,Loja Física,1,"R$ 166,00",6%,"R$ 166,00","R$ 9,96","R$ 156,04","R$ 110,71","R$ 45,33","29,05",,,,,,,
378,2023-07-04 00:00:00,2023,Julho,4,1276,Pequenas Empresas,Sul,RS,Eletrônicos,Microfone Condensador,E-commerce,8,"R$ 488,05",11%,"R$ 3.904,41","R$ 436,34","R$ 3.468,07","R$ 2.053,45","R$ 1.414,62","40,79",,,,,,,
379,2023-07-06 00:00:00,2023,Julho,6,1740,Pequenas Empresas,Nordeste,BA,Eletrônicos,Microfone Condensador,Loja Física,3,"R$ 957,71",8%,"R$ 2.873,13","R$ 233,73","R$ 2.639,40","R$ 1.935,95","R$ 703,44","26,65",,,,,,,
380,2023-07-06 00:00:00,2023,Julho,6,1648,Consumidor Final,Sudeste,RJ,Eletrônicos,Headset Gamer,Loja Física,1,"R$ 329,79",3%,"R$ 329,79","R$ 9,80","R$ 319,99","R$ 172,05","R$ 147,93","46,23",,,,,,,
381,2023-07-07 00:00:00,2023,Julho,7,1891,Pequenas Empresas,Sudeste,RJ,Eletrônicos,Teclado Mecânico,E-commerce,6,"R$ 1.069,89",3%,"R$ 6.419,36","R$ 184,04","R$ 6.235,32","R$ 3.609,32","R$ 2.626,00","42,11",,,,,,,
382,2023-07-07 00:00:00,2023,Julho,7,1589,Corporativo,Nordeste,CE,Eletrônicos,Mouse Gamer,Loja Física,18,"R$ 2.243,23",6%,"R$ 40.378,17","R$ 2.424,14","R$ 37.954,03","R$ 26.904,02","R$ 11.050,01","29,11",,,,,,,
383,2023-07-08 00:00:00,2023,Julho,8,1069,Consumidor Final,Nordeste,BA,Eletrônicos,Cadeira Gamer,E-commerce,3,"R$ 270,57",3%,"R$ 811,70","R$ 21,84","R$ 789,86","R$ 565,26","R$ 224,60","28,44",,,,,,,
384,2023-07-09 00:00:00,2023,Julho,9,1660,Corporativo,Sudeste,RJ,Eletrônicos,Headset Gamer,Loja Física,10,"R$ 1.380,68",9%,"R$ 13.806,83","R$ 1.262,80","R$ 12.544,03","R$ 7.204,10","R$ 5.339,92","42,57",,,,,,,
385,2023-07-10 00:00:00,2023,Julho,10,1624,Corporativo,Sul,SC,Eletrônicos,Webcam 4K,Loja Física,14,"R$ 1.353,01",4%,"R$ 18.942,19","R$ 670,32","R$ 18.271,87","R$ 10.507,42","R$ 7.764,46","42,49",,,,,,,
386,2023-07-11 00:00:00,2023,Julho,11,1585,Corporativo,Sul,PR,Eletrônicos,Teclado Mecânico,Loja Física,21,"R$ 2.788,56",8%,"R$ 58.559,83","R$ 4.429,78","R$ 54.130,05","R$ 32.472,91","R$ 21.657,14","40,01",,,,,,,
387,2023-07-11 00:00:00,2023,Julho,11,1958,Consumidor Final,Sul,PR,Eletrônicos,Teclado Mecânico,Loja Física,2,"R$ 371,23",4%,"R$ 742,46","R$ 30,82","R$ 711,63","R$ 414,06","R$ 297,57","41,82",,,,,,,
388,2023-07-11 00:00:00,2023,Julho,11,1661,Pequenas Empresas,Nordeste,BA,Eletrônicos,Cadeira Gamer,E-commerce,12,"R$ 572,98",9%,"R$ 6.875,78","R$ 591,55","R$ 6.284,23","R$ 4.485,80","R$ 1.798,44","28,62",,,,,,,
389,2023-07-12 00:00:00,2023,Julho,12,1761,Pequenas Empresas,Centro-Oeste,GO,Móveis,Mesa Gamer,Loja Física,6,"R$ 449,92",5%,"R$ 2.699,49","R$ 126,55","R$ 2.572,94","R$ 1.739,25","R$ 833,69","32,40",,,,,,,
390,2023-07-12 00:00:00,2023,Julho,12,1101,Consumidor Final,Sul,RS,Eletrônicos,Mouse Gamer,E-commerce,1,"R$ 350,79",11%,"R$ 350,79","R$ 37,92","R$ 312,87","R$ 191,36","R$ 121,51","38,84",,,,,,,
391,2023-07-13 00:00:00,2023,Julho,13,1661,Consumidor Final,Sul,SC,Eletrônicos,Teclado Mecânico,Loja Física,1,"R$ 171,31",3%,"R$ 171,31","R$ 5,69","R$ 165,63","R$ 102,06","R$ 63,56","38,38",,,,,,,
392,2023-07-13 00:00:00,2023,Julho,13,1577,Consumidor Final,Sul,SC,Eletrônicos,Cadeira Gamer,E-commerce,3,"R$ 432,72",2%,"R$ 1.298,15","R$ 23,67","R$ 1.274,48","R$ 769,39","R$ 505,09","39,63",,,,,,,
393,2023-07-14 00:00:00,2023,Julho,14,1137,Consumidor Final,Sudeste,RJ,Eletrônicos,Cadeira Gamer,E-commerce,1,"R$ 377,79",12%,"R$ 377,79","R$ 43,99","R$ 333,79","R$ 184,79","R$ 149,00","44,64",,,,,,,
394,2023-07-15 00:00:00,2023,Julho,15,1933,Pequenas Empresas,Sudeste,SP,Eletrônicos,Headset Gamer,E-commerce,8,"R$ 661,00",4%,"R$ 5.288,03","R$ 227,03","R$ 5.061,00","R$ 2.864,78","R$ 2.196,22","43,40",,,,,,,
395,2023-07-15 00:00:00,2023,Julho,15,1825,Consumidor Final,Nordeste,PE,Eletrônicos,Webcam 4K,E-commerce,4,"R$ 259,68",5%,"R$ 1.038,71","R$ 50,80","R$ 987,91","R$ 723,01","R$ 264,91","26,81",,,,,,,
396,2023-07-15 00:00:00,2023,Julho,15,1282,Corporativo,Nordeste,CE,Móveis,Mesa Gamer,E-commerce,26,"R$ 1.537,92",5%,"R$ 39.985,93","R$ 1.906,97","R$ 38.078,96","R$ 26.583,70","R$ 11.495,26","30,19",,,,,,,
397,2023-07-16 00:00:00,2023,Julho,16,1659,Corporativo,Nordeste,BA,Eletrônicos,Mouse Gamer,E-commerce,17,"R$ 3.107,42",9%,"R$ 52.826,19","R$ 4.634,67","R$ 48.191,52","R$ 34.358,96","R$ 13.832,56","28,70",,,,,,,
398,2023-07-16 00:00:00,2023,Julho,16,1739,Consumidor Final,Sul,PR,Eletrônicos,Microfone Condensador,E-commerce,2,"R$ 384,17",4%,"R$ 768,33","R$ 33,34","R$ 734,99","R$ 449,30","R$ 285,69","38,87",,,,,,,
399,2023-07-16 00:00:00,2023,Julho,16,1880,Pequenas Empresas,Sudeste,SP,Eletrônicos,Monitor Ultrawide,E-commerce,9,"R$ 790,27",2%,"R$ 7.112,41","R$ 135,49","R$ 6.976,92","R$ 3.854,22","R$ 3.122,69","44,76",,,,,,,
400,2023-07-16 00:00:00,2023,Julho,16,1577,Pequenas Empresas,Nordeste,CE,Eletrônicos,Webcam 4K,Loja Física,2,"R$ 972,15",4%,"R$ 1.944,30","R$ 79,74","R$ 1.864,56","R$ 1.357,72","R$ 506,84","27,18",,,,,,,
401,2023-07-18 00:00:00,2023,Julho,18,1052,Corporativo,Nordeste,PE,Eletrônicos,Webcam 4K,Loja Física,17,"R$ 2.458,65",12%,"R$ 41.796,99","R$ 4.977,81","R$ 36.819,17","R$ 26.147,06","R$ 10.672,12","28,99",,,,,,,
402,2023-07-20 00:00:00,2023,Julho,20,1119,Pequenas Empresas,Nordeste,CE,Eletrônicos,Headset Gamer,Loja Física,5,"R$ 1.191,56",11%,"R$ 5.957,80","R$ 642,53","R$ 5.315,27","R$ 3.867,99","R$ 1.447,29","27,23",,,,,,,
403,2023-07-20 00:00:00,2023,Julho,20,1837,Pequenas Empresas,Nordeste,PE,Eletrônicos,Microfone Condensador,E-commerce,6,"R$ 776,69",8%,"R$ 4.660,16","R$ 382,91","R$ 4.277,26","R$ 3.064,33","R$ 1.212,92","28,36",,,,,,,
404,2023-07-21 00:00:00,2023,Julho,21,1022,Consumidor Final,Sul,RS,Eletrônicos,Teclado Mecânico,Loja Física,2,"R$ 185,10",10%,"R$ 370,21","R$ 36,27","R$ 333,94","R$ 207,91","R$ 126,03","37,74",,,,,,,
405,2023-07-21 00:00:00,2023,Julho,21,1939,Pequenas Empresas,Sudeste,MG,Eletrônicos,Teclado Mecânico,Loja Física,4,"R$ 1.009,96",2%,"R$ 4.039,83","R$ 96,39","R$ 3.943,44","R$ 2.240,72","R$ 1.702,72","43,18",,,,,,,
406,2023-07-21 00:00:00,2023,Julho,21,1279,Corporativo,Centro-Oeste,GO,Eletrônicos,Headset Gamer,E-commerce,28,"R$ 2.373,34",9%,"R$ 66.453,56","R$ 6.046,37","R$ 60.407,19","R$ 39.217,93","R$ 21.189,26","35,08",,,,,,,
407,2023-07-22 00:00:00,2023,Julho,22,1650,Pequenas Empresas,Nordeste,BA,Eletrônicos,Cadeira Gamer,E-commerce,15,"R$ 583,86",7%,"R$ 8.757,92","R$ 620,00","R$ 8.137,92","R$ 5.921,72","R$ 2.216,20","27,23",,,,,,,
408,2023-07-22 00:00:00,2023,Julho,22,1219,Consumidor Final,Nordeste,BA,Eletrônicos,Teclado Mecânico,E-commerce,3,"R$ 189,50",10%,"R$ 568,49","R$ 59,13","R$ 509,36","R$ 376,96","R$ 132,39","25,99",,,,,,,
409,2023-07-23 00:00:00,2023,Julho,23,1019,Corporativo,Sul,PR,Móveis,Mesa Gamer,Loja Física,11,"R$ 1.620,53",10%,"R$ 17.825,80","R$ 1.797,34","R$ 16.028,45","R$ 9.823,16","R$ 6.205,29","38,71",,,,,,,
410,2023-07-24 00:00:00,2023,Julho,24,1465,Pequenas Empresas,Sudeste,MG,Eletrônicos,Mouse Gamer,Loja Física,7,"R$ 514,40",5%,"R$ 3.600,81","R$ 184,36","R$ 3.416,44","R$ 1.818,01","R$ 1.598,43","46,79",,,,,,,
411,2023-07-24 00:00:00,2023,Julho,24,1974,Pequenas Empresas,Sudeste,RJ,Eletrônicos,Webcam 4K,Loja Física,4,"R$ 669,98",9%,"R$ 2.679,94","R$ 241,84","R$ 2.438,10","R$ 1.330,24","R$ 1.107,86","45,44",,,,,,,
412,2023-07-24 00:00:00,2023,Julho,24,1933,Pequenas Empresas,Centro-Oeste,GO,Eletrônicos,Webcam 4K,E-commerce,10,"R$ 938,21",3%,"R$ 9.382,12","R$ 321,39","R$ 9.060,73","R$ 6.042,67","R$ 3.018,06","33,31",,,,,,,
413,2023-07-24 00:00:00,2023,Julho,24,1073,Consumidor Final,Sudeste,RJ,Móveis,Mesa Gamer,E-commerce,5,"R$ 326,68",9%,"R$ 1.633,40","R$ 151,39","R$ 1.482,01","R$ 804,13","R$ 677,88","45,74",,,,,,,
414,2023-07-25 00:00:00,2023,Julho,25,1636,Corporativo,Nordeste,BA,Eletrônicos,Microfone Condensador,E-commerce,44,"R$ 2.642,86",9%,"R$ 116.285,69","R$ 10.759,83","R$ 105.525,86","R$ 78.181,69","R$ 27.344,17","25,91",,,,,,,
415,2023-07-25 00:00:00,2023,Julho,25,1803,Consumidor Final,Sul,PR,Eletrônicos,Teclado Mecânico,Loja Física,2,"R$ 209,85",4%,"R$ 419,70","R$ 17,77","R$ 401,94","R$ 247,50","R$ 154,43","38,42",,,,,,,
416,2023-07-25 00:00:00,2023,Julho,25,1866,Pequenas Empresas,Nordeste,PE,Eletrônicos,Webcam 4K,Loja Física,7,"R$ 887,95",11%,"R$ 6.215,67","R$ 694,27","R$ 5.521,40","R$ 3.880,72","R$ 1.640,68","29,71",,,,,,,
417,2023-07-26 00:00:00,2023,Julho,26,1138,Pequenas Empresas,Nordeste,BA,Eletrônicos,Monitor Ultrawide,E-commerce,12,"R$ 773,04",9%,"R$ 9.276,47","R$ 868,87","R$ 8.407,61","R$ 6.227,77","R$ 2.179,84","25,93",,,,,,,
418,2023-07-26 00:00:00,2023,Julho,26,1855,Consumidor Final,Sudeste,SP,Eletrônicos,Microfone Condensador,E-commerce,3,"R$ 303,88",9%,"R$ 911,63","R$ 79,72","R$ 831,91","R$ 435,83","R$ 396,08","47,61",,,,,,,
419,2023-07-26 00:00:00,2023,Julho,26,1616,Pequenas Empresas,Centro-Oeste,GO,Eletrônicos,Mouse Gamer,Loja Física,6,"R$ 1.062,04",3%,"R$ 6.372,25","R$ 183,38","R$ 6.188,87","R$ 4.197,12","R$ 1.991,75","32,18",,,,,,,
420,2023-07-26 00:00:00,2023,Julho,26,1375,Corporativo,Sudeste,MG,Eletrônicos,Mouse Gamer,E-commerce,39,"R$ 2.374,34",8%,"R$ 92.599,09","R$ 7.191,64","R$ 85.407,46","R$ 44.869,97","R$ 40.537,48","47,46",,,,,,,
421,2023-07-27 00:00:00,2023,Julho,27,1231,Corporativo,Sudeste,SP,Eletrônicos,Webcam 4K,Loja Física,9,"R$ 3.161,86",11%,"R$ 28.456,73","R$ 3.190,63","R$ 25.266,10","R$ 13.143,83","R$ 12.122,27","47,98",,,,,,,
422,2023-07-27 00:00:00,2023,Julho,27,1074,Pequenas Empresas,Nordeste,BA,Eletrônicos,Headset Gamer,E-commerce,10,"R$ 759,23",4%,"R$ 7.592,31","R$ 274,25","R$ 7.318,06","R$ 5.466,76","R$ 1.851,30","25,30",,,,,,,
423,2023-07-27 00:00:00,2023,Julho,27,1865,Pequenas Empresas,Nordeste,CE,Eletrônicos,Microfone Condensador,Loja Física,7,"R$ 1.131,97",3%,"R$ 7.923,81","R$ 244,10","R$ 7.679,71","R$ 5.334,77","R$ 2.344,94","30,53",,,,,,,
424,2023-07-27 00:00:00,2023,Julho,27,1579,Corporativo,Sul,SC,Eletrônicos,Webcam 4K,E-commerce,36,"R$ 3.043,33",5%,"R$ 109.559,71","R$ 5.820,94","R$ 103.738,77","R$ 60.682,39","R$ 43.056,38","41,50",,,,,,,
425,2023-07-27 00:00:00,2023,Julho,27,1482,Consumidor Final,Nordeste,CE,Eletrônicos,Headset Gamer,Loja Física,1,"R$ 213,23",7%,"R$ 213,23","R$ 15,18","R$ 198,05","R$ 138,36","R$ 59,69","30,14",,,,,,,
426,2023-07-28 00:00:00,2023,Julho,28,1702,Consumidor Final,Centro-Oeste,GO,Eletrônicos,Webcam 4K,E-commerce,3,"R$ 259,77",4%,"R$ 779,30","R$ 35,06","R$ 744,24","R$ 472,62","R$ 271,62","36,50",,,,,,,
427,2023-07-28 00:00:00,2023,Julho,28,1454,Corporativo,Sul,RS,Eletrônicos,Monitor Ultrawide,E-commerce,28,"R$ 2.983,06",4%,"R$ 83.525,72","R$ 2.989,12","R$ 80.536,60","R$ 49.070,54","R$ 31.466,05","39,07",,,,,,,
428,2023-07-28 00:00:00,2023,Julho,28,1714,Consumidor Final,Nordeste,BA,Eletrônicos,Microfone Condensador,Loja Física,1,"R$ 238,13",1%,"R$ 238,13","R$ 3,47","R$ 234,66","R$ 167,03","R$ 67,64","28,82",,,,,,,
429,2023-07-28 00:00:00,2023,Julho,28,1637,Pequenas Empresas,Sudeste,SP,Eletrônicos,Cadeira Gamer,E-commerce,14,"R$ 942,80",4%,"R$ 13.199,20","R$ 593,05","R$ 12.606,15","R$ 6.670,09","R$ 5.936,07","47,09",,,,,,,
430,2023-07-28 00:00:00,2023,Julho,28,1182,Pequenas Empresas,Sul,PR,Eletrônicos,Mouse Gamer,Loja Física,5,"R$ 805,06",5%,"R$ 4.025,32","R$ 195,41","R$ 3.829,91","R$ 2.203,06","R$ 1.626,85","42,48",,,,,,,
431,2023-07-29 00:00:00,2023,Julho,29,1543,Corporativo,Sul,PR,Eletrônicos,Webcam 4K,Loja Física,16,"R$ 1.223,65",9%,"R$ 19.578,47","R$ 1.737,89","R$ 17.840,58","R$ 10.483,57","R$ 7.357,00","41,24",,,,,,,
432,2023-07-29 00:00:00,2023,Julho,29,1377,Pequenas Empresas,Sul,SC,Eletrônicos,Monitor Ultrawide,Loja Física,7,"R$ 1.035,58",4%,"R$ 7.249,09","R$ 294,27","R$ 6.954,82","R$ 4.322,18","R$ 2.632,65","37,85",,,,,,,
433,2023-07-29 00:00:00,2023,Julho,29,1870,Consumidor Final,Sul,RS,Eletrônicos,Headset Gamer,Loja Física,1,"R$ 176,70",12%,"R$ 176,70","R$ 21,04","R$ 155,65","R$ 93,01","R$ 62,64","40,25",,,,,,,
434,2023-07-30 00:00:00,2023,Julho,30,1834,Corporativo,Sudeste,MG,Eletrônicos,Headset Gamer,Loja Física,24,"R$ 2.241,47",3%,"R$ 53.795,32","R$ 1.712,52","R$ 52.082,80","R$ 29.692,76","R$ 22.390,03","42,99",,,,,,,
435,2023-07-31 00:00:00,2023,Julho,31,1788,Pequenas Empresas,Centro-Oeste,GO,Eletrônicos,Mouse Gamer,E-commerce,9,"R$ 618,36",5%,"R$ 5.565,24","R$ 264,66","R$ 5.300,58","R$ 3.461,66","R$ 1.838,91","34,69",,,,,,,
436,2023-07-31 00:00:00,2023,Julho,31,1496,Consumidor Final,Sul,SC,Móveis,Mesa Gamer,E-commerce,5,"R$ 224,00",6%,"R$ 1.119,99","R$ 69,22","R$ 1.050,77","R$ 620,25","R$ 430,51","40,97",,,,,,,
437,2023-07-31 00:00:00,2023,Julho,31,1341,Corporativo,Nordeste,BA,Eletrônicos,Webcam 4K,E-commerce,31,"R$ 2.529,15",11%,"R$ 78.403,64","R$ 8.583,60","R$ 69.820,04","R$ 48.940,74","R$ 20.879,30","29,90",,,,,,,
438,2023-08-01 00:00:00,2023,Agosto,1,1267,Pequenas Empresas,Nordeste,BA,Eletrônicos,Microfone Condensador,E-commerce,6,"R$ 405,50",3%,"R$ 2.433,01","R$ 81,19","R$ 2.351,83","R$ 1.670,24","R$ 681,59","28,98",,,,,,,
439,2023-08-01 00:00:00,2023,Agosto,1,1997,Consumidor Final,Sudeste,SP,Eletrônicos,Teclado Mecânico,Loja Física,1,"R$ 406,84",5%,"R$ 406,84","R$ 20,03","R$ 386,81","R$ 206,77","R$ 180,04","46,54",,,,,,,
440,2023-08-02 00:00:00,2023,Agosto,2,1283,Consumidor Final,Nordeste,PE,Eletrônicos,Headset Gamer,Loja Física,2,"R$ 182,12",6%,"R$ 364,23","R$ 21,27","R$ 342,96","R$ 242,20","R$ 100,76","29,38",,,,,,,
441,2023-08-02 00:00:00,2023,Agosto,2,1293,Corporativo,Sul,RS,Eletrônicos,Microfone Condensador,E-commerce,49,"R$ 3.091,74",3%,"R$ 151.495,15","R$ 4.403,62","R$ 147.091,53","R$ 88.380,08","R$ 58.711,44","39,91",,,,,,,
442,2023-08-02 00:00:00,2023,Agosto,2,1110,Corporativo,Sudeste,RJ,Eletrônicos,Microfone Condensador,E-commerce,35,"R$ 3.384,77",3%,"R$ 118.466,92","R$ 2.971,13","R$ 115.495,79","R$ 61.901,93","R$ 53.593,86","46,40",,,,,,,
443,2023-08-02 00:00:00,2023,Agosto,2,1890,Corporativo,Sudeste,RJ,Eletrônicos,Cadeira Gamer,E-commerce,25,"R$ 2.016,80",1%,"R$ 50.420,07","R$ 755,16","R$ 49.664,91","R$ 28.156,30","R$ 21.508,61","43,31",,,,,,,
444,2023-08-03 00:00:00,2023,Agosto,3,1805,Corporativo,Centro-Oeste,GO,Eletrônicos,Microfone Condensador,Loja Física,17,"R$ 1.443,46",11%,"R$ 24.538,86","R$ 2.601,91","R$ 21.936,95","R$ 14.228,56","R$ 7.708,40","35,14",,,,,,,
445,2023-08-03 00:00:00,2023,Agosto,3,1581,Pequenas Empresas,Nordeste,PE,Eletrônicos,Microfone Condensador,E-commerce,8,"R$ 848,46",11%,"R$ 6.787,71","R$ 771,71","R$ 6.016,00","R$ 4.482,14","R$ 1.533,86","25,50",,,,,,,
446,2023-08-04 00:00:00,2023,Agosto,4,1916,Consumidor Final,Nordeste,PE,Eletrônicos,Cadeira Gamer,Loja Física,1,"R$ 179,62",2%,"R$ 179,62","R$ 3,29","R$ 176,33","R$ 128,42","R$ 47,91","27,17",,,,,,,
447,2023-08-04 00:00:00,2023,Agosto,4,1493,Consumidor Final,Centro-Oeste,GO,Eletrônicos,Headset Gamer,E-commerce,2,"R$ 214,41",2%,"R$ 428,82","R$ 7,46","R$ 421,36","R$ 271,48","R$ 149,87","35,57",,,,,,,
448,2023-08-05 00:00:00,2023,Agosto,5,1465,Corporativo,Nordeste,CE,Eletrônicos,Microfone Condensador,Loja Física,18,"R$ 2.424,27",2%,"R$ 43.636,88","R$ 932,05","R$ 42.704,84","R$ 31.586,57","R$ 11.118,27","26,04",,,,,,,
449,2023-08-05 00:00:00,2023,Agosto,5,1376,Pequenas Empresas,Nordeste,BA,Móveis,Mesa Gamer,E-commerce,12,"R$ 597,00",6%,"R$ 7.163,94","R$ 405,41","R$ 6.758,53","R$ 4.747,10","R$ 2.011,44","29,76",,,,,,,
450,2023-08-05 00:00:00,2023,Agosto,5,1016,Consumidor Final,Nordeste,BA,Móveis,Mesa Gamer,E-commerce,2,"R$ 279,37",5%,"R$ 558,74","R$ 26,95","R$ 531,79","R$ 397,24","R$ 134,56","25,30",,,,,,,
451,2023-08-06 00:00:00,2023,Agosto,6,1508,Pequenas Empresas,Sudeste,RJ,Eletrônicos,Monitor Ultrawide,E-commerce,9,"R$ 818,87",3%,"R$ 7.369,82","R$ 250,64","R$ 7.119,19","R$ 3.706,49","R$ 3.412,69","47,94",,,,,,,
452,2023-08-06 00:00:00,2023,Agosto,6,1166,Pequenas Empresas,Sul,PR,Eletrônicos,Cadeira Gamer,E-commerce,6,"R$ 862,11",5%,"R$ 5.172,63","R$ 256,11","R$ 4.916,52","R$ 2.854,47","R$ 2.062,05","41,94",,,,,,,
453,2023-08-07 00:00:00,2023,Agosto,7,1647,Corporativo,Sul,SC,Eletrônicos,Monitor Ultrawide,E-commerce,29,"R$ 3.260,53",10%,"R$ 94.555,47","R$ 9.203,30","R$ 85.352,18","R$ 52.961,18","R$ 32.391,00","37,95",,,,,,,
454,2023-08-09 00:00:00,2023,Agosto,9,1637,Corporativo,Sul,RS,Eletrônicos,Cadeira Gamer,E-commerce,31,"R$ 1.394,78",6%,"R$ 43.238,28","R$ 2.652,07","R$ 40.586,21","R$ 24.395,23","R$ 16.190,97","39,89",,,,,,,
455,2023-08-09 00:00:00,2023,Agosto,9,1997,Consumidor Final,Nordeste,BA,Eletrônicos,Webcam 4K,Loja Física,1,"R$ 204,80",3%,"R$ 204,80","R$ 5,19","R$ 199,61","R$ 142,80","R$ 56,81","28,46",,,,,,,
456,2023-08-09 00:00:00,2023,Agosto,9,1655,Corporativo,Sul,RS,Eletrônicos,Webcam 4K,Loja Física,19,"R$ 2.255,99",4%,"R$ 42.863,72","R$ 1.858,63","R$ 41.005,09","R$ 23.538,84","R$ 17.466,25","42,60",,,,,,,
457,2023-08-10 00:00:00,2023,Agosto,10,1578,Corporativo,Centro-Oeste,GO,Eletrônicos,Microfone Condensador,E-commerce,38,"R$ 2.167,75",8%,"R$ 82.374,53","R$ 6.275,71","R$ 76.098,82","R$ 47.468,43","R$ 28.630,40","37,62",,,,,,,
458,2023-08-10 00:00:00,2023,Agosto,10,1108,Corporativo,Sudeste,RJ,Eletrônicos,Teclado Mecânico,E-commerce,24,"R$ 1.570,80",8%,"R$ 37.699,28","R$ 3.099,07","R$ 34.600,21","R$ 18.052,00","R$ 16.548,21","47,83",,,,,,,
459,2023-08-11 00:00:00,2023,Agosto,11,1362,Consumidor Final,Nordeste,CE,Eletrônicos,Webcam 4K,E-commerce,3,"R$ 403,46",3%,"R$ 1.210,38","R$ 41,93","R$ 1.168,45","R$ 859,57","R$ 308,88","26,43",,,,,,,
460,2023-08-11 00:00:00,2023,Agosto,11,1396,Consumidor Final,Sul,SC,Eletrônicos,Teclado Mecânico,E-commerce,4,"R$ 431,54",8%,"R$ 1.726,18","R$ 142,92","R$ 1.583,26","R$ 990,16","R$ 593,10","37,46",,,,,,,
461,2023-08-11 00:00:00,2023,Agosto,11,1649,Pequenas Empresas,Sudeste,RJ,Eletrônicos,Webcam 4K,E-commerce,10,"R$ 945,08",11%,"R$ 9.450,82","R$ 1.071,91","R$ 8.378,91","R$ 4.836,25","R$ 3.542,66","42,28",,,,,,,
462,2023-08-11 00:00:00,2023,Agosto,11,1887,Corporativo,Centro-Oeste,GO,Eletrônicos,Mouse Gamer,E-commerce,40,"R$ 3.268,30",12%,"R$ 130.731,95","R$ 15.145,13","R$ 115.586,82","R$ 75.519,00","R$ 40.067,81","34,66",,,,,,,
463,2023-08-12 00:00:00,2023,Agosto,12,1252,Corporativo,Sudeste,RJ,Eletrônicos,Webcam 4K,Loja Física,14,"R$ 2.754,39",8%,"R$ 38.561,50","R$ 3.177,37","R$ 35.384,12","R$ 20.373,95","R$ 15.010,17","42,42",,,,,,,
464,2023-08-12 00:00:00,2023,Agosto,12,1767,Corporativo,Sul,SC,Eletrônicos,Monitor Ultrawide,E-commerce,22,"R$ 2.479,55",1%,"R$ 54.550,20","R$ 720,45","R$ 53.829,75","R$ 30.982,52","R$ 22.847,23","42,44",,,,,,,
465,2023-08-13 00:00:00,2023,Agosto,13,1127,Pequenas Empresas,Nordeste,CE,Eletrônicos,Headset Gamer,Loja Física,3,"R$ 534,56",11%,"R$ 1.603,69","R$ 171,16","R$ 1.432,53","R$ 1.026,52","R$ 406,01","28,34",,,,,,,
466,2023-08-13 00:00:00,2023,Agosto,13,1825,Pequenas Empresas,Sul,SC,Eletrônicos,Microfone Condensador,Loja Física,4,"R$ 609,87",4%,"R$ 2.439,50","R$ 108,40","R$ 2.331,10","R$ 1.351,59","R$ 979,50","42,02",,,,,,,
467,2023-08-13 00:00:00,2023,Agosto,13,1621,Consumidor Final,Nordeste,PE,Eletrônicos,Monitor Ultrawide,E-commerce,3,"R$ 263,89",4%,"R$ 791,66","R$ 35,49","R$ 756,17","R$ 554,16","R$ 202,00","26,71",,,,,,,
468,2023-08-14 00:00:00,2023,Agosto,14,1252,Consumidor Final,Nordeste,CE,Eletrônicos,Headset Gamer,Loja Física,1,"R$ 309,39",8%,"R$ 309,39","R$ 26,15","R$ 283,24","R$ 205,15","R$ 78,09","27,57",,,,,,,
469,2023-08-14 00:00:00,2023,Agosto,14,1363,Consumidor Final,Sul,SC,Móveis,Mesa Gamer,E-commerce,4,"R$ 418,08",8%,"R$ 1.672,31","R$ 137,78","R$ 1.534,54","R$ 966,02","R$ 568,52","37,05",,,,,,,
470,2023-08-14 00:00:00,2023,Agosto,14,1924,Corporativo,Sudeste,MG,Eletrônicos,Monitor Ultrawide,Loja Física,22,"R$ 1.447,51",9%,"R$ 31.845,28","R$ 3.009,19","R$ 28.836,09","R$ 15.859,02","R$ 12.977,06","45,00",,,,,,,
471,2023-08-15 00:00:00,2023,Agosto,15,1430,Corporativo,Centro-Oeste,GO,Móveis,Mesa Gamer,Loja Física,18,"R$ 2.313,25",7%,"R$ 41.638,45","R$ 2.771,06","R$ 38.867,39","R$ 25.710,47","R$ 13.156,93","33,85",,,,,,,
472,2023-08-15 00:00:00,2023,Agosto,15,1018,Corporativo,Nordeste,PE,Eletrônicos,Teclado Mecânico,Loja Física,20,"R$ 3.234,02",7%,"R$ 64.680,34","R$ 4.626,88","R$ 60.053,46","R$ 42.054,88","R$ 17.998,58","29,97",,,,,,,
473,2023-08-15 00:00:00,2023,Agosto,15,1485,Pequenas Empresas,Sudeste,RJ,Eletrônicos,Teclado Mecânico,E-commerce,11,"R$ 659,48",4%,"R$ 7.254,24","R$ 259,18","R$ 6.995,06","R$ 3.968,62","R$ 3.026,43","43,27",,,,,,,
474,2023-08-15 00:00:00,2023,Agosto,15,1440,Pequenas Empresas,Sul,PR,Eletrônicos,Mouse Gamer,E-commerce,15,"R$ 752,46",2%,"R$ 11.286,88","R$ 277,26","R$ 11.009,63","R$ 6.683,56","R$ 4.326,07","39,29",,,,,,,
475,2023-08-16 00:00:00,2023,Agosto,16,1364,Corporativo,Sudeste,RJ,Eletrônicos,Webcam 4K,E-commerce,38,"R$ 3.477,76",1%,"R$ 132.155,04","R$ 1.696,16","R$ 130.458,88","R$ 70.942,01","R$ 59.516,87","45,62",,,,,,,
476,2023-08-16 00:00:00,2023,Agosto,16,1172,Corporativo,Sul,RS,Eletrônicos,Monitor Ultrawide,E-commerce,19,"R$ 2.191,26",4%,"R$ 41.634,00","R$ 1.810,84","R$ 39.823,16","R$ 24.615,26","R$ 15.207,90","38,19",,,,,,,
477,2023-08-16 00:00:00,2023,Agosto,16,1775,Corporativo,Nordeste,CE,Móveis,Mesa Gamer,E-commerce,34,"R$ 2.165,65",6%,"R$ 73.632,17","R$ 4.760,95","R$ 68.871,22","R$ 47.864,36","R$ 21.006,86","30,50",,,,,,,
478,2023-08-16 00:00:00,2023,Agosto,16,1983,Corporativo,Sudeste,MG,Eletrônicos,Headset Gamer,E-commerce,21,"R$ 1.593,15",6%,"R$ 33.456,23","R$ 1.873,41","R$ 31.582,82","R$ 16.883,01","R$ 14.699,81","46,54",,,,,,,
479,2023-08-16 00:00:00,2023,Agosto,16,1778,Pequenas Empresas,Sudeste,SP,Eletrônicos,Teclado Mecânico,Loja Física,3,"R$ 952,32",5%,"R$ 2.856,97","R$ 135,59","R$ 2.721,38","R$ 1.446,96","R$ 1.274,42","46,83",,,,,,,
480,2023-08-16 00:00:00,2023,Agosto,16,1048,Corporativo,Nordeste,BA,Eletrônicos,Webcam 4K,Loja Física,8,"R$ 2.585,63",3%,"R$ 20.685,07","R$ 577,78","R$ 20.107,29","R$ 14.798,39","R$ 5.308,90","26,40",,,,,,,
481,2023-08-16 00:00:00,2023,Agosto,16,1507,Corporativo,Sul,RS,Eletrônicos,Teclado Mecânico,E-commerce,31,"R$ 1.900,59",4%,"R$ 58.918,15","R$ 2.303,51","R$ 56.614,64","R$ 34.716,46","R$ 21.898,18","38,68",,,,,,,
482,2023-08-17 00:00:00,2023,Agosto,17,1928,Consumidor Final,Nordeste,CE,Eletrônicos,Headset Gamer,Loja Física,1,"R$ 275,89",2%,"R$ 275,89","R$ 4,30","R$ 271,59","R$ 203,05","R$ 68,54","25,24",,,,,,,
483,2023-08-17 00:00:00,2023,Agosto,17,1287,Consumidor Final,Sul,SC,Eletrônicos,Webcam 4K,Loja Física,1,"R$ 407,39",9%,"R$ 407,39","R$ 36,84","R$ 370,55","R$ 212,40","R$ 158,15","42,68",,,,,,,
484,2023-08-17 00:00:00,2023,Agosto,17,1071,Corporativo,Nordeste,PE,Eletrônicos,Webcam 4K,E-commerce,37,"R$ 1.904,80",1%,"R$ 70.477,43","R$ 1.016,88","R$ 69.460,56","R$ 49.643,38","R$ 19.817,18","28,53",,,,,,,
485,2023-08-17 00:00:00,2023,Agosto,17,1107,Corporativo,Sul,RS,Móveis,Mesa Gamer,Loja Física,12,"R$ 1.214,39",2%,"R$ 14.572,71","R$ 244,93","R$ 14.327,78","R$ 8.566,26","R$ 5.761,52","40,21",,,,,,,
486,2023-08-17 00:00:00,2023,Agosto,17,1686,Consumidor Final,Sudeste,MG,Móveis,Mesa Gamer,Loja Física,2,"R$ 189,59",7%,"R$ 379,18","R$ 25,20","R$ 353,98","R$ 201,18","R$ 152,80","43,17",,,,,,,
487,2023-08-17 00:00:00,2023,Agosto,17,1848,Corporativo,Sudeste,RJ,Eletrônicos,Monitor Ultrawide,E-commerce,32,"R$ 3.114,44",10%,"R$ 99.661,96","R$ 9.828,80","R$ 89.833,16","R$ 50.894,16","R$ 38.939,00","43,35",,,,,,,
488,2023-08-18 00:00:00,2023,Agosto,18,1572,Corporativo,Nordeste,PE,Eletrônicos,Monitor Ultrawide,E-commerce,26,"R$ 3.339,92",2%,"R$ 86.837,83","R$ 1.779,28","R$ 85.058,54","R$ 61.497,03","R$ 23.561,52","27,70",,,,,,,
489,2023-08-18 00:00:00,2023,Agosto,18,1190,Pequenas Empresas,Sudeste,MG,Eletrônicos,Cadeira Gamer,E-commerce,10,"R$ 629,86",4%,"R$ 6.298,61","R$ 256,81","R$ 6.041,81","R$ 3.383,90","R$ 2.657,91","43,99",,,,,,,
490,2023-08-18 00:00:00,2023,Agosto,18,1543,Consumidor Final,Sudeste,RJ,Eletrônicos,Microfone Condensador,E-commerce,1,"R$ 282,63",5%,"R$ 282,63","R$ 13,22","R$ 269,41","R$ 149,88","R$ 119,53","44,37",,,,,,,
491,2023-08-18 00:00:00,2023,Agosto,18,1738,Corporativo,Sul,RS,Eletrônicos,Cadeira Gamer,E-commerce,37,"R$ 2.515,59",10%,"R$ 93.076,85","R$ 9.177,15","R$ 83.899,70","R$ 49.030,17","R$ 34.869,53","41,56",,,,,,,
492,2023-08-18 00:00:00,2023,Agosto,18,1944,Consumidor Final,Sudeste,RJ,Eletrônicos,Mouse Gamer,E-commerce,1,"R$ 230,45",5%,"R$ 230,45","R$ 11,46","R$ 218,99","R$ 121,65","R$ 97,34","44,45",,,,,,,
493,2023-08-18 00:00:00,2023,Agosto,18,1241,Corporativo,Centro-Oeste,GO,Eletrônicos,Teclado Mecânico,Loja Física,12,"R$ 3.102,92",7%,"R$ 37.235,04","R$ 2.767,76","R$ 34.467,28","R$ 22.739,72","R$ 11.727,56","34,03",,,,,,,
494,2023-08-18 00:00:00,2023,Agosto,18,1000,Pequenas Empresas,Nordeste,PE,Eletrônicos,Monitor Ultrawide,Loja Física,5,"R$ 913,20",4%,"R$ 4.566,02","R$ 176,16","R$ 4.389,86","R$ 3.059,00","R$ 1.330,85","30,32",,,,,,,
495,2023-08-19 00:00:00,2023,Agosto,19,1620,Corporativo,Nordeste,BA,Móveis,Mesa Gamer,E-commerce,26,"R$ 1.480,86",2%,"R$ 38.502,27","R$ 855,72","R$ 37.646,55","R$ 26.770,98","R$ 10.875,57","28,89",,,,,,,
496,2023-08-19 00:00:00,2023,Agosto,19,1396,Pequenas Empresas,Sudeste,SP,Eletrônicos,Headset Gamer,Loja Física,3,"R$ 512,89",7%,"R$ 1.538,66","R$ 107,73","R$ 1.430,93","R$ 820,87","R$ 610,06","42,63",,,,,,,
497,2023-08-20 00:00:00,2023,Agosto,20,1320,Corporativo,Sudeste,MG,Móveis,Mesa Gamer,E-commerce,29,"R$ 2.029,09",8%,"R$ 58.843,65","R$ 4.933,44","R$ 53.910,21","R$ 30.392,49","R$ 23.517,72","43,62",,,,,,,
498,2023-08-20 00:00:00,2023,Agosto,20,1985,Corporativo,Nordeste,PE,Eletrônicos,Teclado Mecânico,E-commerce,28,"R$ 2.222,41",7%,"R$ 62.227,62","R$ 4.076,41","R$ 58.151,21","R$ 43.204,21","R$ 14.947,00","25,70",,,,,,,
499,2023-08-20 00:00:00,2023,Agosto,20,1598,Corporativo,Centro-Oeste,GO,Eletrônicos,Cadeira Gamer,Loja Física,9,"R$ 2.528,96",11%,"R$ 22.760,61","R$ 2.396,04","R$ 20.364,57","R$ 13.494,25","R$ 6.870,32","33,74",,,,,,,
500,2023-08-21 00:00:00,2023,Agosto,21,1902,Consumidor Final,Sudeste,SP,Móveis,Mesa Gamer,Loja Física,1,"R$ 280,31",6%,"R$ 280,31","R$ 16,57","R$ 263,74","R$ 143,18","R$ 120,56","45,71",,,,,,,
501,2023-08-21 00:00:00,2023,Agosto,21,1961,Pequenas Empresas,Sul,PR,Eletrônicos,Microfone Condensador,E-commerce,14,"R$ 418,83",6%,"R$ 5.863,56","R$ 335,74","R$ 5.527,82","R$ 3.390,01","R$ 2.137,81","38,67",,,,,,,
502,2023-08-22 00:00:00,2023,Agosto,22,1827,Corporativo,Nordeste,PE,Eletrônicos,Mouse Gamer,E-commerce,20,"R$ 2.587,34",7%,"R$ 51.746,84","R$ 3.497,88","R$ 48.248,96","R$ 35.452,61","R$ 12.796,35","26,52",,,,,,,
503,2023-08-22 00:00:00,2023,Agosto,22,1064,Corporativo,Sul,SC,Eletrônicos,Teclado Mecânico,E-commerce,33,"R$ 3.481,51",4%,"R$ 114.889,97","R$ 4.865,29","R$ 110.024,68","R$ 67.927,13","R$ 42.097,54","38,26",,,,,,,
504,2023-08-22 00:00:00,2023,Agosto,22,1976,Consumidor Final,Nordeste,CE,Eletrônicos,Cadeira Gamer,E-commerce,3,"R$ 330,74",7%,"R$ 992,22","R$ 65,76","R$ 926,46","R$ 691,45","R$ 235,01","25,37",,,,,,,
505,2023-08-22 00:00:00,2023,Agosto,22,1461,Consumidor Final,Sudeste,RJ,Eletrônicos,Microfone Condensador,E-commerce,2,"R$ 352,15",10%,"R$ 704,30","R$ 72,65","R$ 631,65","R$ 354,06","R$ 277,58","43,95",,,,,,,
506,2023-08-23 00:00:00,2023,Agosto,23,1177,Corporativo,Sul,RS,Eletrônicos,Headset Gamer,E-commerce,45,"R$ 3.371,04",9%,"R$ 151.696,58","R$ 14.296,07","R$ 137.400,51","R$ 86.517,76","R$ 50.882,75","37,03",,,,,,,
507,2023-08-23 00:00:00,2023,Agosto,23,1992,Consumidor Final,Nordeste,BA,Eletrônicos,Cadeira Gamer,E-commerce,2,"R$ 193,02",1%,"R$ 386,04","R$ 4,64","R$ 381,40","R$ 275,43","R$ 105,97","27,78",,,,,,,
508,2023-08-24 00:00:00,2023,Agosto,24,1724,Consumidor Final,Sudeste,RJ,Eletrônicos,Webcam 4K,E-commerce,1,"R$ 337,60",9%,"R$ 337,60","R$ 31,12","R$ 306,48","R$ 173,74","R$ 132,74","43,31",,,,,,,
509,2023-08-24 00:00:00,2023,Agosto,24,1754,Consumidor Final,Sudeste,RJ,Eletrônicos,Microfone Condensador,Loja Física,1,"R$ 331,80",10%,"R$ 331,80","R$ 34,32","R$ 297,48","R$ 171,73","R$ 125,74","42,27",,,,,,,
510,2023-08-24 00:00:00,2023,Agosto,24,1462,Consumidor Final,Sudeste,RJ,Eletrônicos,Microfone Condensador,E-commerce,3,"R$ 205,04",8%,"R$ 615,11","R$ 46,35","R$ 568,76","R$ 315,84","R$ 252,92","44,47",,,,,,,
511,2023-08-24 00:00:00,2023,Agosto,24,1219,Consumidor Final,Sudeste,RJ,Eletrônicos,Mouse Gamer,Loja Física,1,"R$ 154,10",2%,"R$ 154,10","R$ 2,92","R$ 151,18","R$ 85,34","R$ 65,84","43,55",,,,,,,
512,2023-08-25 00:00:00,2023,Agosto,25,1340,Consumidor Final,Nordeste,PE,Eletrônicos,Teclado Mecânico,E-commerce,2,"R$ 277,92",7%,"R$ 555,84","R$ 39,07","R$ 516,77","R$ 382,16","R$ 134,61","26,05",,,,,,,
513,2023-08-25 00:00:00,2023,Agosto,25,1804,Consumidor Final,Nordeste,PE,Eletrônicos,Headset Gamer,E-commerce,4,"R$ 391,66",5%,"R$ 1.566,63","R$ 84,23","R$ 1.482,40","R$ 1.040,11","R$ 442,29","29,84",,,,,,,
514,2023-08-25 00:00:00,2023,Agosto,25,1836,Corporativo,Nordeste,BA,Eletrônicos,Mouse Gamer,E-commerce,28,"R$ 2.350,64",2%,"R$ 65.817,94","R$ 1.160,59","R$ 64.657,35","R$ 48.144,34","R$ 16.513,01","25,54",,,,,,,
515,2023-08-25 00:00:00,2023,Agosto,25,1126,Pequenas Empresas,Nordeste,PE,Eletrônicos,Cadeira Gamer,E-commerce,14,"R$ 1.040,17",10%,"R$ 14.562,31","R$ 1.528,04","R$ 13.034,27","R$ 9.657,86","R$ 3.376,41","25,90",,,,,,,
516,2023-08-26 00:00:00,2023,Agosto,26,1066,Corporativo,Sul,RS,Eletrônicos,Mouse Gamer,E-commerce,41,"R$ 1.874,71",7%,"R$ 76.863,23","R$ 5.211,46","R$ 71.651,77","R$ 42.140,56","R$ 29.511,21","41,19",,,,,,,
517,2023-08-26 00:00:00,2023,Agosto,26,1812,Consumidor Final,Sudeste,SP,Eletrônicos,Microfone Condensador,Loja Física,1,"R$ 242,37",10%,"R$ 242,37","R$ 24,75","R$ 217,61","R$ 118,19","R$ 99,42","45,69",,,,,,,
518,2023-08-28 00:00:00,2023,Agosto,28,1609,Corporativo,Sul,RS,Eletrônicos,Teclado Mecânico,E-commerce,38,"R$ 1.825,50",3%,"R$ 69.368,83","R$ 2.356,32","R$ 67.012,50","R$ 39.556,81","R$ 27.455,70","40,97",,,,,,,
519,2023-08-28 00:00:00,2023,Agosto,28,1930,Pequenas Empresas,Sul,PR,Eletrônicos,Monitor Ultrawide,Loja Física,7,"R$ 753,89",1%,"R$ 5.277,25","R$ 77,43","R$ 5.199,83","R$ 3.062,29","R$ 2.137,53","41,11",,,,,,,
520,2023-08-29 00:00:00,2023,Agosto,29,1435,Consumidor Final,Sul,RS,Eletrônicos,Mouse Gamer,E-commerce,5,"R$ 316,97",5%,"R$ 1.584,87","R$ 75,60","R$ 1.509,27","R$ 938,65","R$ 570,62","37,81",,,,,,,
521,2023-08-30 00:00:00,2023,Agosto,30,1763,Corporativo,Nordeste,CE,Eletrônicos,Webcam 4K,E-commerce,26,"R$ 2.259,54",6%,"R$ 58.748,06","R$ 3.811,97","R$ 54.936,08","R$ 40.153,02","R$ 14.783,06","26,91",,,,,,,
522,2023-08-30 00:00:00,2023,Agosto,30,1787,Consumidor Final,Centro-Oeste,GO,Eletrônicos,Mouse Gamer,Loja Física,2,"R$ 368,68",10%,"R$ 737,36","R$ 70,62","R$ 666,74","R$ 448,65","R$ 218,09","32,71",,,,,,,
523,2023-09-02 00:00:00,2023,Setembro,2,1435,Consumidor Final,Sudeste,RJ,Eletrônicos,Cadeira Gamer,Loja Física,1,"R$ 246,82",7%,"R$ 246,82","R$ 17,52","R$ 229,30","R$ 130,95","R$ 98,34","42,89",,,,,,,
524,2023-09-02 00:00:00,2023,Setembro,2,1217,Corporativo,Nordeste,BA,Eletrônicos,Cadeira Gamer,E-commerce,25,"R$ 3.257,13",10%,"R$ 81.428,25","R$ 8.191,41","R$ 73.236,84","R$ 50.978,17","R$ 22.258,67","30,39",,,,,,,
525,2023-09-03 00:00:00,2023,Setembro,3,1669,Consumidor Final,Centro-Oeste,GO,Eletrônicos,Headset Gamer,Loja Física,2,"R$ 314,66",5%,"R$ 629,32","R$ 32,60","R$ 596,73","R$ 384,04","R$ 212,69","35,64",,,,,,,
526,2023-09-03 00:00:00,2023,Setembro,3,1725,Consumidor Final,Nordeste,CE,Eletrônicos,Cadeira Gamer,Loja Física,1,"R$ 266,97",6%,"R$ 266,97","R$ 16,77","R$ 250,20","R$ 185,58","R$ 64,62","25,83",,,,,,,
527,2023-09-03 00:00:00,2023,Setembro,3,1172,Consumidor Final,Nordeste,BA,Móveis,Mesa Gamer,Loja Física,1,"R$ 446,20",6%,"R$ 446,20","R$ 26,26","R$ 419,94","R$ 301,55","R$ 118,39","28,19",,,,,,,
528,2023-09-04 00:00:00,2023,Setembro,4,1261,Pequenas Empresas,Sul,PR,Eletrônicos,Teclado Mecânico,E-commerce,10,"R$ 1.113,05",6%,"R$ 11.130,55","R$ 679,18","R$ 10.451,36","R$ 6.383,68","R$ 4.067,69","38,92",,,,,,,
529,2023-09-04 00:00:00,2023,Setembro,4,1117,Consumidor Final,Sul,RS,Eletrônicos,Teclado Mecânico,Loja Física,1,"R$ 270,81",8%,"R$ 270,81","R$ 22,74","R$ 248,07","R$ 146,13","R$ 101,94","41,09",,,,,,,
530,2023-09-06 00:00:00,2023,Setembro,6,1234,Pequenas Empresas,Sudeste,RJ,Eletrônicos,Monitor Ultrawide,E-commerce,8,"R$ 691,74",9%,"R$ 5.533,89","R$ 504,89","R$ 5.029,00","R$ 2.715,68","R$ 2.313,33","46,00",,,,,,,
531,2023-09-06 00:00:00,2023,Setembro,6,1737,Pequenas Empresas,Sul,RS,Eletrônicos,Monitor Ultrawide,E-commerce,9,"R$ 960,49",9%,"R$ 8.644,40","R$ 802,91","R$ 7.841,49","R$ 4.529,47","R$ 3.312,02","42,24",,,,,,,
532,2023-09-07 00:00:00,2023,Setembro,7,1562,Pequenas Empresas,Sul,PR,Eletrônicos,Teclado Mecânico,E-commerce,13,"R$ 474,00",10%,"R$ 6.162,00","R$ 590,56","R$ 5.571,45","R$ 3.284,80","R$ 2.286,65","41,04",,,,,,,
533,2023-09-07 00:00:00,2023,Setembro,7,1400,Corporativo,Sul,PR,Eletrônicos,Webcam 4K,E-commerce,43,"R$ 2.619,34",10%,"R$ 112.631,78","R$ 11.656,89","R$ 100.974,89","R$ 62.425,23","R$ 38.549,66","38,18",,,,,,,
534,2023-09-07 00:00:00,2023,Setembro,7,1347,Corporativo,Sul,RS,Eletrônicos,Monitor Ultrawide,E-commerce,28,"R$ 2.404,20",4%,"R$ 67.317,49","R$ 2.763,31","R$ 64.554,19","R$ 39.514,62","R$ 25.039,57","38,79",,,,,,,
535,2023-09-07 00:00:00,2023,Setembro,7,1067,Corporativo,Nordeste,CE,Eletrônicos,Headset Gamer,E-commerce,28,"R$ 1.397,87",2%,"R$ 39.140,47","R$ 636,93","R$ 38.503,54","R$ 28.633,97","R$ 9.869,57","25,63",,,,,,,
536,2023-09-08 00:00:00,2023,Setembro,8,1573,Corporativo,Nordeste,PE,Eletrônicos,Cadeira Gamer,Loja Física,19,"R$ 1.310,61",4%,"R$ 24.901,63","R$ 1.058,90","R$ 23.842,74","R$ 16.547,99","R$ 7.294,75","30,60",,,,,,,
537,2023-09-08 00:00:00,2023,Setembro,8,1945,Corporativo,Centro-Oeste,GO,Eletrônicos,Teclado Mecânico,E-commerce,26,"R$ 1.780,32",4%,"R$ 46.288,25","R$ 2.029,96","R$ 44.258,29","R$ 28.466,12","R$ 15.792,17","35,68",,,,,,,
538,2023-09-09 00:00:00,2023,Setembro,9,1604,Corporativo,Sudeste,SP,Eletrônicos,Microfone Condensador,Loja Física,16,"R$ 2.452,98",2%,"R$ 39.247,62","R$ 978,27","R$ 38.269,34","R$ 20.144,29","R$ 18.125,05","47,36",,,,,,,
539,2023-09-09 00:00:00,2023,Setembro,9,1770,Consumidor Final,Sul,RS,Eletrônicos,Monitor Ultrawide,E-commerce,4,"R$ 289,85",3%,"R$ 1.159,42","R$ 35,82","R$ 1.123,60","R$ 660,56","R$ 463,04","41,21",,,,,,,
540,2023-09-09 00:00:00,2023,Setembro,9,1627,Corporativo,Sudeste,MG,Eletrônicos,Teclado Mecânico,Loja Física,16,"R$ 3.365,63",7%,"R$ 53.850,03","R$ 3.676,26","R$ 50.173,77","R$ 26.895,98","R$ 23.277,78","46,39",,,,,,,
541,2023-09-10 00:00:00,2023,Setembro,10,1359,Consumidor Final,Sul,SC,Móveis,Mesa Gamer,Loja Física,1,"R$ 379,96",9%,"R$ 379,96","R$ 33,14","R$ 346,81","R$ 211,60","R$ 135,22","38,99",,,,,,,
542,2023-09-10 00:00:00,2023,Setembro,10,1570,Consumidor Final,Sudeste,SP,Eletrônicos,Mouse Gamer,Loja Física,2,"R$ 429,19",8%,"R$ 858,39","R$ 72,42","R$ 785,96","R$ 441,37","R$ 344,59","43,84",,,,,,,
543,2023-09-10 00:00:00,2023,Setembro,10,1377,Pequenas Empresas,Sudeste,SP,Eletrônicos,Cadeira Gamer,Loja Física,2,"R$ 600,70",2%,"R$ 1.201,41","R$ 27,93","R$ 1.173,47","R$ 639,46","R$ 534,02","45,51",,,,,,,
544,2023-09-11 00:00:00,2023,Setembro,11,1349,Pequenas Empresas,Sudeste,MG,Eletrônicos,Teclado Mecânico,E-commerce,8,"R$ 1.052,62",6%,"R$ 8.420,92","R$ 516,54","R$ 7.904,38","R$ 4.548,16","R$ 3.356,23","42,46",,,,,,,
545,2023-09-12 00:00:00,2023,Setembro,12,1668,Pequenas Empresas,Sudeste,RJ,Eletrônicos,Mouse Gamer,E-commerce,8,"R$ 926,48",12%,"R$ 7.411,85","R$ 887,59","R$ 6.524,27","R$ 3.607,24","R$ 2.917,03","44,71",,,,,,,
546,2023-09-12 00:00:00,2023,Setembro,12,1743,Consumidor Final,Sudeste,MG,Eletrônicos,Monitor Ultrawide,Loja Física,1,"R$ 411,80",6%,"R$ 411,80","R$ 24,60","R$ 387,20","R$ 201,67","R$ 185,53","47,91",,,,,,,
547,2023-09-13 00:00:00,2023,Setembro,13,1380,Corporativo,Sudeste,SP,Eletrônicos,Mouse Gamer,Loja Física,15,"R$ 2.617,78",6%,"R$ 39.266,77","R$ 2.368,52","R$ 36.898,25","R$ 20.522,18","R$ 16.376,07","44,38",,,,,,,
548,2023-09-13 00:00:00,2023,Setembro,13,1887,Corporativo,Sudeste,RJ,Eletrônicos,Cadeira Gamer,Loja Física,15,"R$ 2.880,13",2%,"R$ 43.201,99","R$ 1.075,26","R$ 42.126,73","R$ 23.933,95","R$ 18.192,78","43,19",,,,,,,
549,2023-09-13 00:00:00,2023,Setembro,13,1522,Corporativo,Nordeste,PE,Eletrônicos,Teclado Mecânico,Loja Física,11,"R$ 2.408,09",2%,"R$ 26.489,04","R$ 588,93","R$ 25.900,11","R$ 18.075,94","R$ 7.824,17","30,21",,,,,,,
550,2023-09-13 00:00:00,2023,Setembro,13,1131,Consumidor Final,Sul,RS,Móveis,Mesa Gamer,Loja Física,1,"R$ 352,69",1%,"R$ 352,69","R$ 5,00","R$ 347,68","R$ 206,11","R$ 141,58","40,72",,,,,,,
551,2023-09-13 00:00:00,2023,Setembro,13,1572,Corporativo,Nordeste,BA,Eletrônicos,Webcam 4K,Loja Física,12,"R$ 2.470,44",8%,"R$ 29.645,31","R$ 2.237,49","R$ 27.407,82","R$ 19.122,03","R$ 8.285,79","30,23",,,,,,,
552,2023-09-13 00:00:00,2023,Setembro,13,1123,Corporativo,Nordeste,PE,Eletrônicos,Monitor Ultrawide,Loja Física,11,"R$ 2.442,64",2%,"R$ 26.869,06","R$ 503,01","R$ 26.366,04","R$ 18.879,38","R$ 7.486,67","28,40",,,,,,,
553,2023-09-14 00:00:00,2023,Setembro,14,1048,Pequenas Empresas,Sul,SC,Eletrônicos,Teclado Mecânico,E-commerce,8,"R$ 537,67",11%,"R$ 4.301,35","R$ 458,80","R$ 3.842,55","R$ 2.292,08","R$ 1.550,47","40,35",,,,,,,
554,2023-09-14 00:00:00,2023,Setembro,14,1674,Consumidor Final,Sudeste,RJ,Eletrônicos,Cadeira Gamer,E-commerce,5,"R$ 328,70",2%,"R$ 1.643,52","R$ 31,01","R$ 1.612,51","R$ 844,35","R$ 768,16","47,64",,,,,,,
555,2023-09-14 00:00:00,2023,Setembro,14,1647,Consumidor Final,Sul,RS,Eletrônicos,Monitor Ultrawide,Loja Física,2,"R$ 300,75",3%,"R$ 601,49","R$ 19,30","R$ 582,20","R$ 355,78","R$ 226,42","38,89",,,,,,,
556,2023-09-14 00:00:00,2023,Setembro,14,1015,Consumidor Final,Sul,PR,Eletrônicos,Headset Gamer,Loja Física,1,"R$ 257,94",4%,"R$ 257,94","R$ 11,29","R$ 246,65","R$ 152,50","R$ 94,15","38,17",,,,,,,
557,2023-09-14 00:00:00,2023,Setembro,14,1427,Consumidor Final,Sul,PR,Eletrônicos,Mouse Gamer,Loja Física,2,"R$ 412,54",12%,"R$ 825,08","R$ 96,37","R$ 728,71","R$ 451,34","R$ 277,37","38,06",,,,,,,
558,2023-09-15 00:00:00,2023,Setembro,15,1601,Pequenas Empresas,Sudeste,MG,Eletrônicos,Webcam 4K,E-commerce,14,"R$ 775,61",6%,"R$ 10.858,61","R$ 613,43","R$ 10.245,18","R$ 5.330,18","R$ 4.915,01","47,97",,,,,,,
559,2023-09-15 00:00:00,2023,Setembro,15,1627,Pequenas Empresas,Sudeste,RJ,Eletrônicos,Cadeira Gamer,E-commerce,6,"R$ 785,02",10%,"R$ 4.710,13","R$ 466,61","R$ 4.243,53","R$ 2.219,23","R$ 2.024,30","47,70",,,,,,,
560,2023-09-15 00:00:00,2023,Setembro,15,1331,Consumidor Final,Sudeste,RJ,Eletrônicos,Headset Gamer,Loja Física,1,"R$ 412,16",1%,"R$ 412,16","R$ 4,71","R$ 407,46","R$ 230,78","R$ 176,67","43,36",,,,,,,
561,2023-09-15 00:00:00,2023,Setembro,15,1639,Corporativo,Sul,SC,Eletrônicos,Microfone Condensador,E-commerce,41,"R$ 2.603,87",1%,"R$ 106.758,60","R$ 1.350,72","R$ 105.407,88","R$ 65.670,42","R$ 39.737,46","37,70",,,,,,,
562,2023-09-15 00:00:00,2023,Setembro,15,1445,Pequenas Empresas,Nordeste,BA,Eletrônicos,Teclado Mecânico,Loja Física,3,"R$ 767,47",9%,"R$ 2.302,40","R$ 213,51","R$ 2.088,88","R$ 1.453,17","R$ 635,72","30,43",,,,,,,
563,2023-09-16 00:00:00,2023,Setembro,16,1583,Corporativo,Nordeste,PE,Móveis,Mesa Gamer,Loja Física,18,"R$ 3.100,58",7%,"R$ 55.810,51","R$ 4.167,93","R$ 51.642,58","R$ 37.637,82","R$ 14.004,75","27,12",,,,,,,
564,2023-09-16 00:00:00,2023,Setembro,16,1230,Consumidor Final,Sul,SC,Eletrônicos,Monitor Ultrawide,E-commerce,3,"R$ 215,45",11%,"R$ 646,36","R$ 72,97","R$ 573,39","R$ 345,20","R$ 228,19","39,80",,,,,,,
565,2023-09-16 00:00:00,2023,Setembro,16,1219,Corporativo,Sudeste,SP,Eletrônicos,Mouse Gamer,Loja Física,19,"R$ 3.192,47",3%,"R$ 60.656,98","R$ 1.705,01","R$ 58.951,96","R$ 32.723,79","R$ 26.228,17","44,49",,,,,,,
566,2023-09-17 00:00:00,2023,Setembro,17,1341,Pequenas Empresas,Nordeste,CE,Eletrônicos,Monitor Ultrawide,E-commerce,5,"R$ 857,29",3%,"R$ 4.286,43","R$ 130,02","R$ 4.156,41","R$ 3.102,45","R$ 1.053,96","25,36",,,,,,,
567,2023-09-17 00:00:00,2023,Setembro,17,1644,Pequenas Empresas,Sudeste,SP,Eletrônicos,Webcam 4K,E-commerce,8,"R$ 626,69",10%,"R$ 5.013,53","R$ 511,86","R$ 4.501,67","R$ 2.464,30","R$ 2.037,36","45,26",,,,,,,
568,2023-09-17 00:00:00,2023,Setembro,17,1979,Corporativo,Sudeste,RJ,Eletrônicos,Teclado Mecânico,Loja Física,12,"R$ 2.216,22",3%,"R$ 26.594,61","R$ 743,86","R$ 25.850,75","R$ 14.707,33","R$ 11.143,42","43,11",,,,,,,
569,2023-09-18 00:00:00,2023,Setembro,18,1875,Consumidor Final,Sul,RS,Eletrônicos,Monitor Ultrawide,E-commerce,4,"R$ 329,40",5%,"R$ 1.317,61","R$ 68,99","R$ 1.248,62","R$ 722,59","R$ 526,03","42,13",,,,,,,
570,2023-09-19 00:00:00,2023,Setembro,19,1237,Consumidor Final,Nordeste,BA,Eletrônicos,Mouse Gamer,E-commerce,5,"R$ 264,84",10%,"R$ 1.324,18","R$ 135,47","R$ 1.188,70","R$ 881,16","R$ 307,54","25,87",,,,,,,
571,2023-09-19 00:00:00,2023,Setembro,19,1936,Corporativo,Sul,RS,Eletrônicos,Teclado Mecânico,Loja Física,10,"R$ 1.363,66",7%,"R$ 13.636,58","R$ 997,18","R$ 12.639,40","R$ 7.533,58","R$ 5.105,83","40,40",,,,,,,
572,2023-09-19 00:00:00,2023,Setembro,19,1508,Pequenas Empresas,Nordeste,CE,Eletrônicos,Monitor Ultrawide,Loja Física,6,"R$ 606,48",2%,"R$ 3.638,90","R$ 81,84","R$ 3.557,06","R$ 2.471,97","R$ 1.085,09","30,51",,,,,,,
573,2023-09-19 00:00:00,2023,Setembro,19,1260,Pequenas Empresas,Sudeste,SP,Móveis,Mesa Gamer,E-commerce,8,"R$ 548,22",7%,"R$ 4.385,77","R$ 304,99","R$ 4.080,79","R$ 2.208,79","R$ 1.872,00","45,87",,,,,,,
574,2023-09-19 00:00:00,2023,Setembro,19,1380,Corporativo,Sul,PR,Eletrônicos,Cadeira Gamer,Loja Física,13,"R$ 2.555,19",6%,"R$ 33.217,52","R$ 1.992,08","R$ 31.225,44","R$ 18.826,01","R$ 12.399,43","39,71",,,,,,,
575,2023-09-19 00:00:00,2023,Setembro,19,1034,Corporativo,Sudeste,RJ,Eletrônicos,Teclado Mecânico,E-commerce,49,"R$ 3.031,91",9%,"R$ 148.563,79","R$ 13.852,59","R$ 134.711,20","R$ 72.631,77","R$ 62.079,43","46,08",,,,,,,
576,2023-09-20 00:00:00,2023,Setembro,20,1201,Corporativo,Sudeste,MG,Eletrônicos,Cadeira Gamer,E-commerce,30,"R$ 2.788,67",9%,"R$ 83.660,12","R$ 7.543,34","R$ 76.116,78","R$ 43.933,20","R$ 32.183,57","42,28",,,,,,,
577,2023-09-21 00:00:00,2023,Setembro,21,1230,Corporativo,Nordeste,PE,Eletrônicos,Microfone Condensador,E-commerce,38,"R$ 2.475,88",2%,"R$ 94.083,56","R$ 1.735,22","R$ 92.348,34","R$ 69.238,05","R$ 23.110,29","25,03",,,,,,,
578,2023-09-21 00:00:00,2023,Setembro,21,1916,Corporativo,Nordeste,CE,Eletrônicos,Teclado Mecânico,E-commerce,42,"R$ 2.151,46",8%,"R$ 90.361,36","R$ 7.394,00","R$ 82.967,36","R$ 59.340,15","R$ 23.627,21","28,48",,,,,,,
579,2023-09-21 00:00:00,2023,Setembro,21,1886,Consumidor Final,Centro-Oeste,GO,Móveis,Mesa Gamer,E-commerce,1,"R$ 179,53",12%,"R$ 179,53","R$ 20,69","R$ 158,84","R$ 102,30","R$ 56,54","35,60",,,,,,,
580,2023-09-22 00:00:00,2023,Setembro,22,1631,Pequenas Empresas,Sul,SC,Eletrônicos,Cadeira Gamer,E-commerce,14,"R$ 792,33",3%,"R$ 11.092,58","R$ 317,75","R$ 10.774,82","R$ 6.755,18","R$ 4.019,64","37,31",,,,,,,
581,2023-09-22 00:00:00,2023,Setembro,22,1977,Corporativo,Sudeste,RJ,Eletrônicos,Headset Gamer,E-commerce,46,"R$ 2.758,36",7%,"R$ 126.884,35","R$ 8.902,48","R$ 117.981,86","R$ 65.066,36","R$ 52.915,50","44,85",,,,,,,
582,2023-09-23 00:00:00,2023,Setembro,23,1601,Pequenas Empresas,Centro-Oeste,GO,Eletrônicos,Mouse Gamer,Loja Física,7,"R$ 624,48",5%,"R$ 4.371,36","R$ 211,98","R$ 4.159,38","R$ 2.633,12","R$ 1.526,27","36,69",,,,,,,
583,2023-09-23 00:00:00,2023,Setembro,23,1997,Corporativo,Centro-Oeste,GO,Eletrônicos,Headset Gamer,E-commerce,44,"R$ 3.411,72",9%,"R$ 150.115,52","R$ 13.559,45","R$ 136.556,07","R$ 88.844,44","R$ 47.711,63","34,94",,,,,,,
584,2023-09-23 00:00:00,2023,Setembro,23,1389,Pequenas Empresas,Nordeste,CE,Eletrônicos,Monitor Ultrawide,Loja Física,4,"R$ 1.182,58",3%,"R$ 4.730,31","R$ 141,43","R$ 4.588,88","R$ 3.221,62","R$ 1.367,25","29,79",,,,,,,
585,2023-09-24 00:00:00,2023,Setembro,24,1069,Corporativo,Sudeste,RJ,Móveis,Mesa Gamer,Loja Física,8,"R$ 3.115,01",10%,"R$ 24.920,06","R$ 2.453,58","R$ 22.466,47","R$ 11.862,63","R$ 10.603,85","47,20",,,,,,,
586,2023-09-24 00:00:00,2023,Setembro,24,1613,Consumidor Final,Sudeste,SP,Eletrônicos,Headset Gamer,Loja Física,1,"R$ 417,04",8%,"R$ 417,04","R$ 34,09","R$ 382,95","R$ 211,55","R$ 171,40","44,76",,,,,,,
587,2023-09-24 00:00:00,2023,Setembro,24,1778,Pequenas Empresas,Sul,RS,Eletrônicos,Teclado Mecânico,E-commerce,14,"R$ 815,69",12%,"R$ 11.419,65","R$ 1.365,99","R$ 10.053,66","R$ 6.252,24","R$ 3.801,42","37,81",,,,,,,
588,2023-09-24 00:00:00,2023,Setembro,24,1191,Consumidor Final,Sudeste,RJ,Eletrônicos,Monitor Ultrawide,Loja Física,1,"R$ 189,90",3%,"R$ 189,90","R$ 5,21","R$ 184,69","R$ 96,60","R$ 88,09","47,70",,,,,,,
589,2023-09-25 00:00:00,2023,Setembro,25,1258,Pequenas Empresas,Centro-Oeste,GO,Eletrônicos,Monitor Ultrawide,Loja Física,6,"R$ 1.193,23",3%,"R$ 7.159,36","R$ 235,65","R$ 6.923,71","R$ 4.560,46","R$ 2.363,24","34,13",,,,,,,
590,2023-09-26 00:00:00,2023,Setembro,26,1433,Pequenas Empresas,Sul,PR,Eletrônicos,Headset Gamer,E-commerce,9,"R$ 960,58",7%,"R$ 8.645,22","R$ 646,60","R$ 7.998,63","R$ 4.588,65","R$ 3.409,97","42,63",,,,,,,
591,2023-09-26 00:00:00,2023,Setembro,26,1172,Consumidor Final,Sul,RS,Eletrônicos,Microfone Condensador,Loja Física,2,"R$ 198,44",6%,"R$ 396,87","R$ 24,56","R$ 372,31","R$ 222,19","R$ 150,12","40,32",,,,,,,
592,2023-09-26 00:00:00,2023,Setembro,26,1617,Consumidor Final,Sudeste,MG,Eletrônicos,Headset Gamer,Loja Física,1,"R$ 170,75",10%,"R$ 170,75","R$ 17,25","R$ 153,50","R$ 86,68","R$ 66,81","43,53",,,,,,,
593,2023-09-28 00:00:00,2023,Setembro,28,1929,Consumidor Final,Sul,SC,Eletrônicos,Microfone Condensador,Loja Física,2,"R$ 228,35",9%,"R$ 456,70","R$ 39,48","R$ 417,22","R$ 248,64","R$ 168,57","40,40",,,,,,,
594,2023-09-28 00:00:00,2023,Setembro,28,1272,Pequenas Empresas,Nordeste,PE,Móveis,Mesa Gamer,E-commerce,8,"R$ 810,54",2%,"R$ 6.484,32","R$ 157,93","R$ 6.326,39","R$ 4.577,57","R$ 1.748,82","27,64",,,,,,,
595,2023-09-29 00:00:00,2023,Setembro,29,1545,Consumidor Final,Nordeste,CE,Eletrônicos,Mouse Gamer,Loja Física,1,"R$ 275,73",8%,"R$ 275,73","R$ 20,93","R$ 254,80","R$ 183,24","R$ 71,55","28,08",,,,,,,
596,2023-09-30 00:00:00,2023,Setembro,30,1133,Pequenas Empresas,Nordeste,CE,Eletrônicos,Headset Gamer,Loja Física,3,"R$ 732,41",11%,"R$ 2.197,23","R$ 241,44","R$ 1.955,80","R$ 1.438,38","R$ 517,42","26,46",,,,,,,
597,2023-09-30 00:00:00,2023,Setembro,30,1065,Corporativo,Sudeste,SP,Eletrônicos,Webcam 4K,E-commerce,29,"R$ 2.545,10",11%,"R$ 73.808,02","R$ 8.381,80","R$ 65.426,22","R$ 37.262,55","R$ 28.163,67","43,05",,,,,,,
598,2023-09-30 00:00:00,2023,Setembro,30,1735,Consumidor Final,Nordeste,PE,Eletrônicos,Microfone Condensador,Loja Física,2,"R$ 337,70",7%,"R$ 675,41","R$ 47,66","R$ 627,75","R$ 455,47","R$ 172,28","27,44",,,,,,,
599,2023-10-01 00:00:00,2023,Outubro,1,1647,Consumidor Final,Centro-Oeste,GO,Eletrônicos,Headset Gamer,E-commerce,3,"R$ 342,63",4%,"R$ 1.027,88","R$ 41,43","R$ 986,45","R$ 641,51","R$ 344,93","34,97",,,,,,,
600,2023-10-01 00:00:00,2023,Outubro,1,1103,Pequenas Empresas,Nordeste,CE,Eletrônicos,Cadeira Gamer,Loja Física,3,"R$ 1.112,53",8%,"R$ 3.337,58","R$ 252,53","R$ 3.085,05","R$ 2.163,82","R$ 921,22","29,86",,,,,,,
601,2023-10-01 00:00:00,2023,Outubro,1,1383,Corporativo,Centro-Oeste,GO,Eletrônicos,Teclado Mecânico,Loja Física,19,"R$ 1.880,22",4%,"R$ 35.724,17","R$ 1.362,23","R$ 34.361,94","R$ 22.691,07","R$ 11.670,87","33,96",,,,,,,
602,2023-10-03 00:00:00,2023,Outubro,3,1828,Pequenas Empresas,Sul,SC,Eletrônicos,Webcam 4K,E-commerce,9,"R$ 1.032,55",5%,"R$ 9.292,98","R$ 486,21","R$ 8.806,76","R$ 5.317,88","R$ 3.488,88","39,62",,,,,,,
603,2023-10-04 00:00:00,2023,Outubro,4,1802,Consumidor Final,Nordeste,CE,Eletrônicos,Webcam 4K,Loja Física,1,"R$ 277,95",8%,"R$ 277,95","R$ 21,60","R$ 256,35","R$ 191,01","R$ 65,34","25,49",,,,,,,
604,2023-10-04 00:00:00,2023,Outubro,4,1244,Pequenas Empresas,Sul,RS,Eletrônicos,Microfone Condensador,Loja Física,3,"R$ 1.018,14",9%,"R$ 3.054,41","R$ 270,74","R$ 2.783,67","R$ 1.657,01","R$ 1.126,66","40,47",,,,,,,
605,2023-10-04 00:00:00,2023,Outubro,4,1466,Pequenas Empresas,Sudeste,MG,Eletrônicos,Cadeira Gamer,Loja Física,4,"R$ 1.049,49",1%,"R$ 4.197,97","R$ 48,38","R$ 4.149,59","R$ 2.245,08","R$ 1.904,51","45,90",,,,,,,
606,2023-10-04 00:00:00,2023,Outubro,4,1018,Corporativo,Sudeste,SP,Eletrônicos,Cadeira Gamer,E-commerce,32,"R$ 1.875,13",4%,"R$ 60.004,16","R$ 2.355,75","R$ 57.648,41","R$ 32.285,02","R$ 25.363,39","44,00",,,,,,,
607,2023-10-04 00:00:00,2023,Outubro,4,1528,Consumidor Final,Sudeste,RJ,Eletrônicos,Monitor Ultrawide,E-commerce,1,"R$ 287,56",7%,"R$ 287,56","R$ 20,73","R$ 266,82","R$ 144,14","R$ 122,68","45,98",,,,,,,
608,2023-10-05 00:00:00,2023,Outubro,5,1276,Consumidor Final,Sul,PR,Eletrônicos,Microfone Condensador,Loja Física,1,"R$ 155,68",9%,"R$ 155,68","R$ 14,16","R$ 141,52","R$ 87,39","R$ 54,13","38,25",,,,,,,
609,2023-10-06 00:00:00,2023,Outubro,6,1668,Consumidor Final,Centro-Oeste,GO,Eletrônicos,Mouse Gamer,E-commerce,4,"R$ 164,77",4%,"R$ 659,07","R$ 23,34","R$ 635,72","R$ 398,06","R$ 237,66","37,38",,,,,,,
610,2023-10-06 00:00:00,2023,Outubro,6,1983,Pequenas Empresas,Sudeste,MG,Eletrônicos,Teclado Mecânico,E-commerce,8,"R$ 1.122,58",1%,"R$ 8.980,63","R$ 114,13","R$ 8.866,51","R$ 5.031,14","R$ 3.835,36","43,26",,,,,,,
611,2023-10-06 00:00:00,2023,Outubro,6,1130,Corporativo,Sudeste,MG,Móveis,Mesa Gamer,E-commerce,24,"R$ 1.749,85",9%,"R$ 41.996,46","R$ 3.921,82","R$ 38.074,65","R$ 20.347,08","R$ 17.727,57","46,56",,,,,,,
612,2023-10-06 00:00:00,2023,Outubro,6,1253,Pequenas Empresas,Sul,RS,Eletrônicos,Webcam 4K,E-commerce,10,"R$ 567,75",12%,"R$ 5.677,52","R$ 666,66","R$ 5.010,86","R$ 2.962,74","R$ 2.048,12","40,87",,,,,,,
613,2023-10-06 00:00:00,2023,Outubro,6,1689,Consumidor Final,Sudeste,MG,Móveis,Mesa Gamer,E-commerce,3,"R$ 262,18",11%,"R$ 786,55","R$ 84,55","R$ 702,00","R$ 400,79","R$ 301,22","42,91",,,,,,,
614,2023-10-06 00:00:00,2023,Outubro,6,1872,Pequenas Empresas,Sul,PR,Eletrônicos,Headset Gamer,E-commerce,9,"R$ 714,84",2%,"R$ 6.433,60","R$ 156,84","R$ 6.276,75","R$ 3.701,39","R$ 2.575,37","41,03",,,,,,,
615,2023-10-07 00:00:00,2023,Outubro,7,1967,Pequenas Empresas,Sudeste,SP,Eletrônicos,Headset Gamer,Loja Física,5,"R$ 565,45",7%,"R$ 2.827,27","R$ 185,16","R$ 2.642,11","R$ 1.482,94","R$ 1.159,18","43,87",,,,,,,
616,2023-10-07 00:00:00,2023,Outubro,7,1379,Corporativo,Sudeste,MG,Móveis,Mesa Gamer,E-commerce,24,"R$ 1.734,12",5%,"R$ 41.618,80","R$ 2.271,80","R$ 39.347,01","R$ 22.185,82","R$ 17.161,19","43,61",,,,,,,
617,2023-10-07 00:00:00,2023,Outubro,7,1538,Pequenas Empresas,Sudeste,SP,Eletrônicos,Headset Gamer,Loja Física,2,"R$ 696,19",9%,"R$ 1.392,37","R$ 128,99","R$ 1.263,38","R$ 664,77","R$ 598,61","47,38",,,,,,,
618,2023-10-08 00:00:00,2023,Outubro,8,1662,Pequenas Empresas,Nordeste,BA,Eletrônicos,Mouse Gamer,E-commerce,6,"R$ 926,17",8%,"R$ 5.557,04","R$ 447,74","R$ 5.109,29","R$ 3.824,13","R$ 1.285,16","25,15",,,,,,,
619,2023-10-08 00:00:00,2023,Outubro,8,1310,Consumidor Final,Nordeste,BA,Eletrônicos,Cadeira Gamer,E-commerce,5,"R$ 230,22",10%,"R$ 1.151,12","R$ 114,38","R$ 1.036,74","R$ 772,43","R$ 264,31","25,49",,,,,,,
620,2023-10-08 00:00:00,2023,Outubro,8,1313,Corporativo,Sudeste,RJ,Eletrônicos,Headset Gamer,Loja Física,16,"R$ 2.455,62",11%,"R$ 39.289,99","R$ 4.395,86","R$ 34.894,12","R$ 18.414,36","R$ 16.479,76","47,23",,,,,,,
621,2023-10-08 00:00:00,2023,Outubro,8,1301,Corporativo,Sul,SC,Eletrônicos,Monitor Ultrawide,E-commerce,25,"R$ 1.537,40",9%,"R$ 38.434,97","R$ 3.302,93","R$ 35.132,04","R$ 20.141,15","R$ 14.990,89","42,67",,,,,,,
622,2023-10-08 00:00:00,2023,Outubro,8,1712,Pequenas Empresas,Sudeste,SP,Eletrônicos,Headset Gamer,E-commerce,6,"R$ 443,02",8%,"R$ 2.658,11","R$ 222,30","R$ 2.435,81","R$ 1.378,97","R$ 1.056,84","43,39",,,,,,,
623,2023-10-08 00:00:00,2023,Outubro,8,1171,Corporativo,Sudeste,SP,Eletrônicos,Teclado Mecânico,E-commerce,18,"R$ 1.346,47",3%,"R$ 24.236,55","R$ 714,59","R$ 23.521,96","R$ 13.635,48","R$ 9.886,48","42,03",,,,,,,
624,2023-10-08 00:00:00,2023,Outubro,8,1906,Consumidor Final,Nordeste,CE,Eletrônicos,Mouse Gamer,E-commerce,1,"R$ 354,80",4%,"R$ 354,80","R$ 12,74","R$ 342,05","R$ 237,17","R$ 104,88","30,66",,,,,,,
625,2023-10-08 00:00:00,2023,Outubro,8,1288,Corporativo,Nordeste,BA,Eletrônicos,Teclado Mecânico,E-commerce,46,"R$ 1.919,71",10%,"R$ 88.306,89","R$ 9.222,39","R$ 79.084,50","R$ 58.688,51","R$ 20.395,99","25,79",,,,,,,
626,2023-10-09 00:00:00,2023,Outubro,9,1821,Consumidor Final,Nordeste,CE,Eletrônicos,Teclado Mecânico,E-commerce,4,"R$ 174,59",8%,"R$ 698,36","R$ 56,67","R$ 641,69","R$ 457,20","R$ 184,48","28,75",,,,,,,
627,2023-10-09 00:00:00,2023,Outubro,9,1330,Corporativo,Sul,PR,Eletrônicos,Monitor Ultrawide,Loja Física,18,"R$ 1.323,36",9%,"R$ 23.820,48","R$ 2.118,14","R$ 21.702,34","R$ 13.053,34","R$ 8.649,00","39,85",,,,,,,
628,2023-10-10 00:00:00,2023,Outubro,10,1254,Pequenas Empresas,Centro-Oeste,GO,Eletrônicos,Mouse Gamer,E-commerce,12,"R$ 555,63",10%,"R$ 6.667,54","R$ 668,49","R$ 5.999,04","R$ 3.835,80","R$ 2.163,25","36,06",,,,,,,
629,2023-10-10 00:00:00,2023,Outubro,10,1197,Pequenas Empresas,Nordeste,BA,Eletrônicos,Mouse Gamer,Loja Física,5,"R$ 862,26",4%,"R$ 4.311,31","R$ 189,12","R$ 4.122,19","R$ 2.973,62","R$ 1.148,57","27,86",,,,,,,
630,2023-10-10 00:00:00,2023,Outubro,10,1724,Consumidor Final,Nordeste,BA,Eletrônicos,Microfone Condensador,E-commerce,5,"R$ 362,82",2%,"R$ 1.814,08","R$ 39,17","R$ 1.774,91","R$ 1.241,85","R$ 533,06","30,03",,,,,,,
631,2023-10-11 00:00:00,2023,Outubro,11,1182,Consumidor Final,Sudeste,RJ,Eletrônicos,Mouse Gamer,Loja Física,1,"R$ 426,66",3%,"R$ 426,66","R$ 10,93","R$ 415,73","R$ 233,53","R$ 182,19","43,83",,,,,,,
632,2023-10-12 00:00:00,2023,Outubro,12,1380,Corporativo,Sul,PR,Eletrônicos,Mouse Gamer,Loja Física,18,"R$ 2.137,89",11%,"R$ 38.482,01","R$ 4.136,89","R$ 34.345,12","R$ 21.540,17","R$ 12.804,95","37,28",,,,,,,
633,2023-10-12 00:00:00,2023,Outubro,12,1622,Consumidor Final,Sul,RS,Eletrônicos,Mouse Gamer,Loja Física,2,"R$ 408,75",4%,"R$ 817,50","R$ 29,13","R$ 788,36","R$ 463,79","R$ 324,58","41,17",,,,,,,
634,2023-10-13 00:00:00,2023,Outubro,13,1636,Pequenas Empresas,Sul,RS,Eletrônicos,Monitor Ultrawide,E-commerce,12,"R$ 638,62",10%,"R$ 7.663,42","R$ 730,37","R$ 6.933,05","R$ 4.204,29","R$ 2.728,76","39,36",,,,,,,
635,2023-10-13 00:00:00,2023,Outubro,13,1969,Consumidor Final,Sul,SC,Eletrônicos,Headset Gamer,E-commerce,2,"R$ 423,45",3%,"R$ 846,91","R$ 29,11","R$ 817,80","R$ 512,46","R$ 305,34","37,34",,,,,,,
636,2023-10-13 00:00:00,2023,Outubro,13,1568,Corporativo,Centro-Oeste,GO,Eletrônicos,Microfone Condensador,E-commerce,35,"R$ 1.991,41",7%,"R$ 69.699,38","R$ 4.687,97","R$ 65.011,41","R$ 42.488,86","R$ 22.522,55","34,64",,,,,,,
637,2023-10-13 00:00:00,2023,Outubro,13,1143,Consumidor Final,Nordeste,CE,Eletrônicos,Teclado Mecânico,Loja Física,2,"R$ 186,57",6%,"R$ 373,13","R$ 20,80","R$ 352,33","R$ 262,91","R$ 89,42","25,38",,,,,,,
638,2023-10-14 00:00:00,2023,Outubro,14,1219,Pequenas Empresas,Sudeste,SP,Eletrônicos,Mouse Gamer,Loja Física,3,"R$ 458,69",8%,"R$ 1.376,07","R$ 114,14","R$ 1.261,93","R$ 686,84","R$ 575,09","45,57",,,,,,,
639,2023-10-15 00:00:00,2023,Outubro,15,1424,Corporativo,Sul,SC,Eletrônicos,Webcam 4K,Loja Física,10,"R$ 3.258,63",10%,"R$ 32.586,30","R$ 3.384,30","R$ 29.202,00","R$ 17.217,12","R$ 11.984,87","41,04",,,,,,,
640,2023-10-15 00:00:00,2023,Outubro,15,1428,Corporativo,Nordeste,CE,Eletrônicos,Headset Gamer,E-commerce,36,"R$ 1.790,29",9%,"R$ 64.450,39","R$ 5.976,65","R$ 58.473,74","R$ 42.055,92","R$ 16.417,82","28,08",,,,,,,
641,2023-10-15 00:00:00,2023,Outubro,15,1979,Pequenas Empresas,Sudeste,RJ,Eletrônicos,Headset Gamer,E-commerce,13,"R$ 649,26",10%,"R$ 8.440,35","R$ 869,54","R$ 7.570,81","R$ 4.273,14","R$ 3.297,66","43,56",,,,,,,
642,2023-10-15 00:00:00,2023,Outubro,15,1908,Pequenas Empresas,Sul,PR,Eletrônicos,Teclado Mecânico,Loja Física,3,"R$ 443,79",3%,"R$ 1.331,36","R$ 43,22","R$ 1.288,13","R$ 779,16","R$ 508,97","39,51",,,,,,,
643,2023-10-15 00:00:00,2023,Outubro,15,1034,Consumidor Final,Centro-Oeste,GO,Eletrônicos,Monitor Ultrawide,Loja Física,1,"R$ 316,15",7%,"R$ 316,15","R$ 21,00","R$ 295,15","R$ 195,72","R$ 99,43","33,69",,,,,,,
644,2023-10-15 00:00:00,2023,Outubro,15,1618,Pequenas Empresas,Nordeste,BA,Móveis,Mesa Gamer,E-commerce,13,"R$ 496,29",2%,"R$ 6.451,78","R$ 112,50","R$ 6.339,28","R$ 4.479,07","R$ 1.860,21","29,34",,,,,,,
645,2023-10-16 00:00:00,2023,Outubro,16,1709,Consumidor Final,Sul,SC,Móveis,Mesa Gamer,Loja Física,1,"R$ 361,67",4%,"R$ 361,67","R$ 15,86","R$ 345,81","R$ 212,84","R$ 132,97","38,45",,,,,,,
646,2023-10-16 00:00:00,2023,Outubro,16,1043,Corporativo,Sul,PR,Eletrônicos,Headset Gamer,E-commerce,16,"R$ 2.853,05",2%,"R$ 45.648,83","R$ 1.011,87","R$ 44.636,96","R$ 28.025,96","R$ 16.610,99","37,21",,,,,,,
647,2023-10-16 00:00:00,2023,Outubro,16,1503,Pequenas Empresas,Sul,RS,Eletrônicos,Cadeira Gamer,Loja Física,4,"R$ 443,06",3%,"R$ 1.772,26","R$ 54,74","R$ 1.717,52","R$ 1.078,02","R$ 639,50","37,23",,,,,,,
648,2023-10-16 00:00:00,2023,Outubro,16,1007,Consumidor Final,Sul,RS,Eletrônicos,Cadeira Gamer,E-commerce,2,"R$ 285,66",9%,"R$ 571,32","R$ 52,16","R$ 519,16","R$ 305,69","R$ 213,47","41,12",,,,,,,
649,2023-10-16 00:00:00,2023,Outubro,16,1667,Consumidor Final,Nordeste,CE,Eletrônicos,Teclado Mecânico,E-commerce,1,"R$ 408,43",11%,"R$ 408,43","R$ 42,99","R$ 365,44","R$ 273,86","R$ 91,58","25,06",,,,,,,
650,2023-10-16 00:00:00,2023,Outubro,16,1540,Pequenas Empresas,Sul,RS,Móveis,Mesa Gamer,Loja Física,4,"R$ 430,16",10%,"R$ 1.720,63","R$ 170,15","R$ 1.550,48","R$ 946,97","R$ 603,52","38,92",,,,,,,
651,2023-10-16 00:00:00,2023,Outubro,16,1536,Corporativo,Sudeste,MG,Eletrônicos,Headset Gamer,Loja Física,13,"R$ 1.771,79",7%,"R$ 23.033,29","R$ 1.594,44","R$ 21.438,84","R$ 11.158,31","R$ 10.280,53","47,95",,,,,,,
652,2023-10-17 00:00:00,2023,Outubro,17,1397,Consumidor Final,Nordeste,BA,Eletrônicos,Monitor Ultrawide,Loja Física,2,"R$ 230,12",7%,"R$ 460,25","R$ 31,67","R$ 428,57","R$ 299,35","R$ 129,23","30,15",,,,,,,
653,2023-10-17 00:00:00,2023,Outubro,17,1972,Consumidor Final,Sudeste,RJ,Móveis,Mesa Gamer,E-commerce,2,"R$ 220,43",10%,"R$ 440,85","R$ 44,12","R$ 396,73","R$ 222,08","R$ 174,66","44,02",,,,,,,
654,2023-10-17 00:00:00,2023,Outubro,17,1995,Corporativo,Sul,SC,Eletrônicos,Headset Gamer,E-commerce,29,"R$ 3.481,35",11%,"R$ 100.959,01","R$ 11.575,32","R$ 89.383,69","R$ 55.576,88","R$ 33.806,81","37,82",,,,,,,
655,2023-10-17 00:00:00,2023,Outubro,17,1970,Corporativo,Sul,SC,Eletrônicos,Headset Gamer,Loja Física,13,"R$ 1.630,39",7%,"R$ 21.195,02","R$ 1.507,19","R$ 19.687,83","R$ 12.059,16","R$ 7.628,67","38,75",,,,,,,
656,2023-10-17 00:00:00,2023,Outubro,17,1460,Consumidor Final,Centro-Oeste,GO,Eletrônicos,Mouse Gamer,E-commerce,3,"R$ 281,59",12%,"R$ 844,78","R$ 99,28","R$ 745,50","R$ 470,80","R$ 274,70","36,85",,,,,,,
657,2023-10-17 00:00:00,2023,Outubro,17,1672,Pequenas Empresas,Nordeste,PE,Eletrônicos,Monitor Ultrawide,Loja Física,4,"R$ 485,44",11%,"R$ 1.941,76","R$ 223,06","R$ 1.718,70","R$ 1.282,82","R$ 435,89","25,36",,,,,,,
658,2023-10-18 00:00:00,2023,Outubro,18,1227,Corporativo,Nordeste,CE,Eletrônicos,Mouse Gamer,E-commerce,40,"R$ 1.923,65",8%,"R$ 76.945,86","R$ 6.474,37","R$ 70.471,49","R$ 49.283,61","R$ 21.187,88","30,07",,,,,,,
659,2023-10-18 00:00:00,2023,Outubro,18,1898,Corporativo,Sudeste,MG,Eletrônicos,Teclado Mecânico,Loja Física,12,"R$ 2.660,29",2%,"R$ 31.923,42","R$ 754,13","R$ 31.169,29","R$ 17.946,28","R$ 13.223,02","42,42",,,,,,,
660,2023-10-19 00:00:00,2023,Outubro,19,1007,Corporativo,Sudeste,SP,Eletrônicos,Mouse Gamer,E-commerce,21,"R$ 3.088,88",7%,"R$ 64.866,38","R$ 4.534,77","R$ 60.331,61","R$ 34.710,50","R$ 25.621,11","42,47",,,,,,,
661,2023-10-19 00:00:00,2023,Outubro,19,1325,Corporativo,Sudeste,SP,Eletrônicos,Webcam 4K,E-commerce,47,"R$ 1.588,26",10%,"R$ 74.648,36","R$ 7.758,48","R$ 66.889,88","R$ 38.743,04","R$ 28.146,84","42,08",,,,,,,
662,2023-10-19 00:00:00,2023,Outubro,19,1382,Pequenas Empresas,Sul,SC,Eletrônicos,Mouse Gamer,Loja Física,3,"R$ 1.069,14",7%,"R$ 3.207,41","R$ 209,35","R$ 2.998,06","R$ 1.886,19","R$ 1.111,87","37,09",,,,,,,
663,2023-10-19 00:00:00,2023,Outubro,19,1086,Corporativo,Nordeste,BA,Eletrônicos,Webcam 4K,E-commerce,30,"R$ 1.658,21",4%,"R$ 49.746,16","R$ 2.052,54","R$ 47.693,62","R$ 34.943,30","R$ 12.750,32","26,73",,,,,,,
664,2023-10-19 00:00:00,2023,Outubro,19,1471,Corporativo,Sudeste,SP,Móveis,Mesa Gamer,Loja Física,10,"R$ 2.935,43",6%,"R$ 29.354,35","R$ 1.731,90","R$ 27.622,45","R$ 15.039,50","R$ 12.582,94","45,55",,,,,,,
665,2023-10-19 00:00:00,2023,Outubro,19,1203,Consumidor Final,Sul,PR,Eletrônicos,Cadeira Gamer,E-commerce,3,"R$ 243,09",7%,"R$ 729,28","R$ 47,67","R$ 681,61","R$ 396,84","R$ 284,77","41,78",,,,,,,
666,2023-10-19 00:00:00,2023,Outubro,19,1212,Pequenas Empresas,Nordeste,CE,Eletrônicos,Microfone Condensador,E-commerce,11,"R$ 930,69",2%,"R$ 10.237,59","R$ 235,51","R$ 10.002,08","R$ 7.260,61","R$ 2.741,47","27,41",,,,,,,
667,2023-10-20 00:00:00,2023,Outubro,20,1476,Corporativo,Nordeste,BA,Eletrônicos,Microfone Condensador,Loja Física,14,"R$ 2.151,09",1%,"R$ 30.115,23","R$ 433,03","R$ 29.682,20","R$ 21.773,69","R$ 7.908,50","26,64",,,,,,,
668,2023-10-20 00:00:00,2023,Outubro,20,1404,Pequenas Empresas,Sudeste,SP,Eletrônicos,Headset Gamer,Loja Física,6,"R$ 1.175,69",9%,"R$ 7.054,16","R$ 640,64","R$ 6.413,51","R$ 3.450,62","R$ 2.962,89","46,20",,,,,,,
669,2023-10-20 00:00:00,2023,Outubro,20,1422,Consumidor Final,Nordeste,PE,Eletrônicos,Microfone Condensador,E-commerce,5,"R$ 434,33",3%,"R$ 2.171,67","R$ 55,45","R$ 2.116,22","R$ 1.490,22","R$ 626,00","29,58",,,,,,,
670,2023-10-20 00:00:00,2023,Outubro,20,1285,Pequenas Empresas,Nordeste,PE,Eletrônicos,Webcam 4K,E-commerce,12,"R$ 705,29",10%,"R$ 8.463,52","R$ 806,37","R$ 7.657,15","R$ 5.585,47","R$ 2.071,68","27,06",,,,,,,
671,2023-10-20 00:00:00,2023,Outubro,20,1118,Pequenas Empresas,Sudeste,MG,Eletrônicos,Monitor Ultrawide,E-commerce,12,"R$ 516,82",11%,"R$ 6.201,80","R$ 701,96","R$ 5.499,84","R$ 2.887,09","R$ 2.612,75","47,51",,,,,,,
672,2023-10-21 00:00:00,2023,Outubro,21,1158,Corporativo,Nordeste,BA,Eletrônicos,Mouse Gamer,E-commerce,50,"R$ 3.325,37",10%,"R$ 166.268,39","R$ 16.666,02","R$ 149.602,37","R$ 107.158,41","R$ 42.443,96","28,37",,,,,,,
673,2023-10-21 00:00:00,2023,Outubro,21,1440,Consumidor Final,Sul,RS,Eletrônicos,Webcam 4K,E-commerce,3,"R$ 256,79",3%,"R$ 770,36","R$ 20,29","R$ 750,07","R$ 445,70","R$ 304,37","40,58",,,,,,,
674,2023-10-21 00:00:00,2023,Outubro,21,1844,Corporativo,Sudeste,MG,Eletrônicos,Monitor Ultrawide,E-commerce,47,"R$ 2.179,79",12%,"R$ 102.450,33","R$ 11.930,52","R$ 90.519,82","R$ 48.929,04","R$ 41.590,77","45,95",,,,,,,
675,2023-10-22 00:00:00,2023,Outubro,22,1123,Pequenas Empresas,Sudeste,SP,Eletrônicos,Cadeira Gamer,E-commerce,11,"R$ 880,76",9%,"R$ 9.688,32","R$ 838,71","R$ 8.849,61","R$ 4.940,30","R$ 3.909,32","44,18",,,,,,,
676,2023-10-22 00:00:00,2023,Outubro,22,1419,Corporativo,Nordeste,CE,Eletrônicos,Microfone Condensador,E-commerce,47,"R$ 1.644,27",6%,"R$ 77.280,60","R$ 4.779,33","R$ 72.501,26","R$ 52.320,47","R$ 20.180,79","27,84",,,,,,,
677,2023-10-22 00:00:00,2023,Outubro,22,1353,Consumidor Final,Nordeste,BA,Eletrônicos,Cadeira Gamer,Loja Física,1,"R$ 415,11",5%,"R$ 415,11","R$ 19,81","R$ 395,30","R$ 280,25","R$ 115,04","29,10",,,,,,,
678,2023-10-23 00:00:00,2023,Outubro,23,1877,Consumidor Final,Sudeste,MG,Eletrônicos,Microfone Condensador,Loja Física,1,"R$ 322,74",10%,"R$ 322,74","R$ 33,53","R$ 289,20","R$ 155,15","R$ 134,05","46,35",,,,,,,
679,2023-10-23 00:00:00,2023,Outubro,23,1000,Consumidor Final,Nordeste,CE,Eletrônicos,Mouse Gamer,E-commerce,1,"R$ 266,04",2%,"R$ 266,04","R$ 5,02","R$ 261,02","R$ 193,46","R$ 67,56","25,88",,,,,,,
680,2023-10-23 00:00:00,2023,Outubro,23,1898,Pequenas Empresas,Nordeste,CE,Eletrônicos,Teclado Mecânico,E-commerce,5,"R$ 585,28",10%,"R$ 2.926,40","R$ 302,54","R$ 2.623,86","R$ 1.905,35","R$ 718,51","27,38",,,,,,,
681,2023-10-23 00:00:00,2023,Outubro,23,1986,Corporativo,Sudeste,SP,Eletrônicos,Mouse Gamer,Loja Física,13,"R$ 1.988,53",2%,"R$ 25.850,89","R$ 575,53","R$ 25.275,35","R$ 13.794,67","R$ 11.480,69","45,42",,,,,,,
682,2023-10-23 00:00:00,2023,Outubro,23,1449,Consumidor Final,Nordeste,BA,Móveis,Mesa Gamer,E-commerce,3,"R$ 372,47",7%,"R$ 1.117,41","R$ 78,37","R$ 1.039,04","R$ 724,14","R$ 314,90","30,31",,,,,,,
683,2023-10-24 00:00:00,2023,Outubro,24,1221,Pequenas Empresas,Centro-Oeste,GO,Eletrônicos,Webcam 4K,Loja Física,6,"R$ 1.101,29",9%,"R$ 6.607,75","R$ 595,86","R$ 6.011,89","R$ 3.979,34","R$ 2.032,55","33,81",,,,,,,
684,2023-10-25 00:00:00,2023,Outubro,25,1740,Corporativo,Sul,RS,Eletrônicos,Headset Gamer,E-commerce,44,"R$ 2.055,79",9%,"R$ 90.454,72","R$ 8.464,81","R$ 81.989,92","R$ 49.986,84","R$ 32.003,08","39,03",,,,,,,
685,2023-10-25 00:00:00,2023,Outubro,25,1991,Pequenas Empresas,Sudeste,RJ,Eletrônicos,Teclado Mecânico,Loja Física,6,"R$ 866,50",7%,"R$ 5.199,01","R$ 383,10","R$ 4.815,92","R$ 2.777,48","R$ 2.038,44","42,33",,,,,,,
686,2023-10-25 00:00:00,2023,Outubro,25,1637,Pequenas Empresas,Nordeste,CE,Eletrônicos,Mouse Gamer,E-commerce,8,"R$ 772,03",3%,"R$ 6.176,23","R$ 215,97","R$ 5.960,26","R$ 4.204,17","R$ 1.756,10","29,46",,,,,,,
687,2023-10-26 00:00:00,2023,Outubro,26,1835,Pequenas Empresas,Sudeste,RJ,Eletrônicos,Monitor Ultrawide,Loja Física,3,"R$ 953,13",4%,"R$ 2.859,40","R$ 110,92","R$ 2.748,47","R$ 1.491,17","R$ 1.257,30","45,75",,,,,,,
688,2023-10-26 00:00:00,2023,Outubro,26,1161,Consumidor Final,Sul,SC,Eletrônicos,Teclado Mecânico,E-commerce,5,"R$ 255,49",11%,"R$ 1.277,47","R$ 140,59","R$ 1.136,89","R$ 677,43","R$ 459,46","40,41",,,,,,,
689,2023-10-26 00:00:00,2023,Outubro,26,1342,Consumidor Final,Centro-Oeste,GO,Eletrônicos,Webcam 4K,Loja Física,1,"R$ 243,66",9%,"R$ 243,66","R$ 21,87","R$ 221,79","R$ 140,22","R$ 81,57","36,78",,,,,,,
690,2023-10-27 00:00:00,2023,Outubro,27,1075,Pequenas Empresas,Sul,PR,Eletrônicos,Microfone Condensador,Loja Física,5,"R$ 1.033,03",8%,"R$ 5.165,14","R$ 393,34","R$ 4.771,80","R$ 2.909,11","R$ 1.862,69","39,04",,,,,,,
691,2023-10-27 00:00:00,2023,Outubro,27,1138,Consumidor Final,Sul,RS,Eletrônicos,Teclado Mecânico,E-commerce,1,"R$ 373,45",6%,"R$ 373,45","R$ 22,05","R$ 351,39","R$ 220,96","R$ 130,44","37,12",,,,,,,
692,2023-10-28 00:00:00,2023,Outubro,28,1941,Corporativo,Nordeste,CE,Eletrônicos,Microfone Condensador,E-commerce,35,"R$ 2.235,81",9%,"R$ 78.253,21","R$ 7.229,50","R$ 71.023,71","R$ 51.746,53","R$ 19.277,18","27,14",,,,,,,
693,2023-10-29 00:00:00,2023,Outubro,29,1210,Corporativo,Sudeste,MG,Eletrônicos,Webcam 4K,Loja Física,21,"R$ 2.721,92",3%,"R$ 57.160,30","R$ 1.949,39","R$ 55.210,91","R$ 31.648,52","R$ 23.562,39","42,68",,,,,,,
694,2023-10-29 00:00:00,2023,Outubro,29,1914,Pequenas Empresas,Sudeste,SP,Eletrônicos,Mouse Gamer,Loja Física,3,"R$ 998,89",6%,"R$ 2.996,66","R$ 189,05","R$ 2.807,61","R$ 1.592,02","R$ 1.215,59","43,30",,,,,,,
695,2023-10-29 00:00:00,2023,Outubro,29,1707,Consumidor Final,Sul,PR,Eletrônicos,Webcam 4K,E-commerce,1,"R$ 268,73",8%,"R$ 268,73","R$ 20,81","R$ 247,92","R$ 144,21","R$ 103,71","41,83",,,,,,,
696,2023-10-30 00:00:00,2023,Outubro,30,1462,Consumidor Final,Sudeste,MG,Eletrônicos,Teclado Mecânico,E-commerce,2,"R$ 307,51",9%,"R$ 615,03","R$ 54,00","R$ 561,03","R$ 316,91","R$ 244,12","43,51",,,,,,,
697,2023-10-30 00:00:00,2023,Outubro,30,1290,Consumidor Final,Nordeste,CE,Eletrônicos,Monitor Ultrawide,E-commerce,3,"R$ 303,29",6%,"R$ 909,87","R$ 52,01","R$ 857,86","R$ 640,63","R$ 217,23","25,32",,,,,,,
698,2023-10-30 00:00:00,2023,Outubro,30,1935,Pequenas Empresas,Sul,PR,Eletrônicos,Cadeira Gamer,E-commerce,10,"R$ 930,65",10%,"R$ 9.306,49","R$ 952,06","R$ 8.354,42","R$ 4.987,26","R$ 3.367,16","40,30",,,,,,,
699,2023-10-30 00:00:00,2023,Outubro,30,1858,Consumidor Final,Sudeste,SP,Eletrônicos,Teclado Mecânico,Loja Física,1,"R$ 431,61",6%,"R$ 431,61","R$ 27,69","R$ 403,92","R$ 217,29","R$ 186,63","46,21",,,,,,,
700,2023-10-30 00:00:00,2023,Outubro,30,1110,Corporativo,Nordeste,CE,Eletrônicos,Webcam 4K,E-commerce,43,"R$ 2.519,20",5%,"R$ 108.325,41","R$ 5.154,18","R$ 103.171,23","R$ 73.364,25","R$ 29.806,98","28,89",,,,,,,
701,2023-10-30 00:00:00,2023,Outubro,30,1101,Corporativo,Sul,SC,Eletrônicos,Cadeira Gamer,Loja Física,9,"R$ 1.474,58",5%,"R$ 13.271,19","R$ 611,31","R$ 12.659,88","R$ 7.356,09","R$ 5.303,79","41,89",,,,,,,
702,2023-10-30 00:00:00,2023,Outubro,30,1943,Pequenas Empresas,Centro-Oeste,GO,Eletrônicos,Webcam 4K,E-commerce,9,"R$ 553,39",7%,"R$ 4.980,50","R$ 354,14","R$ 4.626,36","R$ 2.983,84","R$ 1.642,52","35,50",,,,,,,
703,2023-10-31 00:00:00,2023,Outubro,31,1182,Consumidor Final,Sul,SC,Eletrônicos,Monitor Ultrawide,E-commerce,1,"R$ 176,44",10%,"R$ 176,44","R$ 16,84","R$ 159,60","R$ 92,43","R$ 67,17","42,09",,,,,,,
704,2023-10-31 00:00:00,2023,Outubro,31,1673,Pequenas Empresas,Sudeste,MG,Eletrônicos,Webcam 4K,Loja Física,3,"R$ 532,40",9%,"R$ 1.597,20","R$ 140,12","R$ 1.457,08","R$ 798,31","R$ 658,78","45,21",,,,,,,
705,2023-10-31 00:00:00,2023,Outubro,31,1600,Corporativo,Sudeste,MG,Eletrônicos,Mouse Gamer,Loja Física,13,"R$ 1.687,02",1%,"R$ 21.931,20","R$ 319,42","R$ 21.611,78","R$ 12.117,21","R$ 9.494,57","43,93",,,,,,,
706,2023-11-01 00:00:00,2023,Novembro,1,1102,Consumidor Final,Sul,SC,Eletrônicos,Headset Gamer,Loja Física,1,"R$ 350,08",6%,"R$ 350,08","R$ 20,27","R$ 329,81","R$ 188,92","R$ 140,89","42,72",,,,,,,
707,2023-11-01 00:00:00,2023,Novembro,1,1942,Corporativo,Nordeste,PE,Eletrônicos,Microfone Condensador,Loja Física,18,"R$ 1.643,60",2%,"R$ 29.584,84","R$ 597,57","R$ 28.987,27","R$ 20.814,79","R$ 8.172,48","28,19",,,,,,,
708,2023-11-01 00:00:00,2023,Novembro,1,1556,Corporativo,Sul,RS,Eletrônicos,Microfone Condensador,E-commerce,47,"R$ 1.479,00",4%,"R$ 69.512,85","R$ 3.010,27","R$ 66.502,58","R$ 39.771,98","R$ 26.730,60","40,19",,,,,,,
709,2023-11-01 00:00:00,2023,Novembro,1,1736,Pequenas Empresas,Sul,PR,Eletrônicos,Teclado Mecânico,Loja Física,5,"R$ 539,67",9%,"R$ 2.698,36","R$ 236,96","R$ 2.461,40","R$ 1.445,56","R$ 1.015,84","41,27",,,,,,,
710,2023-11-01 00:00:00,2023,Novembro,1,1361,Pequenas Empresas,Nordeste,CE,Eletrônicos,Headset Gamer,E-commerce,8,"R$ 982,10",11%,"R$ 7.856,84","R$ 875,93","R$ 6.980,91","R$ 4.916,43","R$ 2.064,48","29,57",,,,,,,
711,2023-11-01 00:00:00,2023,Novembro,1,1420,Corporativo,Sul,SC,Eletrônicos,Webcam 4K,E-commerce,30,"R$ 1.955,29",6%,"R$ 58.658,60","R$ 3.730,30","R$ 54.928,30","R$ 34.523,21","R$ 20.405,09","37,15",,,,,,,
712,2023-11-02 00:00:00,2023,Novembro,2,1663,Consumidor Final,Centro-Oeste,GO,Eletrônicos,Monitor Ultrawide,Loja Física,1,"R$ 308,60",5%,"R$ 308,60","R$ 14,44","R$ 294,16","R$ 190,86","R$ 103,30","35,12",,,,,,,
713,2023-11-02 00:00:00,2023,Novembro,2,1678,Corporativo,Nordeste,CE,Eletrônicos,Teclado Mecânico,E-commerce,37,"R$ 1.627,29",2%,"R$ 60.209,62","R$ 1.164,83","R$ 59.044,79","R$ 42.738,11","R$ 16.306,68","27,62",,,,,,,
714,2023-11-02 00:00:00,2023,Novembro,2,1847,Pequenas Empresas,Sudeste,RJ,Eletrônicos,Webcam 4K,Loja Física,7,"R$ 999,96",10%,"R$ 6.999,74","R$ 689,91","R$ 6.309,83","R$ 3.607,89","R$ 2.701,94","42,82",,,,,,,
715,2023-11-02 00:00:00,2023,Novembro,2,1580,Corporativo,Sudeste,MG,Eletrônicos,Cadeira Gamer,E-commerce,24,"R$ 1.862,12",9%,"R$ 44.690,96","R$ 4.009,52","R$ 40.681,44","R$ 21.553,64","R$ 19.127,80","47,02",,,,,,,
716,2023-11-02 00:00:00,2023,Novembro,2,1210,Pequenas Empresas,Sul,RS,Móveis,Mesa Gamer,E-commerce,15,"R$ 669,06",11%,"R$ 10.035,88","R$ 1.116,58","R$ 8.919,30","R$ 5.612,73","R$ 3.306,56","37,07",,,,,,,
717,2023-11-02 00:00:00,2023,Novembro,2,1796,Pequenas Empresas,Nordeste,PE,Eletrônicos,Webcam 4K,E-commerce,7,"R$ 450,49",5%,"R$ 3.153,40","R$ 144,13","R$ 3.009,26","R$ 2.135,48","R$ 873,79","29,04",,,,,,,
718,2023-11-02 00:00:00,2023,Novembro,2,1657,Consumidor Final,Sul,PR,Eletrônicos,Headset Gamer,E-commerce,2,"R$ 334,26",4%,"R$ 668,51","R$ 24,08","R$ 644,43","R$ 387,29","R$ 257,13","39,90",,,,,,,
719,2023-11-03 00:00:00,2023,Novembro,3,1212,Corporativo,Nordeste,BA,Eletrônicos,Teclado Mecânico,Loja Física,16,"R$ 1.751,59",3%,"R$ 28.025,37","R$ 881,27","R$ 27.144,10","R$ 19.535,76","R$ 7.608,35","28,03",,,,,,,
720,2023-11-03 00:00:00,2023,Novembro,3,1683,Consumidor Final,Sul,PR,Eletrônicos,Headset Gamer,Loja Física,1,"R$ 323,04",2%,"R$ 323,04","R$ 7,47","R$ 315,58","R$ 198,12","R$ 117,45","37,22",,,,,,,
721,2023-11-03 00:00:00,2023,Novembro,3,1652,Corporativo,Sul,RS,Eletrônicos,Teclado Mecânico,Loja Física,11,"R$ 2.207,17",10%,"R$ 24.278,87","R$ 2.496,82","R$ 21.782,05","R$ 13.379,74","R$ 8.402,30","38,57",,,,,,,
722,2023-11-03 00:00:00,2023,Novembro,3,1346,Corporativo,Centro-Oeste,GO,Eletrônicos,Webcam 4K,Loja Física,9,"R$ 2.618,44",10%,"R$ 23.565,95","R$ 2.467,07","R$ 21.098,88","R$ 13.908,98","R$ 7.189,90","34,08",,,,,,,
723,2023-11-03 00:00:00,2023,Novembro,3,1419,Corporativo,Sul,SC,Eletrônicos,Mouse Gamer,Loja Física,15,"R$ 1.445,23",5%,"R$ 21.678,51","R$ 1.091,47","R$ 20.587,05","R$ 12.846,94","R$ 7.740,11","37,60",,,,,,,
724,2023-11-03 00:00:00,2023,Novembro,3,1819,Corporativo,Sudeste,RJ,Eletrônicos,Cadeira Gamer,Loja Física,18,"R$ 3.197,68",7%,"R$ 57.558,26","R$ 4.150,55","R$ 53.407,71","R$ 29.320,96","R$ 24.086,75","45,10",,,,,,,
725,2023-11-03 00:00:00,2023,Novembro,3,1904,Pequenas Empresas,Nordeste,PE,Eletrônicos,Webcam 4K,E-commerce,5,"R$ 628,16",8%,"R$ 3.140,82","R$ 249,33","R$ 2.891,49","R$ 2.089,57","R$ 801,92","27,73",,,,,,,
726,2023-11-03 00:00:00,2023,Novembro,3,1624,Pequenas Empresas,Sudeste,MG,Eletrônicos,Microfone Condensador,Loja Física,4,"R$ 625,53",4%,"R$ 2.502,14","R$ 112,56","R$ 2.389,58","R$ 1.253,39","R$ 1.136,19","47,55",,,,,,,
727,2023-11-04 00:00:00,2023,Novembro,4,1904,Consumidor Final,Centro-Oeste,GO,Eletrônicos,Headset Gamer,E-commerce,2,"R$ 423,84",8%,"R$ 847,68","R$ 65,39","R$ 782,29","R$ 506,31","R$ 275,98","35,28",,,,,,,
728,2023-11-04 00:00:00,2023,Novembro,4,1552,Pequenas Empresas,Nordeste,PE,Móveis,Mesa Gamer,Loja Física,5,"R$ 576,26",7%,"R$ 2.881,28","R$ 192,13","R$ 2.689,14","R$ 2.000,34","R$ 688,80","25,61",,,,,,,
729,2023-11-04 00:00:00,2023,Novembro,4,1832,Pequenas Empresas,Centro-Oeste,GO,Móveis,Mesa Gamer,E-commerce,8,"R$ 412,82",12%,"R$ 3.302,58","R$ 383,12","R$ 2.919,46","R$ 1.919,20","R$ 1.000,26","34,26",,,,,,,
730,2023-11-04 00:00:00,2023,Novembro,4,1454,Pequenas Empresas,Sudeste,MG,Eletrônicos,Monitor Ultrawide,E-commerce,8,"R$ 408,44",5%,"R$ 3.267,53","R$ 174,32","R$ 3.093,20","R$ 1.636,13","R$ 1.457,08","47,11",,,,,,,
731,2023-11-04 00:00:00,2023,Novembro,4,1439,Pequenas Empresas,Nordeste,BA,Eletrônicos,Teclado Mecânico,E-commerce,13,"R$ 1.013,08",5%,"R$ 13.170,01","R$ 720,48","R$ 12.449,53","R$ 8.679,94","R$ 3.769,60","30,28",,,,,,,
732,2023-11-04 00:00:00,2023,Novembro,4,1812,Pequenas Empresas,Nordeste,PE,Eletrônicos,Headset Gamer,E-commerce,8,"R$ 975,39",4%,"R$ 7.803,10","R$ 311,11","R$ 7.491,99","R$ 5.476,85","R$ 2.015,14","26,90",,,,,,,
733,2023-11-05 00:00:00,2023,Novembro,5,1935,Consumidor Final,Sudeste,RJ,Eletrônicos,Monitor Ultrawide,Loja Física,2,"R$ 350,93",5%,"R$ 701,85","R$ 38,08","R$ 663,77","R$ 373,12","R$ 290,65","43,79",,,,,,,
734,2023-11-05 00:00:00,2023,Novembro,5,1907,Consumidor Final,Sul,PR,Eletrônicos,Headset Gamer,Loja Física,1,"R$ 261,90",3%,"R$ 261,90","R$ 8,64","R$ 253,26","R$ 148,98","R$ 104,28","41,17",,,,,,,
735,2023-11-05 00:00:00,2023,Novembro,5,1925,Corporativo,Sudeste,RJ,Eletrônicos,Microfone Condensador,Loja Física,23,"R$ 1.780,82",6%,"R$ 40.958,86","R$ 2.404,74","R$ 38.554,11","R$ 20.401,44","R$ 18.152,67","47,08",,,,,,,
736,2023-11-06 00:00:00,2023,Novembro,6,1561,Pequenas Empresas,Nordeste,PE,Eletrônicos,Teclado Mecânico,Loja Física,3,"R$ 562,83",9%,"R$ 1.688,48","R$ 159,73","R$ 1.528,76","R$ 1.107,54","R$ 421,22","27,55",,,,,,,
737,2023-11-06 00:00:00,2023,Novembro,6,1423,Corporativo,Sudeste,MG,Eletrônicos,Webcam 4K,Loja Física,16,"R$ 1.279,19",6%,"R$ 20.467,07","R$ 1.208,39","R$ 19.258,68","R$ 10.226,37","R$ 9.032,31","46,90",,,,,,,
738,2023-11-06 00:00:00,2023,Novembro,6,1931,Corporativo,Sul,SC,Eletrônicos,Webcam 4K,E-commerce,34,"R$ 2.438,24",11%,"R$ 82.899,99","R$ 9.156,74","R$ 73.743,25","R$ 44.741,63","R$ 29.001,63","39,33",,,,,,,
739,2023-11-06 00:00:00,2023,Novembro,6,1154,Pequenas Empresas,Sudeste,SP,Móveis,Mesa Gamer,E-commerce,13,"R$ 1.181,57",3%,"R$ 15.360,44","R$ 469,45","R$ 14.890,99","R$ 8.238,94","R$ 6.652,05","44,67",,,,,,,
740,2023-11-06 00:00:00,2023,Novembro,6,1163,Pequenas Empresas,Sul,PR,Eletrônicos,Webcam 4K,E-commerce,7,"R$ 690,72",11%,"R$ 4.835,06","R$ 547,33","R$ 4.287,73","R$ 2.630,38","R$ 1.657,35","38,65",,,,,,,
741,2023-11-06 00:00:00,2023,Novembro,6,1664,Corporativo,Centro-Oeste,GO,Eletrônicos,Webcam 4K,Loja Física,13,"R$ 2.960,23",11%,"R$ 38.482,96","R$ 4.319,11","R$ 34.163,85","R$ 22.811,61","R$ 11.352,24","33,23",,,,,,,
742,2023-11-07 00:00:00,2023,Novembro,7,1975,Pequenas Empresas,Centro-Oeste,GO,Eletrônicos,Microfone Condensador,Loja Física,7,"R$ 648,25",5%,"R$ 4.537,72","R$ 244,60","R$ 4.293,12","R$ 2.856,92","R$ 1.436,20","33,45",,,,,,,
743,2023-11-07 00:00:00,2023,Novembro,7,1078,Consumidor Final,Sul,SC,Eletrônicos,Mouse Gamer,Loja Física,1,"R$ 444,88",8%,"R$ 444,88","R$ 35,90","R$ 408,98","R$ 240,05","R$ 168,93","41,31",,,,,,,
744,2023-11-07 00:00:00,2023,Novembro,7,1628,Corporativo,Nordeste,BA,Móveis,Mesa Gamer,E-commerce,41,"R$ 1.749,73",8%,"R$ 71.739,07","R$ 5.680,01","R$ 66.059,06","R$ 47.006,12","R$ 19.052,94","28,84",,,,,,,
745,2023-11-07 00:00:00,2023,Novembro,7,1824,Corporativo,Sudeste,RJ,Eletrônicos,Monitor Ultrawide,Loja Física,18,"R$ 3.379,68",3%,"R$ 60.834,21","R$ 2.072,31","R$ 58.761,90","R$ 32.931,74","R$ 25.830,16","43,96",,,,,,,
746,2023-11-07 00:00:00,2023,Novembro,7,1614,Pequenas Empresas,Nordeste,PE,Eletrônicos,Cadeira Gamer,E-commerce,11,"R$ 791,38",2%,"R$ 8.705,20","R$ 214,74","R$ 8.490,46","R$ 6.244,29","R$ 2.246,17","26,46",,,,,,,
747,2023-11-07 00:00:00,2023,Novembro,7,1669,Corporativo,Sul,PR,Eletrônicos,Mouse Gamer,Loja Física,18,"R$ 1.334,45",4%,"R$ 24.020,16","R$ 1.032,68","R$ 22.987,48","R$ 13.827,92","R$ 9.159,56","39,85",,,,,,,
748,2023-11-07 00:00:00,2023,Novembro,7,1449,Pequenas Empresas,Nordeste,BA,Eletrônicos,Monitor Ultrawide,E-commerce,6,"R$ 494,59",11%,"R$ 2.967,54","R$ 341,07","R$ 2.626,47","R$ 1.833,45","R$ 793,02","30,19",,,,,,,
749,2023-11-08 00:00:00,2023,Novembro,8,1759,Corporativo,Nordeste,PE,Eletrônicos,Teclado Mecânico,Loja Física,13,"R$ 1.238,32",5%,"R$ 16.098,15","R$ 761,18","R$ 15.336,96","R$ 10.770,54","R$ 4.566,42","29,77",,,,,,,
750,2023-11-08 00:00:00,2023,Novembro,8,1712,Consumidor Final,Nordeste,PE,Eletrônicos,Mouse Gamer,Loja Física,1,"R$ 273,22",7%,"R$ 273,22","R$ 17,90","R$ 255,32","R$ 191,38","R$ 63,94","25,04",,,,,,,
751,2023-11-08 00:00:00,2023,Novembro,8,1943,Corporativo,Centro-Oeste,GO,Eletrônicos,Microfone Condensador,E-commerce,42,"R$ 2.046,98",12%,"R$ 85.972,96","R$ 10.118,46","R$ 75.854,50","R$ 49.666,18","R$ 26.188,33","34,52",,,,,,,
752,2023-11-08 00:00:00,2023,Novembro,8,1892,Pequenas Empresas,Nordeste,BA,Eletrônicos,Monitor Ultrawide,Loja Física,3,"R$ 973,81",7%,"R$ 2.921,43","R$ 216,27","R$ 2.705,16","R$ 1.899,38","R$ 805,78","29,79",,,,,,,
753,2023-11-08 00:00:00,2023,Novembro,8,1914,Consumidor Final,Sudeste,SP,Eletrônicos,Teclado Mecânico,Loja Física,1,"R$ 265,82",12%,"R$ 265,82","R$ 30,92","R$ 234,89","R$ 126,41","R$ 108,48","46,18",,,,,,,
754,2023-11-08 00:00:00,2023,Novembro,8,1225,Consumidor Final,Nordeste,PE,Móveis,Mesa Gamer,Loja Física,1,"R$ 449,04",6%,"R$ 449,04","R$ 25,57","R$ 423,47","R$ 314,78","R$ 108,69","25,67",,,,,,,
755,2023-11-08 00:00:00,2023,Novembro,8,1050,Consumidor Final,Sudeste,SP,Eletrônicos,Cadeira Gamer,Loja Física,1,"R$ 412,20",3%,"R$ 412,20","R$ 14,13","R$ 398,07","R$ 227,10","R$ 170,98","42,95",,,,,,,
756,2023-11-09 00:00:00,2023,Novembro,9,1444,Consumidor Final,Sudeste,SP,Eletrônicos,Teclado Mecânico,Loja Física,1,"R$ 441,55",7%,"R$ 441,55","R$ 29,31","R$ 412,24","R$ 231,90","R$ 180,34","43,75",,,,,,,
757,2023-11-09 00:00:00,2023,Novembro,9,1161,Pequenas Empresas,Nordeste,CE,Eletrônicos,Webcam 4K,Loja Física,5,"R$ 920,67",8%,"R$ 4.603,33","R$ 357,48","R$ 4.245,85","R$ 3.139,64","R$ 1.106,22","26,05",,,,,,,
758,2023-11-09 00:00:00,2023,Novembro,9,1953,Corporativo,Nordeste,PE,Eletrônicos,Headset Gamer,Loja Física,18,"R$ 1.663,23",1%,"R$ 29.938,22","R$ 330,81","R$ 29.607,41","R$ 22.071,79","R$ 7.535,62","25,45",,,,,,,
759,2023-11-10 00:00:00,2023,Novembro,10,1475,Pequenas Empresas,Nordeste,PE,Eletrônicos,Teclado Mecânico,E-commerce,7,"R$ 674,42",12%,"R$ 4.720,95","R$ 560,35","R$ 4.160,60","R$ 2.999,32","R$ 1.161,28","27,91",,,,,,,
760,2023-11-10 00:00:00,2023,Novembro,10,1360,Pequenas Empresas,Sul,RS,Eletrônicos,Teclado Mecânico,E-commerce,11,"R$ 760,19",4%,"R$ 8.362,08","R$ 317,95","R$ 8.044,13","R$ 4.897,97","R$ 3.146,17","39,11",,,,,,,
761,2023-11-10 00:00:00,2023,Novembro,10,1499,Consumidor Final,Sudeste,RJ,Eletrônicos,Cadeira Gamer,E-commerce,1,"R$ 179,01",9%,"R$ 179,01","R$ 15,98","R$ 163,03","R$ 91,80","R$ 71,23","43,69",,,,,,,
762,2023-11-11 00:00:00,2023,Novembro,11,1128,Consumidor Final,Sul,RS,Eletrônicos,Headset Gamer,E-commerce,1,"R$ 173,76",2%,"R$ 173,76","R$ 2,64","R$ 171,13","R$ 107,61","R$ 63,52","37,12",,,,,,,
763,2023-11-11 00:00:00,2023,Novembro,11,1091,Consumidor Final,Sudeste,SP,Eletrônicos,Webcam 4K,Loja Física,1,"R$ 430,75",6%,"R$ 430,75","R$ 25,96","R$ 404,78","R$ 227,73","R$ 177,06","43,74",,,,,,,
764,2023-11-11 00:00:00,2023,Novembro,11,1783,Consumidor Final,Sudeste,RJ,Eletrônicos,Monitor Ultrawide,Loja Física,1,"R$ 378,57",11%,"R$ 378,57","R$ 40,98","R$ 337,58","R$ 187,03","R$ 150,55","44,60",,,,,,,
765,2023-11-11 00:00:00,2023,Novembro,11,1521,Consumidor Final,Sul,RS,Eletrônicos,Monitor Ultrawide,E-commerce,3,"R$ 225,26",7%,"R$ 675,79","R$ 44,64","R$ 631,14","R$ 363,20","R$ 267,94","42,45",,,,,,,
766,2023-11-11 00:00:00,2023,Novembro,11,1437,Pequenas Empresas,Sul,SC,Eletrônicos,Teclado Mecânico,E-commerce,10,"R$ 892,06",11%,"R$ 8.920,56","R$ 998,74","R$ 7.921,81","R$ 4.533,47","R$ 3.388,35","42,77",,,,,,,
767,2023-11-11 00:00:00,2023,Novembro,11,1535,Consumidor Final,Sudeste,MG,Eletrônicos,Microfone Condensador,Loja Física,1,"R$ 233,61",12%,"R$ 233,61","R$ 26,98","R$ 206,63","R$ 118,08","R$ 88,56","42,86",,,,,,,
768,2023-11-12 00:00:00,2023,Novembro,12,1726,Pequenas Empresas,Sudeste,SP,Eletrônicos,Microfone Condensador,Loja Física,6,"R$ 1.161,72",10%,"R$ 6.970,29","R$ 701,22","R$ 6.269,07","R$ 3.369,38","R$ 2.899,70","46,25",,,,,,,
769,2023-11-12 00:00:00,2023,Novembro,12,1422,Consumidor Final,Sul,RS,Eletrônicos,Headset Gamer,Loja Física,1,"R$ 323,56",2%,"R$ 323,56","R$ 6,17","R$ 317,39","R$ 197,01","R$ 120,38","37,93",,,,,,,
770,2023-11-12 00:00:00,2023,Novembro,12,1775,Consumidor Final,Centro-Oeste,GO,Eletrônicos,Headset Gamer,Loja Física,1,"R$ 169,17",2%,"R$ 169,17","R$ 3,07","R$ 166,10","R$ 111,80","R$ 54,30","32,69",,,,,,,
771,2023-11-12 00:00:00,2023,Novembro,12,1868,Consumidor Final,Sudeste,RJ,Eletrônicos,Webcam 4K,Loja Física,2,"R$ 363,86",5%,"R$ 727,73","R$ 38,73","R$ 689,00","R$ 388,92","R$ 300,07","43,55",,,,,,,
772,2023-11-12 00:00:00,2023,Novembro,12,1498,Corporativo,Sudeste,MG,Eletrônicos,Cadeira Gamer,E-commerce,29,"R$ 1.214,22",10%,"R$ 35.212,46","R$ 3.492,20","R$ 31.720,26","R$ 16.592,80","R$ 15.127,46","47,69",,,,,,,
773,2023-11-12 00:00:00,2023,Novembro,12,1302,Pequenas Empresas,Nordeste,BA,Móveis,Mesa Gamer,E-commerce,6,"R$ 1.168,60",7%,"R$ 7.011,58","R$ 484,71","R$ 6.526,88","R$ 4.889,60","R$ 1.637,28","25,09",,,,,,,
774,2023-11-12 00:00:00,2023,Novembro,12,1980,Corporativo,Sudeste,RJ,Eletrônicos,Monitor Ultrawide,E-commerce,21,"R$ 2.922,01",3%,"R$ 61.362,14","R$ 2.052,30","R$ 59.309,84","R$ 31.313,78","R$ 27.996,06","47,20",,,,,,,
775,2023-11-13 00:00:00,2023,Novembro,13,1780,Corporativo,Sul,RS,Eletrônicos,Cadeira Gamer,Loja Física,15,"R$ 2.426,64",5%,"R$ 36.399,66","R$ 1.988,19","R$ 34.411,48","R$ 21.329,96","R$ 13.081,51","38,01",,,,,,,
776,2023-11-13 00:00:00,2023,Novembro,13,1453,Pequenas Empresas,Nordeste,CE,Eletrônicos,Mouse Gamer,E-commerce,14,"R$ 446,19",10%,"R$ 6.246,70","R$ 643,11","R$ 5.603,59","R$ 4.182,84","R$ 1.420,75","25,35",,,,,,,
777,2023-11-13 00:00:00,2023,Novembro,13,1250,Corporativo,Sul,RS,Eletrônicos,Monitor Ultrawide,Loja Física,17,"R$ 1.879,47",2%,"R$ 31.951,00","R$ 637,79","R$ 31.313,21","R$ 18.472,28","R$ 12.840,93","41,01",,,,,,,
778,2023-11-13 00:00:00,2023,Novembro,13,1218,Pequenas Empresas,Sul,SC,Eletrônicos,Cadeira Gamer,E-commerce,12,"R$ 1.017,72",3%,"R$ 12.212,66","R$ 351,12","R$ 11.861,53","R$ 7.199,11","R$ 4.662,42","39,31",,,,,,,
779,2023-11-13 00:00:00,2023,Novembro,13,1384,Corporativo,Sudeste,RJ,Eletrônicos,Monitor Ultrawide,Loja Física,14,"R$ 2.998,09",6%,"R$ 41.973,31","R$ 2.655,19","R$ 39.318,12","R$ 20.931,36","R$ 18.386,76","46,76",,,,,,,
780,2023-11-13 00:00:00,2023,Novembro,13,1307,Pequenas Empresas,Sudeste,RJ,Móveis,Mesa Gamer,Loja Física,4,"R$ 670,39",9%,"R$ 2.681,54","R$ 234,91","R$ 2.446,63","R$ 1.391,52","R$ 1.055,11","43,13",,,,,,,
781,2023-11-13 00:00:00,2023,Novembro,13,1910,Pequenas Empresas,Nordeste,PE,Eletrônicos,Mouse Gamer,E-commerce,8,"R$ 608,68",1%,"R$ 4.869,44","R$ 53,56","R$ 4.815,87","R$ 3.424,58","R$ 1.391,30","28,89",,,,,,,
782,2023-11-13 00:00:00,2023,Novembro,13,1987,Pequenas Empresas,Sul,PR,Eletrônicos,Microfone Condensador,Loja Física,3,"R$ 1.075,84",2%,"R$ 3.227,51","R$ 60,54","R$ 3.166,98","R$ 1.860,86","R$ 1.306,12","41,24",,,,,,,
783,2023-11-13 00:00:00,2023,Novembro,13,1423,Pequenas Empresas,Sul,PR,Eletrônicos,Microfone Condensador,Loja Física,3,"R$ 855,37",11%,"R$ 2.566,10","R$ 270,67","R$ 2.295,43","R$ 1.365,81","R$ 929,62","40,50",,,,,,,
784,2023-11-14 00:00:00,2023,Novembro,14,1340,Corporativo,Nordeste,PE,Móveis,Mesa Gamer,E-commerce,29,"R$ 2.094,17",2%,"R$ 60.730,85","R$ 1.485,20","R$ 59.245,66","R$ 43.501,18","R$ 15.744,48","26,57",,,,,,,
785,2023-11-14 00:00:00,2023,Novembro,14,1929,Pequenas Empresas,Sudeste,RJ,Eletrônicos,Webcam 4K,Loja Física,3,"R$ 595,20",12%,"R$ 1.785,59","R$ 207,74","R$ 1.577,85","R$ 824,45","R$ 753,41","47,75",,,,,,,
786,2023-11-14 00:00:00,2023,Novembro,14,1595,Consumidor Final,Sul,RS,Eletrônicos,Mouse Gamer,E-commerce,2,"R$ 418,67",12%,"R$ 837,33","R$ 97,41","R$ 739,93","R$ 446,47","R$ 293,46","39,66",,,,,,,
787,2023-11-14 00:00:00,2023,Novembro,14,1363,Consumidor Final,Sul,SC,Eletrônicos,Teclado Mecânico,E-commerce,4,"R$ 201,91",4%,"R$ 807,63","R$ 31,78","R$ 775,85","R$ 483,22","R$ 292,63","37,72",,,,,,,
788,2023-11-15 00:00:00,2023,Novembro,15,1086,Corporativo,Nordeste,CE,Eletrônicos,Cadeira Gamer,Loja Física,10,"R$ 3.090,03",3%,"R$ 30.900,31","R$ 781,36","R$ 30.118,94","R$ 21.238,74","R$ 8.880,20","29,48",,,,,,,
789,2023-11-15 00:00:00,2023,Novembro,15,1813,Corporativo,Centro-Oeste,GO,Eletrônicos,Mouse Gamer,Loja Física,12,"R$ 1.937,69",3%,"R$ 23.252,25","R$ 724,27","R$ 22.527,98","R$ 14.900,72","R$ 7.627,26","33,86",,,,,,,
790,2023-11-15 00:00:00,2023,Novembro,15,1499,Consumidor Final,Sudeste,RJ,Eletrônicos,Webcam 4K,E-commerce,3,"R$ 383,81",7%,"R$ 1.151,43","R$ 77,69","R$ 1.073,74","R$ 581,47","R$ 492,27","45,85",,,,,,,
791,2023-11-15 00:00:00,2023,Novembro,15,1661,Pequenas Empresas,Nordeste,PE,Eletrônicos,Webcam 4K,Loja Física,7,"R$ 402,17",10%,"R$ 2.815,17","R$ 291,35","R$ 2.523,81","R$ 1.835,18","R$ 688,63","27,29",,,,,,,
792,2023-11-15 00:00:00,2023,Novembro,15,1695,Consumidor Final,Nordeste,BA,Móveis,Mesa Gamer,E-commerce,3,"R$ 169,23",8%,"R$ 507,69","R$ 38,37","R$ 469,32","R$ 331,16","R$ 138,16","29,44",,,,,,,
793,2023-11-15 00:00:00,2023,Novembro,15,1826,Corporativo,Nordeste,PE,Eletrônicos,Monitor Ultrawide,E-commerce,32,"R$ 2.780,54",10%,"R$ 88.977,18","R$ 8.864,56","R$ 80.112,63","R$ 58.078,17","R$ 22.034,46","27,50",,,,,,,
794,2023-11-15 00:00:00,2023,Novembro,15,1067,Corporativo,Sudeste,SP,Eletrônicos,Mouse Gamer,Loja Física,9,"R$ 1.507,69",11%,"R$ 13.569,21","R$ 1.558,61","R$ 12.010,60","R$ 6.913,78","R$ 5.096,82","42,44",,,,,,,
795,2023-11-15 00:00:00,2023,Novembro,15,1851,Consumidor Final,Nordeste,PE,Eletrônicos,Cadeira Gamer,E-commerce,1,"R$ 336,07",7%,"R$ 336,07","R$ 23,50","R$ 312,57","R$ 232,07","R$ 80,50","25,75",,,,,,,
796,2023-11-15 00:00:00,2023,Novembro,15,1470,Consumidor Final,Centro-Oeste,GO,Eletrônicos,Mouse Gamer,E-commerce,1,"R$ 231,34",9%,"R$ 231,34","R$ 21,66","R$ 209,68","R$ 133,49","R$ 76,19","36,33",,,,,,,
797,2023-11-16 00:00:00,2023,Novembro,16,1272,Pequenas Empresas,Sul,RS,Eletrônicos,Headset Gamer,Loja Física,4,"R$ 693,34",5%,"R$ 2.773,37","R$ 146,99","R$ 2.626,38","R$ 1.500,75","R$ 1.125,63","42,86",,,,,,,
798,2023-11-16 00:00:00,2023,Novembro,16,1373,Pequenas Empresas,Sudeste,RJ,Eletrônicos,Monitor Ultrawide,E-commerce,10,"R$ 755,52",4%,"R$ 7.555,16","R$ 327,60","R$ 7.227,56","R$ 3.881,23","R$ 3.346,34","46,30",,,,,,,
799,2023-11-16 00:00:00,2023,Novembro,16,1034,Consumidor Final,Sudeste,MG,Eletrônicos,Cadeira Gamer,Loja Física,1,"R$ 383,32",10%,"R$ 383,32","R$ 40,02","R$ 343,29","R$ 181,71","R$ 161,59","47,07",,,,,,,
800,2023-11-16 00:00:00,2023,Novembro,16,1145,Pequenas Empresas,Sul,RS,Eletrônicos,Microfone Condensador,Loja Física,2,"R$ 546,29",4%,"R$ 1.092,58","R$ 38,86","R$ 1.053,73","R$ 623,66","R$ 430,07","40,81",,,,,,,
801,2023-11-16 00:00:00,2023,Novembro,16,1794,Corporativo,Nordeste,PE,Eletrônicos,Cadeira Gamer,Loja Física,21,"R$ 2.141,12",5%,"R$ 44.963,52","R$ 2.078,74","R$ 42.884,78","R$ 30.379,46","R$ 12.505,32","29,16",,,,,,,
802,2023-11-17 00:00:00,2023,Novembro,17,1851,Pequenas Empresas,Nordeste,BA,Eletrônicos,Teclado Mecânico,Loja Física,4,"R$ 1.049,30",4%,"R$ 4.197,21","R$ 177,67","R$ 4.019,54","R$ 2.907,01","R$ 1.112,53","27,68",,,,,,,
803,2023-11-17 00:00:00,2023,Novembro,17,1276,Pequenas Empresas,Sudeste,MG,Móveis,Mesa Gamer,E-commerce,11,"R$ 1.081,43",2%,"R$ 11.895,75","R$ 187,75","R$ 11.708,00","R$ 6.717,29","R$ 4.990,71","42,63",,,,,,,
804,2023-11-17 00:00:00,2023,Novembro,17,1450,Corporativo,Sul,PR,Eletrônicos,Teclado Mecânico,E-commerce,38,"R$ 3.304,73",3%,"R$ 125.579,60","R$ 3.415,74","R$ 122.163,86","R$ 71.452,68","R$ 50.711,18","41,51",,,,,,,
805,2023-11-17 00:00:00,2023,Novembro,17,1584,Pequenas Empresas,Nordeste,CE,Eletrônicos,Cadeira Gamer,E-commerce,12,"R$ 401,66",4%,"R$ 4.819,93","R$ 186,43","R$ 4.633,51","R$ 3.331,04","R$ 1.302,46","28,11",,,,,,,
806,2023-11-18 00:00:00,2023,Novembro,18,1193,Consumidor Final,Centro-Oeste,GO,Eletrônicos,Monitor Ultrawide,E-commerce,1,"R$ 320,79",8%,"R$ 320,79","R$ 25,50","R$ 295,29","R$ 191,61","R$ 103,68","35,11",,,,,,,
807,2023-11-18 00:00:00,2023,Novembro,18,1400,Pequenas Empresas,Sul,RS,Eletrônicos,Mouse Gamer,Loja Física,3,"R$ 759,41",4%,"R$ 2.278,24","R$ 97,07","R$ 2.181,17","R$ 1.252,47","R$ 928,70","42,58",,,,,,,
808,2023-11-18 00:00:00,2023,Novembro,18,1331,Pequenas Empresas,Sudeste,RJ,Eletrônicos,Microfone Condensador,Loja Física,4,"R$ 658,25",4%,"R$ 2.632,99","R$ 101,09","R$ 2.531,91","R$ 1.398,02","R$ 1.133,89","44,78",,,,,,,
809,2023-11-18 00:00:00,2023,Novembro,18,1632,Pequenas Empresas,Sul,RS,Eletrônicos,Mouse Gamer,E-commerce,5,"R$ 764,06",3%,"R$ 3.820,30","R$ 106,93","R$ 3.713,37","R$ 2.271,66","R$ 1.441,71","38,82",,,,,,,
810,2023-11-18 00:00:00,2023,Novembro,18,1771,Consumidor Final,Sul,SC,Eletrônicos,Monitor Ultrawide,E-commerce,3,"R$ 392,39",9%,"R$ 1.177,16","R$ 111,19","R$ 1.065,97","R$ 664,27","R$ 401,70","37,68",,,,,,,
811,2023-11-18 00:00:00,2023,Novembro,18,1675,Corporativo,Nordeste,CE,Eletrônicos,Cadeira Gamer,Loja Física,15,"R$ 2.527,91",8%,"R$ 37.918,69","R$ 3.075,39","R$ 34.843,30","R$ 25.174,22","R$ 9.669,08","27,75",,,,,,,
812,2023-11-18 00:00:00,2023,Novembro,18,1661,Pequenas Empresas,Sudeste,MG,Eletrônicos,Webcam 4K,Loja Física,3,"R$ 911,17",2%,"R$ 2.733,51","R$ 51,83","R$ 2.681,69","R$ 1.485,38","R$ 1.196,30","44,61",,,,,,,
813,2023-11-18 00:00:00,2023,Novembro,18,1955,Pequenas Empresas,Nordeste,PE,Eletrônicos,Mouse Gamer,Loja Física,3,"R$ 612,09",6%,"R$ 1.836,27","R$ 105,62","R$ 1.730,65","R$ 1.194,25","R$ 536,40","30,99",,,,,,,
814,2023-11-19 00:00:00,2023,Novembro,19,1072,Pequenas Empresas,Sudeste,RJ,Eletrônicos,Webcam 4K,E-commerce,12,"R$ 868,03",6%,"R$ 10.416,34","R$ 663,93","R$ 9.752,40","R$ 5.349,66","R$ 4.402,74","45,15",,,,,,,
815,2023-11-19 00:00:00,2023,Novembro,19,1858,Pequenas Empresas,Sul,PR,Eletrônicos,Mouse Gamer,Loja Física,4,"R$ 1.128,53",6%,"R$ 4.514,13","R$ 261,48","R$ 4.252,65","R$ 2.646,23","R$ 1.606,42","37,77",,,,,,,
816,2023-11-19 00:00:00,2023,Novembro,19,1922,Consumidor Final,Sudeste,SP,Eletrônicos,Mouse Gamer,E-commerce,1,"R$ 172,58",2%,"R$ 172,58","R$ 3,86","R$ 168,72","R$ 97,36","R$ 71,36","42,30",,,,,,,
817,2023-11-19 00:00:00,2023,Novembro,19,1529,Consumidor Final,Sudeste,RJ,Eletrônicos,Microfone Condensador,E-commerce,2,"R$ 419,82",2%,"R$ 839,65","R$ 20,73","R$ 818,92","R$ 455,97","R$ 362,95","44,32",,,,,,,
818,2023-11-20 00:00:00,2023,Novembro,20,1932,Pequenas Empresas,Sudeste,RJ,Móveis,Mesa Gamer,Loja Física,6,"R$ 1.067,98",9%,"R$ 6.407,87","R$ 564,78","R$ 5.843,09","R$ 3.349,55","R$ 2.493,54","42,68",,,,,,,
819,2023-11-20 00:00:00,2023,Novembro,20,1525,Consumidor Final,Sul,SC,Móveis,Mesa Gamer,Loja Física,1,"R$ 407,46",3%,"R$ 407,46","R$ 11,72","R$ 395,74","R$ 238,95","R$ 156,79","39,62",,,,,,,
820,2023-11-20 00:00:00,2023,Novembro,20,1009,Consumidor Final,Nordeste,CE,Eletrônicos,Headset Gamer,E-commerce,1,"R$ 429,20",1%,"R$ 429,20","R$ 5,46","R$ 423,75","R$ 300,10","R$ 123,65","29,18",,,,,,,
821,2023-11-20 00:00:00,2023,Novembro,20,1413,Pequenas Empresas,Centro-Oeste,GO,Eletrônicos,Teclado Mecânico,Loja Física,6,"R$ 726,32",5%,"R$ 4.357,90","R$ 210,30","R$ 4.147,61","R$ 2.814,99","R$ 1.332,62","32,13",,,,,,,
822,2023-11-20 00:00:00,2023,Novembro,20,1849,Consumidor Final,Sul,RS,Eletrônicos,Monitor Ultrawide,Loja Física,1,"R$ 343,89",8%,"R$ 343,89","R$ 27,93","R$ 315,97","R$ 196,63","R$ 119,34","37,77",,,,,,,
823,2023-11-21 00:00:00,2023,Novembro,21,1035,Consumidor Final,Sul,RS,Eletrônicos,Monitor Ultrawide,E-commerce,4,"R$ 380,36",9%,"R$ 1.521,45","R$ 141,03","R$ 1.380,42","R$ 820,93","R$ 559,49","40,53",,,,,,,
824,2023-11-21 00:00:00,2023,Novembro,21,1583,Consumidor Final,Centro-Oeste,GO,Eletrônicos,Monitor Ultrawide,E-commerce,2,"R$ 397,92",9%,"R$ 795,83","R$ 69,37","R$ 726,47","R$ 473,97","R$ 252,49","34,76",,,,,,,
825,2023-11-21 00:00:00,2023,Novembro,21,1623,Pequenas Empresas,Sudeste,RJ,Eletrônicos,Headset Gamer,E-commerce,6,"R$ 770,90",10%,"R$ 4.625,39","R$ 445,29","R$ 4.180,10","R$ 2.186,98","R$ 1.993,13","47,68",,,,,,,
826,2023-11-21 00:00:00,2023,Novembro,21,1377,Pequenas Empresas,Nordeste,CE,Móveis,Mesa Gamer,Loja Física,4,"R$ 820,25",2%,"R$ 3.281,02","R$ 56,65","R$ 3.224,37","R$ 2.230,12","R$ 994,25","30,84",,,,,,,
827,2023-11-21 00:00:00,2023,Novembro,21,1404,Corporativo,Nordeste,PE,Eletrônicos,Cadeira Gamer,Loja Física,14,"R$ 2.722,16",10%,"R$ 38.110,31","R$ 3.805,62","R$ 34.304,69","R$ 24.185,74","R$ 10.118,95","29,50",,,,,,,
828,2023-11-21 00:00:00,2023,Novembro,21,1164,Corporativo,Sudeste,RJ,Eletrônicos,Webcam 4K,E-commerce,37,"R$ 1.331,32",5%,"R$ 49.258,73","R$ 2.351,40","R$ 46.907,33","R$ 25.329,20","R$ 21.578,13","46,00",,,,,,,
829,2023-11-21 00:00:00,2023,Novembro,21,1441,Pequenas Empresas,Sudeste,SP,Eletrônicos,Microfone Condensador,E-commerce,10,"R$ 511,75",9%,"R$ 5.117,54","R$ 454,08","R$ 4.663,45","R$ 2.432,61","R$ 2.230,85","47,84",,,,,,,
830,2023-11-22 00:00:00,2023,Novembro,22,1232,Consumidor Final,Sudeste,MG,Eletrônicos,Webcam 4K,Loja Física,2,"R$ 173,09",8%,"R$ 346,18","R$ 29,00","R$ 317,18","R$ 168,33","R$ 148,84","46,93",,,,,,,
831,2023-11-22 00:00:00,2023,Novembro,22,1493,Corporativo,Nordeste,CE,Eletrônicos,Cadeira Gamer,E-commerce,24,"R$ 3.129,33",11%,"R$ 75.103,93","R$ 7.997,31","R$ 67.106,62","R$ 49.350,83","R$ 17.755,79","26,46",,,,,,,
832,2023-11-22 00:00:00,2023,Novembro,22,1514,Pequenas Empresas,Sudeste,SP,Eletrônicos,Microfone Condensador,E-commerce,14,"R$ 481,50",11%,"R$ 6.741,04","R$ 743,02","R$ 5.998,02","R$ 3.183,57","R$ 2.814,45","46,92",,,,,,,
833,2023-11-22 00:00:00,2023,Novembro,22,1866,Consumidor Final,Nordeste,BA,Eletrônicos,Headset Gamer,Loja Física,1,"R$ 331,73",8%,"R$ 331,73","R$ 26,37","R$ 305,35","R$ 219,36","R$ 85,99","28,16",,,,,,,
834,2023-11-22 00:00:00,2023,Novembro,22,1846,Pequenas Empresas,Sudeste,MG,Eletrônicos,Cadeira Gamer,E-commerce,14,"R$ 1.005,32",7%,"R$ 14.074,44","R$ 1.042,46","R$ 13.031,98","R$ 7.412,65","R$ 5.619,33","43,12",,,,,,,
835,2023-11-22 00:00:00,2023,Novembro,22,1533,Corporativo,Sudeste,SP,Eletrônicos,Monitor Ultrawide,E-commerce,22,"R$ 1.331,11",7%,"R$ 29.284,32","R$ 2.186,30","R$ 27.098,02","R$ 14.350,54","R$ 12.747,47","47,04",,,,,,,
836,2023-11-23 00:00:00,2023,Novembro,23,1091,Corporativo,Sul,RS,Eletrônicos,Teclado Mecânico,E-commerce,35,"R$ 2.517,37",10%,"R$ 88.108,01","R$ 8.823,53","R$ 79.284,47","R$ 48.394,90","R$ 30.889,57","38,96",,,,,,,
837,2023-11-23 00:00:00,2023,Novembro,23,1811,Corporativo,Centro-Oeste,GO,Eletrônicos,Mouse Gamer,E-commerce,35,"R$ 1.261,20",9%,"R$ 44.141,97","R$ 4.011,41","R$ 40.130,57","R$ 25.782,32","R$ 14.348,24","35,75",,,,,,,
838,2023-11-23 00:00:00,2023,Novembro,23,1904,Consumidor Final,Nordeste,PE,Eletrônicos,Webcam 4K,E-commerce,4,"R$ 356,08",11%,"R$ 1.424,33","R$ 154,17","R$ 1.270,16","R$ 900,08","R$ 370,08","29,14",,,,,,,
839,2023-11-23 00:00:00,2023,Novembro,23,1221,Pequenas Empresas,Nordeste,BA,Móveis,Mesa Gamer,E-commerce,7,"R$ 503,89",8%,"R$ 3.527,20","R$ 297,63","R$ 3.229,57","R$ 2.255,80","R$ 973,77","30,15",,,,,,,
840,2023-11-23 00:00:00,2023,Novembro,23,1177,Consumidor Final,Nordeste,CE,Móveis,Mesa Gamer,E-commerce,3,"R$ 303,85",5%,"R$ 911,55","R$ 43,54","R$ 868,01","R$ 633,90","R$ 234,12","26,97",,,,,,,
841,2023-11-23 00:00:00,2023,Novembro,23,1210,Corporativo,Sul,SC,Eletrônicos,Headset Gamer,Loja Física,13,"R$ 2.986,86",2%,"R$ 38.829,12","R$ 690,66","R$ 38.138,47","R$ 22.516,06","R$ 15.622,40","40,96",,,,,,,
842,2023-11-24 00:00:00,2023,Novembro,24,1699,Consumidor Final,Sudeste,MG,Eletrônicos,Microfone Condensador,E-commerce,3,"R$ 374,26",10%,"R$ 1.122,77","R$ 116,31","R$ 1.006,46","R$ 566,47","R$ 439,99","43,72",,,,,,,
843,2023-11-24 00:00:00,2023,Novembro,24,1894,Pequenas Empresas,Sudeste,SP,Móveis,Mesa Gamer,E-commerce,6,"R$ 745,59",1%,"R$ 4.473,55","R$ 60,98","R$ 4.412,57","R$ 2.306,73","R$ 2.105,84","47,72",,,,,,,
844,2023-11-24 00:00:00,2023,Novembro,24,1312,Corporativo,Nordeste,CE,Eletrônicos,Monitor Ultrawide,E-commerce,19,"R$ 2.838,11",3%,"R$ 53.924,02","R$ 1.582,56","R$ 52.341,46","R$ 38.516,88","R$ 13.824,58","26,41",,,,,,,
845,2023-11-24 00:00:00,2023,Novembro,24,1702,Consumidor Final,Nordeste,BA,Eletrônicos,Webcam 4K,Loja Física,1,"R$ 295,07",1%,"R$ 295,07","R$ 3,43","R$ 291,65","R$ 202,62","R$ 89,03","30,53",,,,,,,
846,2023-11-24 00:00:00,2023,Novembro,24,1072,Consumidor Final,Centro-Oeste,GO,Eletrônicos,Cadeira Gamer,E-commerce,5,"R$ 343,78",4%,"R$ 1.718,89","R$ 61,22","R$ 1.657,67","R$ 1.111,62","R$ 546,05","32,94",,,,,,,
847,2023-11-25 00:00:00,2023,Novembro,25,1611,Consumidor Final,Nordeste,CE,Eletrônicos,Monitor Ultrawide,E-commerce,4,"R$ 399,81",6%,"R$ 1.599,23","R$ 102,79","R$ 1.496,44","R$ 1.040,48","R$ 455,96","30,47",,,,,,,
848,2023-11-25 00:00:00,2023,Novembro,25,1029,Consumidor Final,Sudeste,RJ,Eletrônicos,Headset Gamer,E-commerce,1,"R$ 445,23",4%,"R$ 445,23","R$ 18,77","R$ 426,46","R$ 239,80","R$ 186,66","43,77",,,,,,,
849,2023-11-25 00:00:00,2023,Novembro,25,1968,Pequenas Empresas,Sudeste,RJ,Eletrônicos,Monitor Ultrawide,Loja Física,4,"R$ 766,24",4%,"R$ 3.064,98","R$ 117,96","R$ 2.947,02","R$ 1.553,89","R$ 1.393,13","47,27",,,,,,,
850,2023-11-25 00:00:00,2023,Novembro,25,1062,Consumidor Final,Sudeste,SP,Eletrônicos,Cadeira Gamer,Loja Física,1,"R$ 211,69",8%,"R$ 211,69","R$ 16,41","R$ 195,28","R$ 110,65","R$ 84,63","43,34",,,,,,,
851,2023-11-25 00:00:00,2023,Novembro,25,1858,Pequenas Empresas,Sul,SC,Eletrônicos,Teclado Mecânico,E-commerce,12,"R$ 1.156,57",8%,"R$ 13.878,87","R$ 1.172,07","R$ 12.706,79","R$ 7.775,35","R$ 4.931,45","38,81",,,,,,,
852,2023-11-25 00:00:00,2023,Novembro,25,1426,Pequenas Empresas,Nordeste,BA,Eletrônicos,Headset Gamer,Loja Física,5,"R$ 474,41",3%,"R$ 2.372,07","R$ 61,26","R$ 2.310,81","R$ 1.718,60","R$ 592,21","25,63",,,,,,,
853,2023-11-26 00:00:00,2023,Novembro,26,1227,Consumidor Final,Sudeste,MG,Eletrônicos,Teclado Mecânico,Loja Física,1,"R$ 182,17",6%,"R$ 182,17","R$ 10,31","R$ 171,86","R$ 95,01","R$ 76,85","44,71",,,,,,,
854,2023-11-26 00:00:00,2023,Novembro,26,1435,Consumidor Final,Sul,RS,Eletrônicos,Mouse Gamer,E-commerce,1,"R$ 179,28",3%,"R$ 179,28","R$ 5,08","R$ 174,20","R$ 100,09","R$ 74,11","42,54",,,,,,,
855,2023-11-26 00:00:00,2023,Novembro,26,1702,Consumidor Final,Centro-Oeste,GO,Eletrônicos,Teclado Mecânico,Loja Física,1,"R$ 187,38",5%,"R$ 187,38","R$ 9,42","R$ 177,97","R$ 118,57","R$ 59,40","33,38",,,,,,,
856,2023-11-26 00:00:00,2023,Novembro,26,1141,Corporativo,Nordeste,PE,Eletrônicos,Mouse Gamer,E-commerce,32,"R$ 2.646,09",4%,"R$ 84.674,82","R$ 3.325,28","R$ 81.349,55","R$ 60.821,77","R$ 20.527,78","25,23",,,,,,,
857,2023-11-26 00:00:00,2023,Novembro,26,1493,Pequenas Empresas,Nordeste,PE,Eletrônicos,Mouse Gamer,E-commerce,10,"R$ 855,60",10%,"R$ 8.555,98","R$ 868,97","R$ 7.687,01","R$ 5.307,90","R$ 2.379,11","30,95",,,,,,,
858,2023-11-26 00:00:00,2023,Novembro,26,1189,Corporativo,Nordeste,PE,Eletrônicos,Teclado Mecânico,E-commerce,37,"R$ 2.750,88",12%,"R$ 101.782,38","R$ 11.989,47","R$ 89.792,92","R$ 62.034,69","R$ 27.758,23","30,91",,,,,,,
859,2023-11-26 00:00:00,2023,Novembro,26,1083,Pequenas Empresas,Sudeste,SP,Eletrônicos,Headset Gamer,Loja Física,4,"R$ 1.038,84",2%,"R$ 4.155,38","R$ 90,48","R$ 4.064,90","R$ 2.167,24","R$ 1.897,67","46,68",,,,,,,
860,2023-11-27 00:00:00,2023,Novembro,27,1282,Corporativo,Sudeste,MG,Eletrônicos,Microfone Condensador,Loja Física,23,"R$ 2.231,20",6%,"R$ 51.317,53","R$ 3.274,89","R$ 48.042,63","R$ 27.237,05","R$ 20.805,58","43,31",,,,,,,
861,2023-11-27 00:00:00,2023,Novembro,27,1303,Pequenas Empresas,Sudeste,SP,Eletrônicos,Cadeira Gamer,E-commerce,10,"R$ 1.009,70",11%,"R$ 10.097,04","R$ 1.140,76","R$ 8.956,28","R$ 4.689,10","R$ 4.267,18","47,64",,,,,,,
862,2023-11-27 00:00:00,2023,Novembro,27,1985,Consumidor Final,Sul,SC,Eletrônicos,Monitor Ultrawide,Loja Física,1,"R$ 221,80",8%,"R$ 221,80","R$ 17,45","R$ 204,35","R$ 122,93","R$ 81,42","39,84",,,,,,,
863,2023-11-27 00:00:00,2023,Novembro,27,1920,Pequenas Empresas,Sudeste,SP,Eletrônicos,Monitor Ultrawide,E-commerce,15,"R$ 1.129,77",8%,"R$ 16.946,50","R$ 1.349,78","R$ 15.596,72","R$ 8.371,33","R$ 7.225,39","46,33",,,,,,,
864,2023-11-27 00:00:00,2023,Novembro,27,1259,Consumidor Final,Sudeste,RJ,Eletrônicos,Cadeira Gamer,E-commerce,2,"R$ 158,44",5%,"R$ 316,87","R$ 16,25","R$ 300,62","R$ 163,06","R$ 137,57","45,76",,,,,,,
865,2023-11-27 00:00:00,2023,Novembro,27,1836,Consumidor Final,Nordeste,PE,Eletrônicos,Webcam 4K,Loja Física,1,"R$ 220,51",8%,"R$ 220,51","R$ 18,03","R$ 202,48","R$ 146,94","R$ 55,54","27,43",,,,,,,
866,2023-11-27 00:00:00,2023,Novembro,27,1934,Corporativo,Sudeste,MG,Eletrônicos,Webcam 4K,E-commerce,27,"R$ 1.238,90",11%,"R$ 33.450,28","R$ 3.681,27","R$ 29.769,01","R$ 16.784,43","R$ 12.984,58","43,62",,,,,,,
867,2023-11-27 00:00:00,2023,Novembro,27,1335,Consumidor Final,Nordeste,CE,Eletrônicos,Mouse Gamer,E-commerce,1,"R$ 391,65",2%,"R$ 391,65","R$ 7,22","R$ 384,42","R$ 278,78","R$ 105,65","27,48",,,,,,,
868,2023-11-27 00:00:00,2023,Novembro,27,1804,Pequenas Empresas,Centro-Oeste,GO,Eletrônicos,Mouse Gamer,E-commerce,11,"R$ 1.132,65",7%,"R$ 12.459,17","R$ 813,79","R$ 11.645,38","R$ 7.363,30","R$ 4.282,08","36,77",,,,,,,
869,2023-11-28 00:00:00,2023,Novembro,28,1459,Pequenas Empresas,Sudeste,SP,Eletrônicos,Headset Gamer,Loja Física,5,"R$ 1.171,48",3%,"R$ 5.857,41","R$ 164,07","R$ 5.693,35","R$ 3.199,86","R$ 2.493,49","43,80",,,,,,,
870,2023-11-28 00:00:00,2023,Novembro,28,1789,Consumidor Final,Sudeste,RJ,Móveis,Mesa Gamer,E-commerce,1,"R$ 394,79",5%,"R$ 394,79","R$ 20,38","R$ 374,41","R$ 215,17","R$ 159,24","42,53",,,,,,,
871,2023-11-28 00:00:00,2023,Novembro,28,1887,Corporativo,Sudeste,MG,Eletrônicos,Teclado Mecânico,E-commerce,20,"R$ 2.648,27",6%,"R$ 52.965,45","R$ 2.954,29","R$ 50.011,15","R$ 28.506,74","R$ 21.504,41","43,00",,,,,,,
872,2023-11-28 00:00:00,2023,Novembro,28,1267,Corporativo,Sul,RS,Eletrônicos,Mouse Gamer,E-commerce,35,"R$ 1.242,62",3%,"R$ 43.491,76","R$ 1.122,02","R$ 42.369,75","R$ 25.020,31","R$ 17.349,44","40,95",,,,,,,
873,2023-11-28 00:00:00,2023,Novembro,28,1431,Corporativo,Centro-Oeste,GO,Eletrônicos,Monitor Ultrawide,E-commerce,43,"R$ 3.336,16",6%,"R$ 143.454,70","R$ 9.273,17","R$ 134.181,54","R$ 84.456,98","R$ 49.724,55","37,06",,,,,,,
874,2023-11-28 00:00:00,2023,Novembro,28,1082,Consumidor Final,Sul,PR,Eletrônicos,Headset Gamer,E-commerce,3,"R$ 369,56",3%,"R$ 1.108,69","R$ 32,30","R$ 1.076,38","R$ 654,79","R$ 421,59","39,17",,,,,,,
875,2023-11-28 00:00:00,2023,Novembro,28,1233,Pequenas Empresas,Nordeste,CE,Eletrônicos,Teclado Mecânico,E-commerce,14,"R$ 865,79",4%,"R$ 12.121,06","R$ 521,04","R$ 11.600,02","R$ 8.676,07","R$ 2.923,95","25,21",,,,,,,
876,2023-11-29 00:00:00,2023,Novembro,29,1031,Consumidor Final,Nordeste,BA,Eletrônicos,Headset Gamer,Loja Física,1,"R$ 253,43",5%,"R$ 253,43","R$ 13,41","R$ 240,02","R$ 167,18","R$ 72,84","30,35",,,,,,,
877,2023-11-29 00:00:00,2023,Novembro,29,1020,Corporativo,Nordeste,BA,Eletrônicos,Teclado Mecânico,E-commerce,25,"R$ 2.589,90",8%,"R$ 64.747,50","R$ 5.134,61","R$ 59.612,89","R$ 43.216,79","R$ 16.396,11","27,50",,,,,,,
878,2023-11-29 00:00:00,2023,Novembro,29,1331,Pequenas Empresas,Nordeste,BA,Eletrônicos,Teclado Mecânico,Loja Física,4,"R$ 413,34",11%,"R$ 1.653,35","R$ 175,40","R$ 1.477,95","R$ 1.087,49","R$ 390,46","26,42",,,,,,,
879,2023-11-29 00:00:00,2023,Novembro,29,1482,Consumidor Final,Centro-Oeste,GO,Eletrônicos,Cadeira Gamer,Loja Física,1,"R$ 201,83",8%,"R$ 201,83","R$ 15,83","R$ 186,00","R$ 116,64","R$ 69,36","37,29",,,,,,,
880,2023-11-29 00:00:00,2023,Novembro,29,1323,Consumidor Final,Sudeste,RJ,Eletrônicos,Mouse Gamer,E-commerce,5,"R$ 405,47",11%,"R$ 2.027,37","R$ 212,91","R$ 1.814,46","R$ 1.008,10","R$ 806,36","44,44",,,,,,,
881,2023-11-29 00:00:00,2023,Novembro,29,1506,Corporativo,Nordeste,CE,Eletrônicos,Microfone Condensador,E-commerce,31,"R$ 2.786,52",11%,"R$ 86.382,12","R$ 9.847,94","R$ 76.534,17","R$ 54.497,90","R$ 22.036,27","28,79",,,,,,,
882,2023-11-30 00:00:00,2023,Novembro,30,1020,Corporativo,Sul,SC,Eletrônicos,Headset Gamer,Loja Física,21,"R$ 1.217,17",6%,"R$ 25.560,47","R$ 1.444,05","R$ 24.116,42","R$ 14.154,31","R$ 9.962,11","41,31",,,,,,,
883,2023-11-30 00:00:00,2023,Novembro,30,1080,Consumidor Final,Nordeste,CE,Eletrônicos,Microfone Condensador,Loja Física,2,"R$ 230,76",12%,"R$ 461,51","R$ 54,48","R$ 407,03","R$ 295,92","R$ 111,11","27,30",,,,,,,
884,2023-11-30 00:00:00,2023,Novembro,30,1148,Corporativo,Sudeste,MG,Eletrônicos,Headset Gamer,E-commerce,26,"R$ 1.744,46",8%,"R$ 45.355,88","R$ 3.586,90","R$ 41.768,99","R$ 22.146,07","R$ 19.622,92","46,98",,,,,,,
885,2023-11-30 00:00:00,2023,Novembro,30,1861,Pequenas Empresas,Sudeste,RJ,Eletrônicos,Cadeira Gamer,Loja Física,6,"R$ 991,14",1%,"R$ 5.946,87","R$ 78,55","R$ 5.868,32","R$ 3.213,05","R$ 2.655,26","45,25",,,,,,,
886,2023-11-30 00:00:00,2023,Novembro,30,1771,Pequenas Empresas,Sudeste,SP,Eletrônicos,Monitor Ultrawide,Loja Física,3,"R$ 563,41",8%,"R$ 1.690,22","R$ 133,44","R$ 1.556,78","R$ 869,42","R$ 687,35","44,15",,,,,,,
887,2023-11-30 00:00:00,2023,Novembro,30,1128,Corporativo,Sul,PR,Eletrônicos,Microfone Condensador,E-commerce,48,"R$ 2.317,54",7%,"R$ 111.241,77","R$ 8.036,52","R$ 103.205,25","R$ 59.342,47","R$ 43.862,79","42,50",,,,,,,
888,2023-11-30 00:00:00,2023,Novembro,30,1392,Consumidor Final,Sudeste,RJ,Eletrônicos,Monitor Ultrawide,E-commerce,3,"R$ 150,22",8%,"R$ 450,67","R$ 33,96","R$ 416,71","R$ 223,71","R$ 193,00","46,32",,,,,,,
889,2023-11-30 00:00:00,2023,Novembro,30,1086,Consumidor Final,Sudeste,MG,Eletrônicos,Webcam 4K,E-commerce,1,"R$ 289,18",4%,"R$ 289,18","R$ 10,71","R$ 278,47","R$ 146,23","R$ 132,24","47,49",,,,,,,
890,2023-12-01 00:00:00,2023,Dezembro,1,1085,Pequenas Empresas,Nordeste,CE,Eletrônicos,Mouse Gamer,E-commerce,13,"R$ 789,46",11%,"R$ 10.263,01","R$ 1.158,06","R$ 9.104,95","R$ 6.480,68","R$ 2.624,28","28,82",,,,,,,
891,2023-12-01 00:00:00,2023,Dezembro,1,1606,Corporativo,Sul,SC,Eletrônicos,Mouse Gamer,E-commerce,47,"R$ 2.064,39",2%,"R$ 97.026,27","R$ 2.028,44","R$ 94.997,84","R$ 56.297,88","R$ 38.699,96","40,74",,,,,,,
892,2023-12-02 00:00:00,2023,Dezembro,2,1163,Pequenas Empresas,Centro-Oeste,GO,Móveis,Mesa Gamer,Loja Física,5,"R$ 641,92",2%,"R$ 3.209,58","R$ 50,03","R$ 3.159,55","R$ 2.059,72","R$ 1.099,83","34,81",,,,,,,
893,2023-12-02 00:00:00,2023,Dezembro,2,1951,Consumidor Final,Nordeste,BA,Eletrônicos,Cadeira Gamer,E-commerce,3,"R$ 363,13",6%,"R$ 1.089,38","R$ 61,09","R$ 1.028,29","R$ 739,30","R$ 288,99","28,10",,,,,,,
894,2023-12-02 00:00:00,2023,Dezembro,2,1225,Pequenas Empresas,Sul,PR,Eletrônicos,Monitor Ultrawide,E-commerce,8,"R$ 933,13",4%,"R$ 7.465,01","R$ 309,01","R$ 7.156,00","R$ 4.256,76","R$ 2.899,24","40,51",,,,,,,
895,2023-12-02 00:00:00,2023,Dezembro,2,1360,Corporativo,Centro-Oeste,GO,Eletrônicos,Teclado Mecânico,E-commerce,24,"R$ 1.904,82",12%,"R$ 45.715,62","R$ 5.295,85","R$ 40.419,76","R$ 25.146,38","R$ 15.273,39","37,79",,,,,,,
896,2023-12-02 00:00:00,2023,Dezembro,2,1065,Corporativo,Nordeste,PE,Eletrônicos,Headset Gamer,Loja Física,10,"R$ 2.986,69",8%,"R$ 29.866,89","R$ 2.511,09","R$ 27.355,80","R$ 19.508,24","R$ 7.847,56","28,69",,,,,,,
897,2023-12-02 00:00:00,2023,Dezembro,2,1315,Pequenas Empresas,Nordeste,BA,Eletrônicos,Mouse Gamer,E-commerce,13,"R$ 807,33",1%,"R$ 10.495,24","R$ 133,43","R$ 10.361,81","R$ 7.518,38","R$ 2.843,42","27,44",,,,,,,
898,2023-12-03 00:00:00,2023,Dezembro,3,1108,Pequenas Empresas,Nordeste,BA,Eletrônicos,Microfone Condensador,E-commerce,12,"R$ 986,09",9%,"R$ 11.833,08","R$ 1.009,60","R$ 10.823,49","R$ 7.979,89","R$ 2.843,60","26,27",,,,,,,
899,2023-12-03 00:00:00,2023,Dezembro,3,1914,Consumidor Final,Nordeste,CE,Eletrônicos,Headset Gamer,E-commerce,2,"R$ 162,47",3%,"R$ 324,94","R$ 10,64","R$ 314,29","R$ 218,28","R$ 96,02","30,55",,,,,,,
900,2023-12-03 00:00:00,2023,Dezembro,3,1639,Pequenas Empresas,Sul,RS,Eletrônicos,Headset Gamer,Loja Física,2,"R$ 1.172,49",5%,"R$ 2.344,98","R$ 111,56","R$ 2.233,42","R$ 1.361,69","R$ 871,73","39,03",,,,,,,
901,2023-12-03 00:00:00,2023,Dezembro,3,1403,Corporativo,Sul,RS,Móveis,Mesa Gamer,E-commerce,22,"R$ 3.173,72",5%,"R$ 69.821,83","R$ 3.831,34","R$ 65.990,49","R$ 37.692,73","R$ 28.297,75","42,88",,,,,,,
902,2023-12-03 00:00:00,2023,Dezembro,3,1735,Consumidor Final,Sul,PR,Eletrônicos,Monitor Ultrawide,Loja Física,1,"R$ 159,45",2%,"R$ 159,45","R$ 3,73","R$ 155,73","R$ 92,19","R$ 63,53","40,80",,,,,,,
903,2023-12-03 00:00:00,2023,Dezembro,3,1155,Consumidor Final,Centro-Oeste,GO,Eletrônicos,Mouse Gamer,E-commerce,3,"R$ 380,92",10%,"R$ 1.142,76","R$ 113,36","R$ 1.029,39","R$ 675,26","R$ 354,13","34,40",,,,,,,
904,2023-12-04 00:00:00,2023,Dezembro,4,1353,Corporativo,Sudeste,SP,Eletrônicos,Headset Gamer,E-commerce,30,"R$ 2.396,53",1%,"R$ 71.896,01","R$ 1.012,47","R$ 70.883,53","R$ 40.769,36","R$ 30.114,17","42,48",,,,,,,
905,2023-12-04 00:00:00,2023,Dezembro,4,1625,Consumidor Final,Nordeste,PE,Eletrônicos,Mouse Gamer,E-commerce,4,"R$ 176,23",11%,"R$ 704,90","R$ 79,66","R$ 625,24","R$ 437,96","R$ 187,28","29,95",,,,,,,
906,2023-12-04 00:00:00,2023,Dezembro,4,1587,Corporativo,Sul,PR,Eletrônicos,Teclado Mecânico,Loja Física,20,"R$ 3.051,77",10%,"R$ 61.035,48","R$ 6.318,06","R$ 54.717,42","R$ 33.522,68","R$ 21.194,74","38,73",,,,,,,
907,2023-12-05 00:00:00,2023,Dezembro,5,1431,Pequenas Empresas,Centro-Oeste,GO,Móveis,Mesa Gamer,E-commerce,10,"R$ 853,95",5%,"R$ 8.539,55","R$ 439,54","R$ 8.100,01","R$ 5.039,05","R$ 3.060,96","37,79",,,,,,,
908,2023-12-05 00:00:00,2023,Dezembro,5,1242,Consumidor Final,Nordeste,CE,Eletrônicos,Teclado Mecânico,Loja Física,1,"R$ 155,09",12%,"R$ 155,09","R$ 17,93","R$ 137,16","R$ 102,50","R$ 34,66","25,27",,,,,,,
909,2023-12-05 00:00:00,2023,Dezembro,5,1820,Corporativo,Sul,RS,Eletrônicos,Mouse Gamer,E-commerce,17,"R$ 2.813,14",1%,"R$ 47.823,32","R$ 553,84","R$ 47.269,47","R$ 29.639,34","R$ 17.630,13","37,30",,,,,,,
910,2023-12-05 00:00:00,2023,Dezembro,5,1466,Pequenas Empresas,Nordeste,PE,Eletrônicos,Webcam 4K,E-commerce,7,"R$ 410,62",7%,"R$ 2.874,37","R$ 200,12","R$ 2.674,26","R$ 1.931,95","R$ 742,30","27,76",,,,,,,
911,2023-12-05 00:00:00,2023,Dezembro,5,1386,Consumidor Final,Nordeste,PE,Eletrônicos,Microfone Condensador,Loja Física,1,"R$ 350,20",2%,"R$ 350,20","R$ 8,34","R$ 341,86","R$ 240,69","R$ 101,17","29,59",,,,,,,
912,2023-12-06 00:00:00,2023,Dezembro,6,1049,Pequenas Empresas,Nordeste,BA,Eletrônicos,Mouse Gamer,E-commerce,5,"R$ 519,51",8%,"R$ 2.597,53","R$ 211,20","R$ 2.386,33","R$ 1.765,06","R$ 621,26","26,03",,,,,,,
913,2023-12-06 00:00:00,2023,Dezembro,6,1190,Corporativo,Sudeste,RJ,Eletrônicos,Monitor Ultrawide,E-commerce,39,"R$ 2.597,89",2%,"R$ 101.317,73","R$ 1.947,02","R$ 99.370,70","R$ 53.800,92","R$ 45.569,78","45,86",,,,,,,
914,2023-12-07 00:00:00,2023,Dezembro,7,1378,Pequenas Empresas,Sudeste,SP,Eletrônicos,Headset Gamer,E-commerce,8,"R$ 901,47",4%,"R$ 7.211,73","R$ 272,98","R$ 6.938,75","R$ 3.689,88","R$ 3.248,87","46,82",,,,,,,
915,2023-12-07 00:00:00,2023,Dezembro,7,1699,Pequenas Empresas,Sudeste,RJ,Eletrônicos,Headset Gamer,Loja Física,6,"R$ 1.147,54",3%,"R$ 6.885,22","R$ 225,28","R$ 6.659,94","R$ 3.569,05","R$ 3.090,89","46,41",,,,,,,
916,2023-12-07 00:00:00,2023,Dezembro,7,1424,Consumidor Final,Nordeste,CE,Eletrônicos,Teclado Mecânico,Loja Física,1,"R$ 350,78",10%,"R$ 350,78","R$ 34,96","R$ 315,82","R$ 231,93","R$ 83,90","26,56",,,,,,,
917,2023-12-07 00:00:00,2023,Dezembro,7,1821,Consumidor Final,Nordeste,BA,Eletrônicos,Microfone Condensador,E-commerce,2,"R$ 406,85",2%,"R$ 813,69","R$ 17,02","R$ 796,67","R$ 593,17","R$ 203,50","25,54",,,,,,,
918,2023-12-07 00:00:00,2023,Dezembro,7,1624,Corporativo,Nordeste,PE,Móveis,Mesa Gamer,E-commerce,37,"R$ 2.229,26",2%,"R$ 82.482,50","R$ 1.749,30","R$ 80.733,20","R$ 60.472,78","R$ 20.260,42","25,10",,,,,,,
919,2023-12-07 00:00:00,2023,Dezembro,7,1455,Pequenas Empresas,Sul,PR,Eletrônicos,Webcam 4K,Loja Física,5,"R$ 684,85",10%,"R$ 3.424,27","R$ 331,40","R$ 3.092,87","R$ 1.905,14","R$ 1.187,73","38,40",,,,,,,
920,2023-12-07 00:00:00,2023,Dezembro,7,1448,Consumidor Final,Nordeste,CE,Eletrônicos,Cadeira Gamer,Loja Física,1,"R$ 246,02",9%,"R$ 246,02","R$ 23,11","R$ 222,90","R$ 156,45","R$ 66,46","29,81",,,,,,,
921,2023-12-07 00:00:00,2023,Dezembro,7,1398,Consumidor Final,Nordeste,PE,Eletrônicos,Microfone Condensador,E-commerce,2,"R$ 163,35",4%,"R$ 326,71","R$ 13,66","R$ 313,05","R$ 226,31","R$ 86,74","27,71",,,,,,,
922,2023-12-08 00:00:00,2023,Dezembro,8,1876,Pequenas Empresas,Sul,PR,Eletrônicos,Headset Gamer,E-commerce,10,"R$ 1.007,09",2%,"R$ 10.070,95","R$ 217,91","R$ 9.853,03","R$ 5.908,19","R$ 3.944,84","40,04",,,,,,,
923,2023-12-08 00:00:00,2023,Dezembro,8,1401,Pequenas Empresas,Sudeste,RJ,Eletrônicos,Monitor Ultrawide,Loja Física,3,"R$ 779,64",5%,"R$ 2.338,91","R$ 116,39","R$ 2.222,51","R$ 1.241,22","R$ 981,29","44,15",,,,,,,
924,2023-12-08 00:00:00,2023,Dezembro,8,1369,Corporativo,Sudeste,MG,Eletrônicos,Microfone Condensador,E-commerce,28,"R$ 1.984,22",10%,"R$ 55.558,25","R$ 5.478,11","R$ 50.080,13","R$ 28.029,01","R$ 22.051,12","44,03",,,,,,,
925,2023-12-08 00:00:00,2023,Dezembro,8,1374,Consumidor Final,Sudeste,RJ,Eletrônicos,Teclado Mecânico,E-commerce,2,"R$ 326,37",11%,"R$ 652,74","R$ 73,63","R$ 579,11","R$ 310,66","R$ 268,46","46,36",,,,,,,
926,2023-12-08 00:00:00,2023,Dezembro,8,1212,Corporativo,Sudeste,SP,Eletrônicos,Teclado Mecânico,E-commerce,29,"R$ 3.026,10",6%,"R$ 87.756,80","R$ 5.573,71","R$ 82.183,10","R$ 46.019,02","R$ 36.164,07","44,00",,,,,,,
927,2023-12-08 00:00:00,2023,Dezembro,8,1453,Consumidor Final,Sul,PR,Eletrônicos,Cadeira Gamer,E-commerce,2,"R$ 381,95",2%,"R$ 763,90","R$ 16,57","R$ 747,33","R$ 435,91","R$ 311,42","41,67",,,,,,,
928,2023-12-08 00:00:00,2023,Dezembro,8,1406,Pequenas Empresas,Sudeste,RJ,Eletrônicos,Monitor Ultrawide,E-commerce,12,"R$ 645,67",1%,"R$ 7.748,04","R$ 107,45","R$ 7.640,60","R$ 4.283,40","R$ 3.357,19","43,94",,,,,,,
929,2023-12-09 00:00:00,2023,Dezembro,9,1728,Consumidor Final,Sul,PR,Móveis,Mesa Gamer,E-commerce,3,"R$ 256,97",6%,"R$ 770,90","R$ 45,64","R$ 725,26","R$ 414,90","R$ 310,36","42,79",,,,,,,
930,2023-12-09 00:00:00,2023,Dezembro,9,1114,Pequenas Empresas,Sul,RS,Eletrônicos,Microfone Condensador,E-commerce,5,"R$ 547,55",6%,"R$ 2.737,74","R$ 177,21","R$ 2.560,54","R$ 1.570,74","R$ 989,79","38,66",,,,,,,
931,2023-12-09 00:00:00,2023,Dezembro,9,1462,Consumidor Final,Sul,SC,Eletrônicos,Monitor Ultrawide,Loja Física,1,"R$ 362,79",1%,"R$ 362,79","R$ 4,47","R$ 358,32","R$ 216,73","R$ 141,58","39,51",,,,,,,
932,2023-12-09 00:00:00,2023,Dezembro,9,1262,Corporativo,Nordeste,PE,Móveis,Mesa Gamer,Loja Física,9,"R$ 2.862,37",11%,"R$ 25.761,31","R$ 2.936,37","R$ 22.824,94","R$ 15.862,77","R$ 6.962,17","30,50",,,,,,,
933,2023-12-09 00:00:00,2023,Dezembro,9,1476,Pequenas Empresas,Centro-Oeste,GO,Eletrônicos,Monitor Ultrawide,E-commerce,12,"R$ 1.082,03",3%,"R$ 12.984,41","R$ 412,93","R$ 12.571,48","R$ 7.889,06","R$ 4.682,42","37,25",,,,,,,
934,2023-12-10 00:00:00,2023,Dezembro,10,1788,Consumidor Final,Sudeste,MG,Eletrônicos,Monitor Ultrawide,E-commerce,2,"R$ 278,67",3%,"R$ 557,33","R$ 17,16","R$ 540,17","R$ 304,17","R$ 236,01","43,69",,,,,,,
935,2023-12-10 00:00:00,2023,Dezembro,10,1653,Consumidor Final,Nordeste,BA,Eletrônicos,Mouse Gamer,E-commerce,2,"R$ 297,91",2%,"R$ 595,82","R$ 11,33","R$ 584,49","R$ 431,49","R$ 153,00","26,18",,,,,,7.0,Julho
936,2023-12-10 00:00:00,2023,Dezembro,10,1962,Pequenas Empresas,Sudeste,RJ,Eletrônicos,Teclado Mecânico,Loja Física,7,"R$ 987,81",5%,"R$ 6.914,65","R$ 313,71","R$ 6.600,94","R$ 3.814,82","R$ 2.786,12","42,21",,,,,,,
937,2023-12-10 00:00:00,2023,Dezembro,10,1561,Consumidor Final,Nordeste,PE,Eletrônicos,Microfone Condensador,E-commerce,1,"R$ 360,72",8%,"R$ 360,72","R$ 29,75","R$ 330,97","R$ 228,58","R$ 102,38","30,93",,,,,,,
938,2023-12-11 00:00:00,2023,Dezembro,11,1200,Corporativo,Nordeste,PE,Eletrônicos,Monitor Ultrawide,Loja Física,14,"R$ 2.414,56",3%,"R$ 33.803,79","R$ 1.089,46","R$ 32.714,33","R$ 24.319,69","R$ 8.394,64","25,66",,,,,,,
939,2023-12-11 00:00:00,2023,Dezembro,11,1919,Pequenas Empresas,Sudeste,RJ,Eletrônicos,Microfone Condensador,Loja Física,4,"R$ 1.041,82",10%,"R$ 4.167,28","R$ 402,31","R$ 3.764,97","R$ 2.068,54","R$ 1.696,43","45,06",,,,,,,
940,2023-12-11 00:00:00,2023,Dezembro,11,1675,Consumidor Final,Sudeste,SP,Eletrônicos,Cadeira Gamer,Loja Física,2,"R$ 235,40",5%,"R$ 470,80","R$ 24,18","R$ 446,63","R$ 238,78","R$ 207,85","46,54",,,,,,,
941,2023-12-11 00:00:00,2023,Dezembro,11,1226,Corporativo,Nordeste,PE,Eletrônicos,Monitor Ultrawide,E-commerce,36,"R$ 1.241,47",2%,"R$ 44.692,80","R$ 950,01","R$ 43.742,79","R$ 31.729,71","R$ 12.013,08","27,46",,,,,,,
942,2023-12-11 00:00:00,2023,Dezembro,11,1665,Corporativo,Sudeste,MG,Eletrônicos,Headset Gamer,Loja Física,19,"R$ 2.284,04",12%,"R$ 43.396,76","R$ 5.117,38","R$ 38.279,38","R$ 20.501,57","R$ 17.777,81","46,44",,,,,,,
943,2023-12-11 00:00:00,2023,Dezembro,11,1984,Corporativo,Sul,SC,Eletrônicos,Teclado Mecânico,Loja Física,18,"R$ 1.586,67",7%,"R$ 28.560,09","R$ 1.894,92","R$ 26.665,17","R$ 16.019,30","R$ 10.645,87","39,92",,,,,,,
944,2023-12-12 00:00:00,2023,Dezembro,12,1046,Consumidor Final,Nordeste,PE,Eletrônicos,Headset Gamer,E-commerce,4,"R$ 202,47",8%,"R$ 809,86","R$ 68,02","R$ 741,84","R$ 548,66","R$ 193,18","26,04",,,,,,,
945,2023-12-12 00:00:00,2023,Dezembro,12,1171,Pequenas Empresas,Sul,PR,Eletrônicos,Microfone Condensador,E-commerce,11,"R$ 943,98",3%,"R$ 10.383,75","R$ 335,56","R$ 10.048,19","R$ 5.880,83","R$ 4.167,36","41,47",,,,,,,
946,2023-12-13 00:00:00,2023,Dezembro,13,1081,Consumidor Final,Centro-Oeste,GO,Eletrônicos,Microfone Condensador,Loja Física,1,"R$ 298,04",11%,"R$ 298,04","R$ 33,25","R$ 264,80","R$ 179,81","R$ 84,99","32,10",,,,,,,
947,2023-12-13 00:00:00,2023,Dezembro,13,1703,Corporativo,Sul,SC,Eletrônicos,Teclado Mecânico,E-commerce,26,"R$ 1.785,73",6%,"R$ 46.428,89","R$ 2.961,45","R$ 43.467,44","R$ 26.321,95","R$ 17.145,49","39,44",,,,,,,
948,2023-12-13 00:00:00,2023,Dezembro,13,1385,Corporativo,Centro-Oeste,GO,Eletrônicos,Microfone Condensador,Loja Física,14,"R$ 2.693,95",4%,"R$ 37.715,28","R$ 1.632,64","R$ 36.082,64","R$ 23.540,36","R$ 12.542,29","34,76",,,,,,,
949,2023-12-13 00:00:00,2023,Dezembro,13,1259,Consumidor Final,Sudeste,MG,Eletrônicos,Headset Gamer,Loja Física,1,"R$ 400,93",7%,"R$ 400,93","R$ 26,59","R$ 374,34","R$ 205,28","R$ 169,06","45,16",,,,,,,
950,2023-12-13 00:00:00,2023,Dezembro,13,1935,Corporativo,Sudeste,SP,Eletrônicos,Monitor Ultrawide,E-commerce,23,"R$ 2.514,86",5%,"R$ 57.841,81","R$ 2.688,62","R$ 55.153,19","R$ 29.596,11","R$ 25.557,07","46,34",,,,,,,
951,2023-12-13 00:00:00,2023,Dezembro,13,1189,Consumidor Final,Nordeste,PE,Eletrônicos,Monitor Ultrawide,Loja Física,2,"R$ 183,04",5%,"R$ 366,09","R$ 19,35","R$ 346,74","R$ 255,04","R$ 91,70","26,45",,,,,,,
952,2023-12-14 00:00:00,2023,Dezembro,14,1100,Consumidor Final,Sudeste,MG,Eletrônicos,Mouse Gamer,E-commerce,2,"R$ 239,16",2%,"R$ 478,33","R$ 11,92","R$ 466,41","R$ 266,44","R$ 199,97","42,87",,,,,,,
953,2023-12-14 00:00:00,2023,Dezembro,14,1267,Consumidor Final,Nordeste,CE,Eletrônicos,Cadeira Gamer,Loja Física,1,"R$ 384,82",11%,"R$ 384,82","R$ 43,53","R$ 341,29","R$ 241,80","R$ 99,49","29,15",,,,,,,
954,2023-12-14 00:00:00,2023,Dezembro,14,1560,Consumidor Final,Nordeste,PE,Eletrônicos,Microfone Condensador,E-commerce,1,"R$ 426,19",2%,"R$ 426,19","R$ 8,65","R$ 417,54","R$ 289,23","R$ 128,31","30,73",,,,,,,
955,2023-12-14 00:00:00,2023,Dezembro,14,1795,Pequenas Empresas,Sudeste,MG,Eletrônicos,Headset Gamer,E-commerce,12,"R$ 1.136,03",8%,"R$ 13.632,38","R$ 1.111,42","R$ 12.520,96","R$ 7.194,23","R$ 5.326,73","42,54",,,,,,,
956,2023-12-14 00:00:00,2023,Dezembro,14,1558,Corporativo,Sul,SC,Eletrônicos,Microfone Condensador,E-commerce,51,"R$ 1.925,77",10%,"R$ 98.214,42","R$ 9.505,58","R$ 88.708,84","R$ 52.257,75","R$ 36.451,10","41,09",,,,,,,
957,2023-12-15 00:00:00,2023,Dezembro,15,1986,Pequenas Empresas,Sudeste,RJ,Eletrônicos,Microfone Condensador,E-commerce,13,"R$ 720,78",5%,"R$ 9.370,09","R$ 455,18","R$ 8.914,91","R$ 4.757,26","R$ 4.157,65","46,64",,,,,,,
958,2023-12-15 00:00:00,2023,Dezembro,15,1873,Consumidor Final,Nordeste,CE,Móveis,Mesa Gamer,E-commerce,3,"R$ 306,06",7%,"R$ 918,18","R$ 66,32","R$ 851,85","R$ 638,11","R$ 213,75","25,09",,,,,,,
959,2023-12-15 00:00:00,2023,Dezembro,15,1215,Corporativo,Sul,PR,Eletrônicos,Mouse Gamer,Loja Física,15,"R$ 2.826,63",3%,"R$ 42.399,38","R$ 1.311,92","R$ 41.087,46","R$ 24.981,04","R$ 16.106,42","39,20",,,,,,,
960,2023-12-16 00:00:00,2023,Dezembro,16,1887,Pequenas Empresas,Sudeste,SP,Eletrônicos,Headset Gamer,Loja Física,5,"R$ 541,15",12%,"R$ 2.705,76","R$ 311,57","R$ 2.394,19","R$ 1.378,52","R$ 1.015,67","42,42",,,,,,,
961,2023-12-16 00:00:00,2023,Dezembro,16,1192,Consumidor Final,Sul,RS,Eletrônicos,Headset Gamer,Loja Física,1,"R$ 323,57",11%,"R$ 323,57","R$ 35,67","R$ 287,90","R$ 171,80","R$ 116,09","40,32",,,,,,,
962,2023-12-16 00:00:00,2023,Dezembro,16,1566,Corporativo,Nordeste,CE,Eletrônicos,Microfone Condensador,E-commerce,29,"R$ 3.435,78",3%,"R$ 99.637,69","R$ 2.740,78","R$ 96.896,91","R$ 70.613,69","R$ 26.283,21","27,12",,,,,,,
963,2023-12-16 00:00:00,2023,Dezembro,16,1478,Consumidor Final,Sudeste,SP,Eletrônicos,Mouse Gamer,E-commerce,4,"R$ 418,19",11%,"R$ 1.672,77","R$ 185,97","R$ 1.486,79","R$ 853,88","R$ 632,91","42,57",,,,,,,
964,2023-12-16 00:00:00,2023,Dezembro,16,1415,Pequenas Empresas,Centro-Oeste,GO,Eletrônicos,Monitor Ultrawide,Loja Física,3,"R$ 800,23",6%,"R$ 2.400,70","R$ 133,64","R$ 2.267,06","R$ 1.518,58","R$ 748,47","33,02",,,,,,,
965,2023-12-16 00:00:00,2023,Dezembro,16,1418,Pequenas Empresas,Sul,PR,Eletrônicos,Headset Gamer,Loja Física,2,"R$ 976,09",2%,"R$ 1.952,18","R$ 38,02","R$ 1.914,16","R$ 1.152,65","R$ 761,51","39,78",,,,,,,
966,2023-12-16 00:00:00,2023,Dezembro,16,1024,Pequenas Empresas,Sudeste,RJ,Eletrônicos,Monitor Ultrawide,E-commerce,8,"R$ 414,46",5%,"R$ 3.315,72","R$ 179,17","R$ 3.136,55","R$ 1.715,72","R$ 1.420,83","45,30",,,,,,,
967,2023-12-17 00:00:00,2023,Dezembro,17,1587,Consumidor Final,Sul,RS,Eletrônicos,Mouse Gamer,E-commerce,1,"R$ 351,93",12%,"R$ 351,93","R$ 41,87","R$ 310,06","R$ 178,91","R$ 131,15","42,30",,,,,,,
968,2023-12-17 00:00:00,2023,Dezembro,17,1499,Corporativo,Nordeste,CE,Eletrônicos,Monitor Ultrawide,Loja Física,10,"R$ 1.638,32",6%,"R$ 16.383,25","R$ 996,50","R$ 15.386,75","R$ 10.706,38","R$ 4.680,37","30,42",,,,,,,
969,2023-12-17 00:00:00,2023,Dezembro,17,1658,Consumidor Final,Sul,SC,Eletrônicos,Teclado Mecânico,Loja Física,1,"R$ 179,21",4%,"R$ 179,21","R$ 7,77","R$ 171,45","R$ 101,45","R$ 70,00","40,83",,,,,,,
970,2023-12-17 00:00:00,2023,Dezembro,17,1398,Consumidor Final,Sul,RS,Móveis,Mesa Gamer,E-commerce,1,"R$ 349,33",6%,"R$ 349,33","R$ 20,89","R$ 328,44","R$ 190,45","R$ 137,99","42,01",,,,,,,
971,2023-12-18 00:00:00,2023,Dezembro,18,1939,Pequenas Empresas,Sudeste,MG,Eletrônicos,Webcam 4K,E-commerce,14,"R$ 897,55",8%,"R$ 12.565,69","R$ 964,38","R$ 11.601,31","R$ 6.137,46","R$ 5.463,85","47,10",,,,,,,
972,2023-12-18 00:00:00,2023,Dezembro,18,1818,Consumidor Final,Sul,SC,Eletrônicos,Headset Gamer,E-commerce,1,"R$ 318,80",9%,"R$ 318,80","R$ 29,92","R$ 288,88","R$ 169,63","R$ 119,25","41,28",,,,,,,
973,2023-12-18 00:00:00,2023,Dezembro,18,1519,Corporativo,Sudeste,RJ,Eletrônicos,Cadeira Gamer,E-commerce,26,"R$ 1.525,72",2%,"R$ 39.668,71","R$ 843,94","R$ 38.824,78","R$ 21.271,01","R$ 17.553,76","45,21",,,,,,,
974,2023-12-18 00:00:00,2023,Dezembro,18,1484,Consumidor Final,Sul,PR,Móveis,Mesa Gamer,E-commerce,1,"R$ 192,84",5%,"R$ 192,84","R$ 10,19","R$ 182,65","R$ 104,64","R$ 78,01","42,71",,,,,,,
975,2023-12-18 00:00:00,2023,Dezembro,18,1867,Corporativo,Nordeste,PE,Eletrônicos,Webcam 4K,Loja Física,20,"R$ 3.226,88",5%,"R$ 64.537,53","R$ 3.131,39","R$ 61.406,14","R$ 45.747,85","R$ 15.658,29","25,50",,,,,,,
976,2023-12-18 00:00:00,2023,Dezembro,18,1444,Consumidor Final,Sudeste,MG,Eletrônicos,Monitor Ultrawide,E-commerce,3,"R$ 155,31",9%,"R$ 465,94","R$ 40,70","R$ 425,24","R$ 246,09","R$ 179,16","42,13",,,,,,,
977,2023-12-18 00:00:00,2023,Dezembro,18,1687,Pequenas Empresas,Sudeste,SP,Eletrônicos,Headset Gamer,E-commerce,14,"R$ 705,89",6%,"R$ 9.882,47","R$ 580,54","R$ 9.301,93","R$ 5.185,16","R$ 4.116,77","44,26",,,,,,,
978,2023-12-19 00:00:00,2023,Dezembro,19,1085,Pequenas Empresas,Nordeste,CE,Eletrônicos,Monitor Ultrawide,E-commerce,10,"R$ 1.078,89",11%,"R$ 10.788,85","R$ 1.162,51","R$ 9.626,35","R$ 6.940,30","R$ 2.686,05","27,90",,,,,,,
979,2023-12-19 00:00:00,2023,Dezembro,19,1664,Consumidor Final,Nordeste,BA,Eletrônicos,Teclado Mecânico,Loja Física,1,"R$ 233,26",11%,"R$ 233,26","R$ 26,28","R$ 206,97","R$ 146,25","R$ 60,73","29,34",,,,,,,
980,2023-12-20 00:00:00,2023,Dezembro,20,1454,Pequenas Empresas,Sul,RS,Eletrônicos,Mouse Gamer,E-commerce,12,"R$ 467,50",9%,"R$ 5.609,96","R$ 478,81","R$ 5.131,15","R$ 3.014,73","R$ 2.116,42","41,25",,,,,,,
981,2023-12-20 00:00:00,2023,Dezembro,20,1816,Corporativo,Sudeste,RJ,Eletrônicos,Headset Gamer,E-commerce,38,"R$ 1.387,39",3%,"R$ 52.720,82","R$ 1.648,44","R$ 51.072,38","R$ 26.708,57","R$ 24.363,81","47,70",,,,,,,
982,2023-12-21 00:00:00,2023,Dezembro,21,1499,Pequenas Empresas,Centro-Oeste,GO,Eletrônicos,Webcam 4K,E-commerce,10,"R$ 1.097,19",4%,"R$ 10.971,91","R$ 396,34","R$ 10.575,56","R$ 6.570,23","R$ 4.005,34","37,87",,,,,,,
983,2023-12-21 00:00:00,2023,Dezembro,21,1832,Corporativo,Sul,SC,Eletrônicos,Webcam 4K,E-commerce,22,"R$ 2.370,02",4%,"R$ 52.140,52","R$ 1.915,84","R$ 50.224,69","R$ 29.397,26","R$ 20.827,43","41,47",,,,,,,
984,2023-12-21 00:00:00,2023,Dezembro,21,1965,Consumidor Final,Sul,SC,Eletrônicos,Teclado Mecânico,Loja Física,1,"R$ 288,21",4%,"R$ 288,21","R$ 11,96","R$ 276,26","R$ 169,94","R$ 106,32","38,48",,,,,,,
985,2023-12-21 00:00:00,2023,Dezembro,21,1147,Corporativo,Sudeste,MG,Eletrônicos,Teclado Mecânico,Loja Física,13,"R$ 3.096,39",6%,"R$ 40.253,06","R$ 2.252,08","R$ 38.000,98","R$ 21.873,93","R$ 16.127,05","42,44",,,,,,,
986,2023-12-22 00:00:00,2023,Dezembro,22,1700,Consumidor Final,Sudeste,SP,Eletrônicos,Microfone Condensador,E-commerce,4,"R$ 359,36",4%,"R$ 1.437,44","R$ 56,79","R$ 1.380,65","R$ 717,99","R$ 662,66","48,00",,,,,,,
987,2023-12-22 00:00:00,2023,Dezembro,22,1532,Consumidor Final,Nordeste,CE,Eletrônicos,Headset Gamer,Loja Física,1,"R$ 161,26",7%,"R$ 161,26","R$ 11,71","R$ 149,55","R$ 103,90","R$ 45,65","30,52",,,,,,,
988,2023-12-22 00:00:00,2023,Dezembro,22,1560,Corporativo,Sul,RS,Eletrônicos,Monitor Ultrawide,Loja Física,16,"R$ 3.396,55",11%,"R$ 54.344,84","R$ 6.040,96","R$ 48.303,88","R$ 29.529,53","R$ 18.774,35","38,87",,,,,,,
989,2023-12-22 00:00:00,2023,Dezembro,22,1266,Consumidor Final,Centro-Oeste,GO,Eletrônicos,Cadeira Gamer,Loja Física,1,"R$ 289,72",4%,"R$ 289,72","R$ 10,55","R$ 279,16","R$ 181,96","R$ 97,20","34,82",,,,,,,
990,2023-12-22 00:00:00,2023,Dezembro,22,1384,Consumidor Final,Sudeste,RJ,Eletrônicos,Webcam 4K,E-commerce,4,"R$ 339,64",7%,"R$ 1.358,55","R$ 88,83","R$ 1.269,72","R$ 731,86","R$ 537,86","42,36",,,,,,,
991,2023-12-22 00:00:00,2023,Dezembro,22,1724,Consumidor Final,Centro-Oeste,GO,Eletrônicos,Webcam 4K,E-commerce,1,"R$ 251,51",11%,"R$ 251,51","R$ 28,40","R$ 223,11","R$ 139,51","R$ 83,61","37,47",,,,,,,
992,2023-12-22 00:00:00,2023,Dezembro,22,1836,Consumidor Final,Sudeste,RJ,Eletrônicos,Teclado Mecânico,E-commerce,1,"R$ 365,43",7%,"R$ 365,43","R$ 27,03","R$ 338,40","R$ 177,03","R$ 161,37","47,69",,,,,,,
993,2023-12-23 00:00:00,2023,Dezembro,23,1707,Corporativo,Sudeste,MG,Móveis,Mesa Gamer,E-commerce,21,"R$ 1.599,44",9%,"R$ 33.588,34","R$ 2.885,87","R$ 30.702,47","R$ 16.618,15","R$ 14.084,32","45,87",,,,,,,
994,2023-12-23 00:00:00,2023,Dezembro,23,1075,Pequenas Empresas,Sul,SC,Eletrônicos,Teclado Mecânico,E-commerce,15,"R$ 806,68",12%,"R$ 12.100,27","R$ 1.441,16","R$ 10.659,11","R$ 6.545,05","R$ 4.114,06","38,60",,,,,,,
995,2023-12-23 00:00:00,2023,Dezembro,23,1762,Pequenas Empresas,Nordeste,CE,Eletrônicos,Cadeira Gamer,E-commerce,15,"R$ 470,51",6%,"R$ 7.057,71","R$ 391,73","R$ 6.665,98","R$ 4.699,45","R$ 1.966,53","29,50",,,,,,,
996,2023-12-23 00:00:00,2023,Dezembro,23,1246,Pequenas Empresas,Sul,RS,Eletrônicos,Monitor Ultrawide,Loja Física,4,"R$ 754,36",7%,"R$ 3.017,44","R$ 216,53","R$ 2.800,92","R$ 1.621,89","R$ 1.179,03","42,09",,,,,,,
997,2023-12-24 00:00:00,2023,Dezembro,24,1664,Consumidor Final,Sul,PR,Eletrônicos,Monitor Ultrawide,E-commerce,3,"R$ 282,11",7%,"R$ 846,34","R$ 59,55","R$ 786,78","R$ 458,08","R$ 328,70","41,78",,,,,,,
998,2023-12-24 00:00:00,2023,Dezembro,24,1653,Consumidor Final,Centro-Oeste,GO,Móveis,Mesa Gamer,E-commerce,1,"R$ 348,10",7%,"R$ 348,10","R$ 23,50","R$ 324,60","R$ 220,27","R$ 104,33","32,14",,,,,,,
999,2023-12-24 00:00:00,2023,Dezembro,24,1741,Consumidor Final,Sudeste,SP,Eletrônicos,Webcam 4K,E-commerce,1,"R$ 432,21",2%,"R$ 432,21","R$ 6,59","R$ 425,61","R$ 237,86","R$ 187,75","44,11",,,,,,,
1000,2023-12-24 00:00:00,2023,Dezembro,24,1937,Corporativo,Sul,PR,Eletrônicos,Teclado Mecânico,E-commerce,48,"R$ 1.488,92",4%,"R$ 71.467,96","R$ 3.159,65","R$ 68.308,31","R$ 39.403,28","R$ 28.905,03","42,32",,,,,,,
1001,2023-12-24 00:00:00,2023,Dezembro,24,1374,Consumidor Final,Centro-Oeste,GO,Eletrônicos,Microfone Condensador,E-commerce,5,"R$ 378,58",7%,"R$ 1.892,90","R$ 124,10","R$ 1.768,80","R$ 1.097,89","R$ 670,91","37,93",,,,,,,
1002,2023-12-24 00:00:00,2023,Dezembro,24,1096,Consumidor Final,Sudeste,RJ,Eletrônicos,Monitor Ultrawide,E-commerce,4,"R$ 250,90",7%,"R$ 1.003,61","R$ 74,81","R$ 928,80","R$ 532,97","R$ 395,83","42,62",,,,,,,
1003,2023-12-25 00:00:00,2023,Dezembro,25,1434,Pequenas Empresas,Sul,SC,Eletrônicos,Cadeira Gamer,E-commerce,6,"R$ 614,63",7%,"R$ 3.687,78","R$ 276,54","R$ 3.411,24","R$ 2.001,42","R$ 1.409,82","41,33",,,,,,,
1004,2023-12-25 00:00:00,2023,Dezembro,25,1806,Consumidor Final,Sul,RS,Eletrônicos,Headset Gamer,Loja Física,1,"R$ 304,56",10%,"R$ 304,56","R$ 29,00","R$ 275,56","R$ 164,31","R$ 111,25","40,37",,,,,,,
1005,2023-12-25 00:00:00,2023,Dezembro,25,1942,Consumidor Final,Centro-Oeste,GO,Eletrônicos,Mouse Gamer,E-commerce,1,"R$ 436,33",11%,"R$ 436,33","R$ 46,32","R$ 390,01","R$ 248,64","R$ 141,37","36,25",,,,,,,
1006,2023-12-25 00:00:00,2023,Dezembro,25,1058,Corporativo,Sudeste,RJ,Eletrônicos,Mouse Gamer,Loja Física,15,"R$ 2.862,53",1%,"R$ 42.937,95","R$ 582,82","R$ 42.355,13","R$ 23.053,20","R$ 19.301,94","45,57",,,,,,,
1007,2023-12-25 00:00:00,2023,Dezembro,25,1590,Consumidor Final,Sudeste,SP,Eletrônicos,Mouse Gamer,Loja Física,2,"R$ 336,71",6%,"R$ 673,43","R$ 38,66","R$ 634,77","R$ 357,19","R$ 277,58","43,73",,,,,,,
1008,2023-12-26 00:00:00,2023,Dezembro,26,1464,Corporativo,Sul,RS,Eletrônicos,Microfone Condensador,Loja Física,22,"R$ 3.492,75",6%,"R$ 76.840,57","R$ 4.405,87","R$ 72.434,71","R$ 44.241,82","R$ 28.192,89","38,92",,,,,,,
1009,2023-12-26 00:00:00,2023,Dezembro,26,1006,Corporativo,Nordeste,CE,Eletrônicos,Webcam 4K,E-commerce,31,"R$ 1.343,70",9%,"R$ 41.654,81","R$ 3.721,22","R$ 37.933,59","R$ 27.925,81","R$ 10.007,78","26,38",,,,,,,
1010,2023-12-26 00:00:00,2023,Dezembro,26,1801,Consumidor Final,Nordeste,BA,Eletrônicos,Teclado Mecânico,E-commerce,1,"R$ 229,57",9%,"R$ 229,57","R$ 19,62","R$ 209,95","R$ 145,51","R$ 64,44","30,69",,,,,,,
1011,2023-12-26 00:00:00,2023,Dezembro,26,1595,Corporativo,Nordeste,CE,Móveis,Mesa Gamer,E-commerce,41,"R$ 3.159,53",5%,"R$ 129.540,70","R$ 6.376,90","R$ 123.163,80","R$ 90.441,17","R$ 32.722,63","26,57",,,,,,,
1012,2023-12-26 00:00:00,2023,Dezembro,26,1769,Consumidor Final,Sudeste,MG,Eletrônicos,Microfone Condensador,Loja Física,2,"R$ 347,38",10%,"R$ 694,77","R$ 69,91","R$ 624,86","R$ 338,14","R$ 286,72","45,89",,,,,,,
1013,2023-12-26 00:00:00,2023,Dezembro,26,1700,Consumidor Final,Sudeste,MG,Eletrônicos,Microfone Condensador,E-commerce,3,"R$ 344,99",9%,"R$ 1.034,96","R$ 96,16","R$ 938,79","R$ 509,46","R$ 429,33","45,73",,,,,,,
1014,2023-12-26 00:00:00,2023,Dezembro,26,1361,Pequenas Empresas,Sudeste,SP,Eletrônicos,Monitor Ultrawide,Loja Física,5,"R$ 501,50",8%,"R$ 2.507,49","R$ 188,50","R$ 2.318,99","R$ 1.277,88","R$ 1.041,11","44,89",,,,,,,
1015,2023-12-26 00:00:00,2023,Dezembro,26,1801,Consumidor Final,Sul,SC,Eletrônicos,Headset Gamer,E-commerce,4,"R$ 441,13",2%,"R$ 1.764,53","R$ 39,46","R$ 1.725,07","R$ 1.059,00","R$ 666,07","38,61",,,,,,,
1016,2023-12-26 00:00:00,2023,Dezembro,26,1412,Consumidor Final,Sul,SC,Eletrônicos,Microfone Condensador,E-commerce,4,"R$ 277,31",9%,"R$ 1.109,25","R$ 98,30","R$ 1.010,95","R$ 600,27","R$ 410,68","40,62",,,,,,,
1017,2023-12-26 00:00:00,2023,Dezembro,26,1741,Corporativo,Sul,SC,Eletrônicos,Cadeira Gamer,Loja Física,17,"R$ 1.747,88",5%,"R$ 29.713,99","R$ 1.567,54","R$ 28.146,45","R$ 16.982,95","R$ 11.163,50","39,66",,,,,,,
1018,2023-12-27 00:00:00,2023,Dezembro,27,1427,Pequenas Empresas,Sudeste,SP,Eletrônicos,Headset Gamer,E-commerce,6,"R$ 516,18",7%,"R$ 3.097,08","R$ 209,59","R$ 2.887,49","R$ 1.507,91","R$ 1.379,58","47,78",,,,,,,
1019,2023-12-27 00:00:00,2023,Dezembro,27,1108,Corporativo,Sul,PR,Eletrônicos,Cadeira Gamer,E-commerce,28,"R$ 2.291,24",1%,"R$ 64.154,78","R$ 711,90","R$ 63.442,88","R$ 39.646,35","R$ 23.796,54","37,51",,,,,,,
1020,2023-12-27 00:00:00,2023,Dezembro,27,1912,Pequenas Empresas,Sudeste,SP,Eletrônicos,Webcam 4K,E-commerce,11,"R$ 847,69",4%,"R$ 9.324,63","R$ 379,77","R$ 8.944,86","R$ 5.000,78","R$ 3.944,07","44,09",,,,,,,
1021,2023-12-27 00:00:00,2023,Dezembro,27,1238,Consumidor Final,Centro-Oeste,GO,Eletrônicos,Teclado Mecânico,E-commerce,1,"R$ 403,65",10%,"R$ 403,65","R$ 39,52","R$ 364,14","R$ 236,50","R$ 127,63","35,05",,,,,,,
1022,2023-12-27 00:00:00,2023,Dezembro,27,1580,Pequenas Empresas,Nordeste,PE,Eletrônicos,Mouse Gamer,Loja Física,5,"R$ 997,79",3%,"R$ 4.988,94","R$ 164,81","R$ 4.824,13","R$ 3.462,64","R$ 1.361,49","28,22",,,,,,,
1023,2023-12-28 00:00:00,2023,Dezembro,28,1660,Consumidor Final,Nordeste,CE,Eletrônicos,Microfone Condensador,E-commerce,5,"R$ 291,51",12%,"R$ 1.457,55","R$ 168,46","R$ 1.289,09","R$ 914,52","R$ 374,57","29,06",,,,,,,
1024,2023-12-28 00:00:00,2023,Dezembro,28,1358,Pequenas Empresas,Nordeste,PE,Eletrônicos,Teclado Mecânico,E-commerce,14,"R$ 419,85",10%,"R$ 5.877,95","R$ 598,83","R$ 5.279,13","R$ 3.843,62","R$ 1.435,51","27,19",,,,,,,
1025,2023-12-28 00:00:00,2023,Dezembro,28,1915,Corporativo,Sul,RS,Eletrônicos,Webcam 4K,E-commerce,22,"R$ 1.734,99",2%,"R$ 38.169,76","R$ 866,67","R$ 37.303,09","R$ 22.771,06","R$ 14.532,03","38,96",,,,,,,
1026,2023-12-28 00:00:00,2023,Dezembro,28,1089,Corporativo,Nordeste,BA,Móveis,Mesa Gamer,Loja Física,11,"R$ 3.196,32",6%,"R$ 35.159,56","R$ 2.284,15","R$ 32.875,41","R$ 24.535,56","R$ 8.339,85","25,37",,,,,,,
1027,2023-12-28 00:00:00,2023,Dezembro,28,1514,Pequenas Empresas,Sul,PR,Móveis,Mesa Gamer,E-commerce,11,"R$ 550,80",10%,"R$ 6.058,80","R$ 597,07","R$ 5.461,73","R$ 3.123,89","R$ 2.337,84","42,80",,,,,,,
1028,2023-12-28 00:00:00,2023,Dezembro,28,1368,Corporativo,Sudeste,SP,Eletrônicos,Webcam 4K,Loja Física,12,"R$ 3.452,31",9%,"R$ 41.427,67","R$ 3.587,63","R$ 37.840,04","R$ 20.421,57","R$ 17.418,47","46,03",,,,,,,
1029,2023-12-29 00:00:00,2023,Dezembro,29,1776,Corporativo,Sul,SC,Eletrônicos,Cadeira Gamer,E-commerce,29,"R$ 2.216,75",5%,"R$ 64.285,82","R$ 3.005,46","R$ 61.280,36","R$ 36.687,95","R$ 24.592,41","40,13",,,,,,,
1030,2023-12-29 00:00:00,2023,Dezembro,29,1575,Pequenas Empresas,Sudeste,MG,Eletrônicos,Monitor Ultrawide,E-commerce,11,"R$ 606,96",1%,"R$ 6.676,60","R$ 85,78","R$ 6.590,82","R$ 3.709,89","R$ 2.880,93","43,71",,,,,,,
1031,2023-12-29 00:00:00,2023,Dezembro,29,1116,Pequenas Empresas,Sul,RS,Eletrônicos,Monitor Ultrawide,E-commerce,14,"R$ 1.003,95",12%,"R$ 14.055,24","R$ 1.617,33","R$ 12.437,92","R$ 7.656,67","R$ 4.781,25","38,44",,,,,,,
1032,2023-12-30 00:00:00,2023,Dezembro,30,1042,Consumidor Final,Sul,RS,Eletrônicos,Cadeira Gamer,Loja Física,1,"R$ 271,01",8%,"R$ 271,01","R$ 22,88","R$ 248,13","R$ 153,50","R$ 94,64","38,14",,,,,,,
1033,2023-12-30 00:00:00,2023,Dezembro,30,1985,Consumidor Final,Sudeste,RJ,Móveis,Mesa Gamer,E-commerce,1,"R$ 318,03",5%,"R$ 318,03","R$ 16,70","R$ 301,33","R$ 167,18","R$ 134,16","44,52",,,,,,,
1034,2023-12-31 00:00:00,2023,Dezembro,31,1201,Corporativo,Sul,RS,Móveis,Mesa Gamer,E-commerce,18,"R$ 1.380,57",11%,"R$ 24.850,31","R$ 2.657,45","R$ 22.192,86","R$ 13.877,80","R$ 8.315,06","37,47",,,,,,,
1035,2023-12-31 00:00:00,2023,Dezembro,31,1799,Pequenas Empresas,Sul,RS,Eletrônicos,Microfone Condensador,E-commerce,11,"R$ 700,98",11%,"R$ 7.710,82","R$ 862,18","R$ 6.848,64","R$ 4.107,93","R$ 2.740,71","40,02",,,,,,,
1036,2023-12-31 00:00:00,2023,Dezembro,31,1462,Consumidor Final,Centro-Oeste,GO,Móveis,Mesa Gamer,E-commerce,3,"R$ 371,87",2%,"R$ 1.115,61","R$ 21,79","R$ 1.093,82","R$ 699,88","R$ 393,94","36,01",,,,,,,
1037,2024-01-01 00:00:00,2024,Janeiro,1,1832,Corporativo,Sudeste,SP,Eletrônicos,Teclado Mecânico,Loja Física,17,"R$ 1.313,04",3%,"R$ 22.321,70","R$ 692,35","R$ 21.629,35","R$ 11.519,13","R$ 10.110,23","46,74",,,,,,,
1038,2024-01-01 00:00:00,2024,Janeiro,1,1875,Corporativo,Sul,RS,Móveis,Mesa Gamer,E-commerce,21,"R$ 2.083,24",10%,"R$ 43.748,12","R$ 4.549,10","R$ 39.199,02","R$ 22.933,78","R$ 16.265,24","41,49",,,,,,,
1039,2024-01-01 00:00:00,2024,Janeiro,1,1967,Consumidor Final,Nordeste,PE,Eletrônicos,Headset Gamer,E-commerce,2,"R$ 158,74",9%,"R$ 317,47","R$ 30,03","R$ 287,44","R$ 200,03","R$ 87,41","30,41",,,,,,,
1040,2024-01-02 00:00:00,2024,Janeiro,2,1038,Pequenas Empresas,Sudeste,SP,Eletrônicos,Microfone Condensador,E-commerce,12,"R$ 877,11",5%,"R$ 10.525,38","R$ 529,04","R$ 9.996,34","R$ 5.313,79","R$ 4.682,55","46,84",,,,,,,
1041,2024-01-02 00:00:00,2024,Janeiro,2,1016,Consumidor Final,Centro-Oeste,GO,Eletrônicos,Mouse Gamer,Loja Física,1,"R$ 227,52",10%,"R$ 227,52","R$ 22,76","R$ 204,76","R$ 128,18","R$ 76,57","37,40",,,,,,,
1042,2024-01-04 00:00:00,2024,Janeiro,4,1288,Corporativo,Sul,RS,Móveis,Mesa Gamer,E-commerce,40,"R$ 1.331,32",8%,"R$ 53.252,72","R$ 4.473,81","R$ 48.778,91","R$ 29.178,30","R$ 19.600,61","40,18",,,,,,,
1043,2024-01-04 00:00:00,2024,Janeiro,4,1948,Pequenas Empresas,Sul,PR,Eletrônicos,Cadeira Gamer,Loja Física,3,"R$ 697,02",7%,"R$ 2.091,05","R$ 136,31","R$ 1.954,74","R$ 1.146,40","R$ 808,34","41,35",,,,,,,
1044,2024-01-06 00:00:00,2024,Janeiro,6,1407,Corporativo,Sul,RS,Eletrônicos,Mouse Gamer,Loja Física,10,"R$ 2.315,67",7%,"R$ 23.156,68","R$ 1.609,18","R$ 21.547,50","R$ 12.516,91","R$ 9.030,59","41,91",,,,,,,
1045,2024-01-06 00:00:00,2024,Janeiro,6,1779,Corporativo,Nordeste,BA,Eletrônicos,Teclado Mecânico,E-commerce,31,"R$ 1.363,55",5%,"R$ 42.270,19","R$ 2.029,91","R$ 40.240,28","R$ 28.385,59","R$ 11.854,69","29,46",,,,,,,
1046,2024-01-07 00:00:00,2024,Janeiro,7,1793,Pequenas Empresas,Centro-Oeste,GO,Eletrônicos,Cadeira Gamer,Loja Física,5,"R$ 510,72",8%,"R$ 2.553,59","R$ 212,55","R$ 2.341,04","R$ 1.518,21","R$ 822,83","35,15",,,,,,,
1047,2024-01-07 00:00:00,2024,Janeiro,7,1343,Corporativo,Sul,PR,Eletrônicos,Mouse Gamer,Loja Física,15,"R$ 3.285,79",7%,"R$ 49.286,90","R$ 3.677,33","R$ 45.609,57","R$ 28.500,32","R$ 17.109,25","37,51",,,,,,,
1048,2024-01-07 00:00:00,2024,Janeiro,7,1485,Consumidor Final,Sul,RS,Eletrônicos,Cadeira Gamer,Loja Física,1,"R$ 218,02",8%,"R$ 218,02","R$ 16,62","R$ 201,40","R$ 118,46","R$ 82,95","41,18",,,,,,,
1049,2024-01-08 00:00:00,2024,Janeiro,8,1040,Consumidor Final,Centro-Oeste,GO,Eletrônicos,Teclado Mecânico,Loja Física,1,"R$ 273,18",11%,"R$ 273,18","R$ 29,73","R$ 243,45","R$ 152,45","R$ 90,99","37,38",,,,,,,
1050,2024-01-08 00:00:00,2024,Janeiro,8,1107,Consumidor Final,Sudeste,SP,Eletrônicos,Microfone Condensador,Loja Física,1,"R$ 279,28",3%,"R$ 279,28","R$ 8,88","R$ 270,41","R$ 149,73","R$ 120,68","44,63",,,,,,,
1051,2024-01-08 00:00:00,2024,Janeiro,8,1930,Pequenas Empresas,Sudeste,MG,Eletrônicos,Headset Gamer,Loja Física,3,"R$ 591,50",6%,"R$ 1.774,49","R$ 99,33","R$ 1.675,16","R$ 946,34","R$ 728,81","43,51",,,,,,,
1052,2024-01-09 00:00:00,2024,Janeiro,9,1711,Pequenas Empresas,Nordeste,BA,Eletrônicos,Teclado Mecânico,E-commerce,7,"R$ 983,53",7%,"R$ 6.884,73","R$ 492,73","R$ 6.391,99","R$ 4.656,31","R$ 1.735,68","27,15",,,,,,,
1053,2024-01-09 00:00:00,2024,Janeiro,9,1643,Pequenas Empresas,Sudeste,MG,Eletrônicos,Teclado Mecânico,E-commerce,13,"R$ 997,16",11%,"R$ 12.963,10","R$ 1.403,72","R$ 11.559,38","R$ 6.179,56","R$ 5.379,82","46,54",,,,,,,
1054,2024-01-09 00:00:00,2024,Janeiro,9,1560,Consumidor Final,Nordeste,BA,Eletrônicos,Cadeira Gamer,E-commerce,2,"R$ 268,37",10%,"R$ 536,73","R$ 52,17","R$ 484,56","R$ 355,31","R$ 129,26","26,67",,,,,,,
1055,2024-01-10 00:00:00,2024,Janeiro,10,1723,Pequenas Empresas,Nordeste,CE,Eletrônicos,Microfone Condensador,E-commerce,11,"R$ 597,08",2%,"R$ 6.567,86","R$ 111,38","R$ 6.456,49","R$ 4.791,34","R$ 1.665,14","25,79",,,,,,,
1056,2024-01-10 00:00:00,2024,Janeiro,10,1278,Pequenas Empresas,Nordeste,PE,Eletrônicos,Webcam 4K,E-commerce,13,"R$ 602,56",7%,"R$ 7.833,29","R$ 556,81","R$ 7.276,48","R$ 5.227,03","R$ 2.049,46","28,17",,,,,,,
1057,2024-01-11 00:00:00,2024,Janeiro,11,1601,Pequenas Empresas,Sudeste,MG,Eletrônicos,Monitor Ultrawide,E-commerce,6,"R$ 1.001,88",1%,"R$ 6.011,26","R$ 71,78","R$ 5.939,48","R$ 3.260,65","R$ 2.678,83","45,10",,,,,,,
1058,2024-01-12 00:00:00,2024,Janeiro,12,1685,Pequenas Empresas,Sul,RS,Móveis,Mesa Gamer,Loja Física,6,"R$ 698,13",5%,"R$ 4.188,75","R$ 203,94","R$ 3.984,81","R$ 2.380,49","R$ 1.604,32","40,26",,,,,,,
1059,2024-01-13 00:00:00,2024,Janeiro,13,1898,Consumidor Final,Sudeste,MG,Móveis,Mesa Gamer,Loja Física,1,"R$ 390,91",6%,"R$ 390,91","R$ 21,77","R$ 369,15","R$ 207,82","R$ 161,32","43,70",,,,,,,
1060,2024-01-13 00:00:00,2024,Janeiro,13,1437,Consumidor Final,Sul,SC,Eletrônicos,Headset Gamer,E-commerce,2,"R$ 372,26",8%,"R$ 744,53","R$ 61,65","R$ 682,88","R$ 415,65","R$ 267,23","39,13",,,,,,,
1061,2024-01-13 00:00:00,2024,Janeiro,13,1148,Consumidor Final,Sul,PR,Eletrônicos,Headset Gamer,E-commerce,3,"R$ 241,36",1%,"R$ 724,07","R$ 9,22","R$ 714,85","R$ 450,19","R$ 264,66","37,02",,,,,,,
1062,2024-01-13 00:00:00,2024,Janeiro,13,1916,Pequenas Empresas,Centro-Oeste,GO,Móveis,Mesa Gamer,Loja Física,6,"R$ 767,48",10%,"R$ 4.604,86","R$ 460,38","R$ 4.144,49","R$ 2.587,01","R$ 1.557,48","37,58",,,,,,,
1063,2024-01-14 00:00:00,2024,Janeiro,14,1226,Corporativo,Sudeste,SP,Eletrônicos,Monitor Ultrawide,E-commerce,23,"R$ 1.722,84",5%,"R$ 39.625,34","R$ 1.874,92","R$ 37.750,42","R$ 20.766,81","R$ 16.983,61","44,99",,,,,,,
1064,2024-01-14 00:00:00,2024,Janeiro,14,1820,Consumidor Final,Sudeste,SP,Móveis,Mesa Gamer,Loja Física,1,"R$ 397,12",10%,"R$ 397,12","R$ 41,41","R$ 355,71","R$ 197,45","R$ 158,26","44,49",,,,,,,
1065,2024-01-14 00:00:00,2024,Janeiro,14,1245,Corporativo,Centro-Oeste,GO,Eletrônicos,Webcam 4K,E-commerce,34,"R$ 1.730,69",4%,"R$ 58.843,44","R$ 2.473,28","R$ 56.370,16","R$ 35.719,74","R$ 20.650,42","36,63",,,,,,,
1066,2024-01-15 00:00:00,2024,Janeiro,15,1428,Consumidor Final,Nordeste,CE,Eletrônicos,Monitor Ultrawide,E-commerce,4,"R$ 373,72",1%,"R$ 1.494,88","R$ 20,73","R$ 1.474,15","R$ 1.054,75","R$ 419,40","28,45",,,,,,,
1067,2024-01-15 00:00:00,2024,Janeiro,15,1343,Pequenas Empresas,Nordeste,PE,Eletrônicos,Headset Gamer,E-commerce,13,"R$ 839,75",10%,"R$ 10.916,72","R$ 1.139,20","R$ 9.777,52","R$ 7.055,00","R$ 2.722,51","27,84",,,,,,,
1068,2024-01-16 00:00:00,2024,Janeiro,16,1647,Corporativo,Sul,PR,Eletrônicos,Mouse Gamer,Loja Física,13,"R$ 3.346,95",5%,"R$ 43.510,31","R$ 2.084,39","R$ 41.425,92","R$ 25.698,19","R$ 15.727,73","37,97",,,,,,,
1069,2024-01-16 00:00:00,2024,Janeiro,16,1919,Corporativo,Centro-Oeste,GO,Eletrônicos,Cadeira Gamer,Loja Física,18,"R$ 1.208,81",4%,"R$ 21.758,57","R$ 787,52","R$ 20.971,05","R$ 13.079,50","R$ 7.891,55","37,63",,,,,,,
1070,2024-01-17 00:00:00,2024,Janeiro,17,1977,Pequenas Empresas,Sul,RS,Eletrônicos,Webcam 4K,E-commerce,8,"R$ 1.031,98",8%,"R$ 8.255,84","R$ 663,13","R$ 7.592,71","R$ 4.394,60","R$ 3.198,11","42,12",,,,,,,
1071,2024-01-17 00:00:00,2024,Janeiro,17,1528,Consumidor Final,Sul,RS,Eletrônicos,Webcam 4K,Loja Física,1,"R$ 353,75",2%,"R$ 353,75","R$ 6,42","R$ 347,33","R$ 198,13","R$ 149,20","42,96",,,,,,,
1072,2024-01-18 00:00:00,2024,Janeiro,18,1103,Pequenas Empresas,Nordeste,CE,Eletrônicos,Microfone Condensador,E-commerce,6,"R$ 491,35",7%,"R$ 2.948,08","R$ 197,57","R$ 2.750,52","R$ 1.965,96","R$ 784,56","28,52",,,,,,,
1073,2024-01-18 00:00:00,2024,Janeiro,18,1241,Consumidor Final,Sul,SC,Eletrônicos,Headset Gamer,E-commerce,1,"R$ 202,67",3%,"R$ 202,67","R$ 5,99","R$ 196,69","R$ 113,11","R$ 83,57","42,49",,,,,,,
1074,2024-01-19 00:00:00,2024,Janeiro,19,1778,Corporativo,Sudeste,RJ,Eletrônicos,Headset Gamer,Loja Física,20,"R$ 2.575,83",8%,"R$ 51.516,62","R$ 3.925,61","R$ 47.591,01","R$ 27.418,61","R$ 20.172,40","42,39",,,,,,,
1075,2024-01-19 00:00:00,2024,Janeiro,19,1392,Corporativo,Sudeste,RJ,Eletrônicos,Teclado Mecânico,Loja Física,22,"R$ 2.396,27",8%,"R$ 52.717,84","R$ 4.068,79","R$ 48.649,05","R$ 27.444,97","R$ 21.204,08","43,59",,,,,,,
1076,2024-01-19 00:00:00,2024,Janeiro,19,1006,Corporativo,Sudeste,RJ,Eletrônicos,Webcam 4K,E-commerce,21,"R$ 2.663,04",3%,"R$ 55.923,90","R$ 1.572,60","R$ 54.351,30","R$ 30.122,04","R$ 24.229,26","44,58",,,,,,,
1077,2024-01-21 00:00:00,2024,Janeiro,21,1669,Consumidor Final,Sul,PR,Eletrônicos,Teclado Mecânico,Loja Física,1,"R$ 154,51",4%,"R$ 154,51","R$ 6,86","R$ 147,65","R$ 87,81","R$ 59,84","40,53",,,,,,,
1078,2024-01-21 00:00:00,2024,Janeiro,21,1880,Pequenas Empresas,Sudeste,MG,Eletrônicos,Teclado Mecânico,E-commerce,5,"R$ 785,52",7%,"R$ 3.927,60","R$ 256,65","R$ 3.670,95","R$ 2.059,57","R$ 1.611,39","43,90",,,,,,,
1079,2024-01-21 00:00:00,2024,Janeiro,21,1018,Corporativo,Sudeste,RJ,Eletrônicos,Cadeira Gamer,Loja Física,17,"R$ 2.990,18",11%,"R$ 50.833,06","R$ 5.771,26","R$ 45.061,80","R$ 23.805,57","R$ 21.256,23","47,17",,,,,,,
1080,2024-01-22 00:00:00,2024,Janeiro,22,1236,Consumidor Final,Nordeste,PE,Eletrônicos,Teclado Mecânico,E-commerce,4,"R$ 397,77",4%,"R$ 1.591,07","R$ 69,03","R$ 1.522,04","R$ 1.105,14","R$ 416,90","27,39",,,,,,,
1081,2024-01-23 00:00:00,2024,Janeiro,23,1465,Consumidor Final,Sudeste,RJ,Eletrônicos,Monitor Ultrawide,E-commerce,4,"R$ 235,67",12%,"R$ 942,70","R$ 109,14","R$ 833,55","R$ 467,81","R$ 365,74","43,88",,,,,,,
1082,2024-01-24 00:00:00,2024,Janeiro,24,1522,Pequenas Empresas,Sul,RS,Móveis,Mesa Gamer,Loja Física,2,"R$ 478,95",7%,"R$ 957,90","R$ 70,67","R$ 887,22","R$ 525,53","R$ 361,70","40,77",,,,,,,
1083,2024-01-25 00:00:00,2024,Janeiro,25,1264,Corporativo,Sul,RS,Eletrônicos,Mouse Gamer,E-commerce,41,"R$ 2.900,79",6%,"R$ 118.932,46","R$ 6.766,66","R$ 112.165,80","R$ 68.418,64","R$ 43.747,16","39,00",,,,,,,
1084,2024-01-25 00:00:00,2024,Janeiro,25,1404,Corporativo,Centro-Oeste,GO,Eletrônicos,Headset Gamer,E-commerce,23,"R$ 1.429,46",2%,"R$ 32.877,49","R$ 525,92","R$ 32.351,57","R$ 20.705,28","R$ 11.646,29","36,00",,,,,,,
1085,2024-01-26 00:00:00,2024,Janeiro,26,1277,Consumidor Final,Sudeste,SP,Eletrônicos,Monitor Ultrawide,E-commerce,3,"R$ 189,26",4%,"R$ 567,79","R$ 20,39","R$ 547,40","R$ 286,87","R$ 260,54","47,60",,,,,,,
1086,2024-01-27 00:00:00,2024,Janeiro,27,1726,Corporativo,Sul,PR,Eletrônicos,Mouse Gamer,E-commerce,34,"R$ 3.061,68",10%,"R$ 104.097,23","R$ 10.203,28","R$ 93.893,95","R$ 53.901,91","R$ 39.992,04","42,59",,,,,,,
1087,2024-01-27 00:00:00,2024,Janeiro,27,1799,Consumidor Final,Sul,PR,Eletrônicos,Webcam 4K,Loja Física,1,"R$ 214,58",10%,"R$ 214,58","R$ 21,29","R$ 193,29","R$ 119,49","R$ 73,80","38,18",,,,,,,
1088,2024-01-28 00:00:00,2024,Janeiro,28,1416,Consumidor Final,Sudeste,SP,Eletrônicos,Webcam 4K,E-commerce,1,"R$ 271,50",11%,"R$ 271,50","R$ 30,54","R$ 240,96","R$ 138,47","R$ 102,49","42,53",,,,,,,
1089,2024-01-29 00:00:00,2024,Janeiro,29,1571,Pequenas Empresas,Sul,PR,Eletrônicos,Webcam 4K,Loja Física,3,"R$ 1.123,29",3%,"R$ 3.369,87","R$ 91,72","R$ 3.278,15","R$ 1.993,12","R$ 1.285,03","39,20",,,,,,,
1090,2024-01-30 00:00:00,2024,Janeiro,30,1507,Corporativo,Sul,RS,Eletrônicos,Monitor Ultrawide,E-commerce,35,"R$ 3.426,45",11%,"R$ 119.925,78","R$ 13.266,48","R$ 106.659,30","R$ 66.126,95","R$ 40.532,35","38,00",,,,,,,
1091,2024-01-31 00:00:00,2024,Janeiro,31,1482,Consumidor Final,Centro-Oeste,GO,Eletrônicos,Monitor Ultrawide,E-commerce,2,"R$ 304,34",5%,"R$ 608,67","R$ 28,25","R$ 580,42","R$ 365,52","R$ 214,90","37,02",,,,,,,
1092,2024-01-31 00:00:00,2024,Janeiro,31,1914,Pequenas Empresas,Nordeste,PE,Eletrônicos,Headset Gamer,E-commerce,11,"R$ 879,21",2%,"R$ 9.671,30","R$ 173,03","R$ 9.498,27","R$ 6.994,47","R$ 2.503,80","26,36",,,,,,,
1093,2024-02-01 00:00:00,2024,Fevereiro,1,1663,Pequenas Empresas,Sudeste,RJ,Móveis,Mesa Gamer,Loja Física,3,"R$ 951,86",8%,"R$ 2.855,58","R$ 217,79","R$ 2.637,79","R$ 1.512,94","R$ 1.124,84","42,64",,,,,,,
1094,2024-02-01 00:00:00,2024,Fevereiro,1,1726,Pequenas Empresas,Nordeste,PE,Eletrônicos,Microfone Condensador,E-commerce,13,"R$ 1.193,66",8%,"R$ 15.517,58","R$ 1.229,09","R$ 14.288,49","R$ 10.398,91","R$ 3.889,58","27,22",,,,,,,
1095,2024-02-01 00:00:00,2024,Fevereiro,1,1379,Corporativo,Sudeste,MG,Eletrônicos,Teclado Mecânico,Loja Física,14,"R$ 2.424,43",4%,"R$ 33.942,00","R$ 1.472,07","R$ 32.469,93","R$ 18.067,23","R$ 14.402,70","44,36",,,,,,,
1096,2024-02-01 00:00:00,2024,Fevereiro,1,1570,Corporativo,Nordeste,PE,Eletrônicos,Webcam 4K,E-commerce,37,"R$ 1.550,27",4%,"R$ 57.359,90","R$ 2.239,18","R$ 55.120,72","R$ 39.926,67","R$ 15.194,05","27,57",,,,,,,
1097,2024-02-02 00:00:00,2024,Fevereiro,2,1725,Consumidor Final,Nordeste,BA,Eletrônicos,Cadeira Gamer,Loja Física,1,"R$ 248,58",4%,"R$ 248,58","R$ 10,28","R$ 238,30","R$ 171,89","R$ 66,41","27,87",,,,,,,
1098,2024-02-02 00:00:00,2024,Fevereiro,2,1476,Pequenas Empresas,Nordeste,CE,Móveis,Mesa Gamer,E-commerce,12,"R$ 1.015,01",4%,"R$ 12.180,14","R$ 477,64","R$ 11.702,50","R$ 8.238,16","R$ 3.464,34","29,60",,,,,,,
1099,2024-02-05 00:00:00,2024,Fevereiro,5,1908,Corporativo,Sul,SC,Eletrônicos,Cadeira Gamer,E-commerce,21,"R$ 2.270,62",11%,"R$ 47.683,02","R$ 5.424,02","R$ 42.259,00","R$ 24.260,73","R$ 17.998,27","42,59",,,,,,,
1100,2024-02-08 00:00:00,2024,Fevereiro,8,1982,Pequenas Empresas,Sul,SC,Eletrônicos,Headset Gamer,Loja Física,5,"R$ 1.073,59",6%,"R$ 5.367,93","R$ 338,79","R$ 5.029,14","R$ 2.969,40","R$ 2.059,74","40,96",,,,,,,
1101,2024-02-09 00:00:00,2024,Fevereiro,9,1352,Corporativo,Centro-Oeste,GO,Eletrônicos,Headset Gamer,Loja Física,21,"R$ 3.120,27",9%,"R$ 65.525,64","R$ 6.103,55","R$ 59.422,09","R$ 38.683,54","R$ 20.738,56","34,90",,,,,,,
1102,2024-02-09 00:00:00,2024,Fevereiro,9,1297,Pequenas Empresas,Sudeste,MG,Eletrônicos,Headset Gamer,E-commerce,6,"R$ 1.041,23",7%,"R$ 6.247,39","R$ 426,28","R$ 5.821,11","R$ 3.208,04","R$ 2.613,07","44,89",,,,,,,
1103,2024-02-10 00:00:00,2024,Fevereiro,10,1583,Pequenas Empresas,Nordeste,CE,Eletrônicos,Mouse Gamer,Loja Física,5,"R$ 903,10",9%,"R$ 4.515,49","R$ 424,06","R$ 4.091,43","R$ 2.880,71","R$ 1.210,72","29,59",,,,,,,
1104,2024-02-12 00:00:00,2024,Fevereiro,12,1351,Pequenas Empresas,Sudeste,SP,Eletrônicos,Cadeira Gamer,E-commerce,10,"R$ 1.041,53",10%,"R$ 10.415,31","R$ 1.079,69","R$ 9.335,62","R$ 5.144,08","R$ 4.191,54","44,90",,,,,,,
1105,2024-02-12 00:00:00,2024,Fevereiro,12,1572,Pequenas Empresas,Sul,SC,Móveis,Mesa Gamer,E-commerce,12,"R$ 446,57",11%,"R$ 5.358,89","R$ 600,04","R$ 4.758,85","R$ 2.812,92","R$ 1.945,93","40,89",,,,,,,
1106,2024-02-13 00:00:00,2024,Fevereiro,13,1781,Pequenas Empresas,Sudeste,SP,Eletrônicos,Microfone Condensador,E-commerce,10,"R$ 703,49",11%,"R$ 7.034,92","R$ 775,19","R$ 6.259,73","R$ 3.399,53","R$ 2.860,20","45,69",,,,,,,
1107,2024-02-13 00:00:00,2024,Fevereiro,13,1216,Consumidor Final,Nordeste,CE,Móveis,Mesa Gamer,Loja Física,2,"R$ 213,08",7%,"R$ 426,17","R$ 30,79","R$ 395,38","R$ 281,93","R$ 113,45","28,69",,,,,,,
1108,2024-02-15 00:00:00,2024,Fevereiro,15,1513,Pequenas Empresas,Sudeste,RJ,Eletrônicos,Monitor Ultrawide,Loja Física,2,"R$ 705,79",4%,"R$ 1.411,58","R$ 57,87","R$ 1.353,71","R$ 726,51","R$ 627,20","46,33",,,,,,,
1109,2024-02-19 00:00:00,2024,Fevereiro,19,1153,Corporativo,Sudeste,MG,Eletrônicos,Monitor Ultrawide,E-commerce,36,"R$ 1.415,10",6%,"R$ 50.943,47","R$ 2.902,88","R$ 48.040,59","R$ 27.492,41","R$ 20.548,17","42,77",,,,,,,
1110,2024-02-20 00:00:00,2024,Fevereiro,20,1786,Consumidor Final,Nordeste,CE,Eletrônicos,Webcam 4K,E-commerce,1,"R$ 164,80",7%,"R$ 164,80","R$ 11,97","R$ 152,84","R$ 111,12","R$ 41,72","27,30",,,,,,,
1111,2024-02-21 00:00:00,2024,Fevereiro,21,1407,Consumidor Final,Nordeste,CE,Eletrônicos,Microfone Condensador,Loja Física,1,"R$ 393,59",11%,"R$ 393,59","R$ 41,48","R$ 352,11","R$ 249,86","R$ 102,25","29,04",,,,,,,
1112,2024-02-22 00:00:00,2024,Fevereiro,22,1853,Corporativo,Sul,RS,Eletrônicos,Monitor Ultrawide,Loja Física,7,"R$ 2.955,58",3%,"R$ 20.689,05","R$ 517,54","R$ 20.171,50","R$ 12.431,29","R$ 7.740,21","38,37",,,,,,,
1113,2024-02-22 00:00:00,2024,Fevereiro,22,1969,Consumidor Final,Sul,RS,Eletrônicos,Headset Gamer,Loja Física,1,"R$ 222,88",11%,"R$ 222,88","R$ 24,50","R$ 198,38","R$ 123,87","R$ 74,51","37,56",,,,,,,
1114,2024-02-23 00:00:00,2024,Fevereiro,23,1187,Pequenas Empresas,Sul,SC,Móveis,Mesa Gamer,Loja Física,5,"R$ 687,86",7%,"R$ 3.439,30","R$ 238,98","R$ 3.200,32","R$ 1.886,15","R$ 1.314,17","41,06",,,,,,,
1115,2024-02-25 00:00:00,2024,Fevereiro,25,1429,Pequenas Empresas,Sudeste,MG,Eletrônicos,Cadeira Gamer,E-commerce,9,"R$ 807,15",5%,"R$ 7.264,38","R$ 327,59","R$ 6.936,79","R$ 3.620,05","R$ 3.316,75","47,81",,,,,,,
1116,2024-02-27 00:00:00,2024,Fevereiro,27,1056,Pequenas Empresas,Nordeste,BA,Eletrônicos,Headset Gamer,Loja Física,4,"R$ 638,52",2%,"R$ 2.554,08","R$ 61,07","R$ 2.493,01","R$ 1.743,73","R$ 749,28","30,06",,,,,,,
1117,2024-02-28 00:00:00,2024,Fevereiro,28,1011,Consumidor Final,Sul,RS,Eletrônicos,Mouse Gamer,Loja Física,1,"R$ 274,30",2%,"R$ 274,30","R$ 6,13","R$ 268,16","R$ 167,73","R$ 100,44","37,45",,,,,,,
1118,2024-03-01 00:00:00,2024,Março,1,1562,Consumidor Final,Nordeste,BA,Eletrônicos,Monitor Ultrawide,Loja Física,1,"R$ 274,00",7%,"R$ 274,00","R$ 19,22","R$ 254,79","R$ 184,42","R$ 70,36","27,62",,,,,,,
1119,2024-03-01 00:00:00,2024,Março,1,1870,Consumidor Final,Sudeste,SP,Eletrônicos,Headset Gamer,E-commerce,1,"R$ 256,07",2%,"R$ 256,07","R$ 6,29","R$ 249,78","R$ 134,80","R$ 114,98","46,03",,,,,,,
1120,2024-03-03 00:00:00,2024,Março,3,1431,Consumidor Final,Sul,RS,Eletrônicos,Headset Gamer,E-commerce,1,"R$ 430,45",10%,"R$ 430,45","R$ 43,84","R$ 386,61","R$ 224,02","R$ 162,59","42,06",,,,,,,
1121,2024-03-04 00:00:00,2024,Março,4,1068,Corporativo,Sul,PR,Eletrônicos,Mouse Gamer,E-commerce,27,"R$ 1.561,95",1%,"R$ 42.172,78","R$ 565,85","R$ 41.606,92","R$ 23.848,50","R$ 17.758,42","42,68",,,,,,,
1122,2024-03-04 00:00:00,2024,Março,4,1343,Corporativo,Sul,RS,Eletrônicos,Teclado Mecânico,E-commerce,19,"R$ 1.391,77",11%,"R$ 26.443,66","R$ 2.965,28","R$ 23.478,38","R$ 13.974,70","R$ 9.503,68","40,48",,,,,,,
1123,2024-03-05 00:00:00,2024,Março,5,1195,Pequenas Empresas,Sudeste,MG,Móveis,Mesa Gamer,E-commerce,9,"R$ 964,61",10%,"R$ 8.681,47","R$ 870,69","R$ 7.810,78","R$ 4.419,49","R$ 3.391,29","43,42",,,,,,,
1124,2024-03-06 00:00:00,2024,Março,6,1654,Corporativo,Nordeste,PE,Eletrônicos,Cadeira Gamer,E-commerce,35,"R$ 3.111,87",9%,"R$ 108.915,29","R$ 10.275,56","R$ 98.639,73","R$ 71.904,56","R$ 26.735,17","27,10",,,,,,,
1125,2024-03-06 00:00:00,2024,Março,6,1302,Corporativo,Nordeste,BA,Eletrônicos,Webcam 4K,Loja Física,9,"R$ 3.122,54",2%,"R$ 28.102,89","R$ 594,11","R$ 27.508,78","R$ 19.516,01","R$ 7.992,78","29,06",,,,,,,
1126,2024-03-06 00:00:00,2024,Março,6,1474,Corporativo,Nordeste,CE,Eletrônicos,Teclado Mecânico,E-commerce,28,"R$ 3.053,58",4%,"R$ 85.500,34","R$ 3.485,35","R$ 82.014,99","R$ 60.568,79","R$ 21.446,20","26,15",,,,,,,
1127,2024-03-06 00:00:00,2024,Março,6,1782,Pequenas Empresas,Nordeste,CE,Eletrônicos,Monitor Ultrawide,Loja Física,6,"R$ 429,14",11%,"R$ 2.574,84","R$ 281,38","R$ 2.293,46","R$ 1.710,01","R$ 583,45","25,44",,,,,,,
1128,2024-03-08 00:00:00,2024,Março,8,1758,Consumidor Final,Centro-Oeste,GO,Eletrônicos,Headset Gamer,E-commerce,1,"R$ 315,21",10%,"R$ 315,21","R$ 31,47","R$ 283,73","R$ 176,60","R$ 107,13","37,76",,,,,,,
1129,2024-03-08 00:00:00,2024,Março,8,1343,Pequenas Empresas,Sudeste,SP,Eletrônicos,Microfone Condensador,E-commerce,13,"R$ 461,04",9%,"R$ 5.993,55","R$ 543,00","R$ 5.450,55","R$ 2.959,58","R$ 2.490,97","45,70",,,,,,,
1130,2024-03-11 00:00:00,2024,Março,11,1580,Consumidor Final,Nordeste,PE,Eletrônicos,Mouse Gamer,E-commerce,3,"R$ 350,01",4%,"R$ 1.050,04","R$ 43,34","R$ 1.006,70","R$ 719,64","R$ 287,06","28,51",,,,,,,
1131,2024-03-12 00:00:00,2024,Março,12,1187,Corporativo,Centro-Oeste,GO,Eletrônicos,Mouse Gamer,E-commerce,36,"R$ 3.185,89",11%,"R$ 114.692,01","R$ 12.715,41","R$ 101.976,59","R$ 63.245,02","R$ 38.731,57","37,98",,,,,,,
1132,2024-03-13 00:00:00,2024,Março,13,1604,Corporativo,Nordeste,PE,Eletrônicos,Microfone Condensador,Loja Física,14,"R$ 2.558,88",7%,"R$ 35.824,27","R$ 2.351,33","R$ 33.472,94","R$ 25.068,58","R$ 8.404,36","25,11",,,,,,,
1133,2024-03-14 00:00:00,2024,Março,14,1895,Corporativo,Sul,PR,Móveis,Mesa Gamer,E-commerce,24,"R$ 2.877,90",1%,"R$ 69.069,58","R$ 845,24","R$ 68.224,34","R$ 42.141,41","R$ 26.082,93","38,23",,,,,,,
1134,2024-03-15 00:00:00,2024,Março,15,1132,Consumidor Final,Sul,RS,Eletrônicos,Teclado Mecânico,Loja Física,1,"R$ 308,18",11%,"R$ 308,18","R$ 34,60","R$ 273,57","R$ 164,41","R$ 109,16","39,90",,,,,,,
1135,2024-03-15 00:00:00,2024,Março,15,1231,Corporativo,Sudeste,MG,Eletrônicos,Webcam 4K,E-commerce,44,"R$ 3.242,03",6%,"R$ 142.649,20","R$ 8.568,03","R$ 134.081,16","R$ 73.294,84","R$ 60.786,33","45,34",,,,,,,
1136,2024-03-15 00:00:00,2024,Março,15,1039,Pequenas Empresas,Sudeste,RJ,Móveis,Mesa Gamer,E-commerce,6,"R$ 1.154,65",7%,"R$ 6.927,89","R$ 465,73","R$ 6.462,16","R$ 3.485,52","R$ 2.976,64","46,06",,,,,,,
1137,2024-03-15 00:00:00,2024,Março,15,1249,Corporativo,Nordeste,CE,Eletrônicos,Microfone Condensador,E-commerce,43,"R$ 2.582,20",1%,"R$ 111.034,67","R$ 1.529,25","R$ 109.505,41","R$ 78.859,89","R$ 30.645,52","27,99",,,,,,,
1138,2024-03-15 00:00:00,2024,Março,15,1653,Consumidor Final,Sudeste,MG,Eletrônicos,Headset Gamer,E-commerce,4,"R$ 306,52",1%,"R$ 1.226,09","R$ 14,07","R$ 1.212,02","R$ 701,56","R$ 510,46","42,12",,,,,,,
1139,2024-03-16 00:00:00,2024,Março,16,1649,Consumidor Final,Nordeste,BA,Eletrônicos,Microfone Condensador,E-commerce,1,"R$ 301,11",3%,"R$ 301,11","R$ 9,06","R$ 292,05","R$ 208,98","R$ 83,07","28,44",,,,,,,
1140,2024-03-17 00:00:00,2024,Março,17,1849,Consumidor Final,Nordeste,PE,Móveis,Mesa Gamer,Loja Física,1,"R$ 321,33",1%,"R$ 321,33","R$ 3,53","R$ 317,80","R$ 233,43","R$ 84,37","26,55",,,,,,,
1141,2024-03-19 00:00:00,2024,Março,19,1724,Pequenas Empresas,Sudeste,RJ,Eletrônicos,Cadeira Gamer,Loja Física,5,"R$ 787,35",8%,"R$ 3.936,74","R$ 320,02","R$ 3.616,72","R$ 2.093,71","R$ 1.523,00","42,11",,,,,,,
1142,2024-03-20 00:00:00,2024,Março,20,1822,Corporativo,Sudeste,RJ,Eletrônicos,Mouse Gamer,E-commerce,42,"R$ 1.287,34",12%,"R$ 54.068,48","R$ 6.456,07","R$ 47.612,41","R$ 26.238,29","R$ 21.374,12","44,89",,,,,,,
1143,2024-03-20 00:00:00,2024,Março,20,1019,Consumidor Final,Nordeste,BA,Eletrônicos,Mouse Gamer,E-commerce,1,"R$ 188,13",5%,"R$ 188,13","R$ 9,26","R$ 178,87","R$ 127,79","R$ 51,08","28,55",,,,,,,
1144,2024-03-20 00:00:00,2024,Março,20,1618,Pequenas Empresas,Sul,RS,Eletrônicos,Monitor Ultrawide,Loja Física,4,"R$ 923,38",4%,"R$ 3.693,54","R$ 148,84","R$ 3.544,70","R$ 2.027,34","R$ 1.517,36","42,81",,,,,,,
1145,2024-03-21 00:00:00,2024,Março,21,1182,Consumidor Final,Nordeste,CE,Eletrônicos,Monitor Ultrawide,E-commerce,2,"R$ 437,71",8%,"R$ 875,41","R$ 67,82","R$ 807,59","R$ 593,01","R$ 214,58","26,57",,,,,,,
1146,2024-03-21 00:00:00,2024,Março,21,1612,Corporativo,Nordeste,BA,Eletrônicos,Microfone Condensador,E-commerce,26,"R$ 1.762,91",11%,"R$ 45.835,76","R$ 4.902,75","R$ 40.933,01","R$ 29.678,28","R$ 11.254,73","27,50",,,,,,,
1147,2024-03-21 00:00:00,2024,Março,21,1821,Corporativo,Sudeste,RJ,Eletrônicos,Webcam 4K,E-commerce,23,"R$ 2.138,49",3%,"R$ 49.185,34","R$ 1.526,74","R$ 47.658,60","R$ 26.163,28","R$ 21.495,32","45,10",,,,,,,
1148,2024-03-22 00:00:00,2024,Março,22,1267,Pequenas Empresas,Centro-Oeste,GO,Eletrônicos,Headset Gamer,Loja Física,6,"R$ 661,51",1%,"R$ 3.969,09","R$ 44,41","R$ 3.924,68","R$ 2.503,71","R$ 1.420,97","36,21",,,,,,,
1149,2024-03-22 00:00:00,2024,Março,22,1563,Consumidor Final,Nordeste,PE,Eletrônicos,Cadeira Gamer,E-commerce,1,"R$ 186,74",7%,"R$ 186,74","R$ 12,84","R$ 173,91","R$ 121,25","R$ 52,65","30,28",,,,,,,
1150,2024-03-22 00:00:00,2024,Março,22,1319,Consumidor Final,Nordeste,CE,Eletrônicos,Teclado Mecânico,Loja Física,1,"R$ 379,70",2%,"R$ 379,70","R$ 6,71","R$ 372,98","R$ 269,02","R$ 103,96","27,87",,,,,,,
1151,2024-03-22 00:00:00,2024,Março,22,1845,Consumidor Final,Sudeste,MG,Móveis,Mesa Gamer,E-commerce,2,"R$ 234,80",6%,"R$ 469,60","R$ 28,50","R$ 441,10","R$ 238,07","R$ 203,03","46,03",,,,,,,
1152,2024-03-23 00:00:00,2024,Março,23,1466,Consumidor Final,Sudeste,RJ,Eletrônicos,Webcam 4K,Loja Física,1,"R$ 371,56",11%,"R$ 371,56","R$ 39,15","R$ 332,42","R$ 180,31","R$ 152,11","45,76",,,,,,,
1153,2024-03-23 00:00:00,2024,Março,23,1832,Corporativo,Sul,PR,Eletrônicos,Headset Gamer,E-commerce,39,"R$ 2.980,78",8%,"R$ 116.250,33","R$ 9.553,72","R$ 106.696,61","R$ 64.199,37","R$ 42.497,24","39,83",,,,,,,
1154,2024-03-24 00:00:00,2024,Março,24,1680,Consumidor Final,Nordeste,PE,Eletrônicos,Monitor Ultrawide,Loja Física,1,"R$ 430,08",9%,"R$ 430,08","R$ 38,36","R$ 391,72","R$ 276,07","R$ 115,65","29,52",,,,,,9.0,Setembro
1155,2024-03-24 00:00:00,2024,Março,24,1131,Consumidor Final,Sul,PR,Eletrônicos,Microfone Condensador,E-commerce,1,"R$ 173,14",4%,"R$ 173,14","R$ 7,56","R$ 165,58","R$ 97,80","R$ 67,78","40,93",,,,,,,
1156,2024-03-26 00:00:00,2024,Março,26,1579,Consumidor Final,Nordeste,BA,Móveis,Mesa Gamer,Loja Física,1,"R$ 417,07",4%,"R$ 417,07","R$ 16,57","R$ 400,49","R$ 280,60","R$ 119,89","29,94",,,,,,,
1157,2024-03-26 00:00:00,2024,Março,26,1171,Pequenas Empresas,Sudeste,SP,Eletrônicos,Monitor Ultrawide,E-commerce,14,"R$ 651,55",7%,"R$ 9.121,66","R$ 674,15","R$ 8.447,51","R$ 4.529,61","R$ 3.917,90","46,38",,,,,,,
1158,2024-03-27 00:00:00,2024,Março,27,1487,Pequenas Empresas,Centro-Oeste,GO,Eletrônicos,Microfone Condensador,Loja Física,5,"R$ 799,65",6%,"R$ 3.998,27","R$ 232,84","R$ 3.765,42","R$ 2.422,44","R$ 1.342,98","35,67",,,,,,,
1159,2024-03-27 00:00:00,2024,Março,27,1563,Consumidor Final,Sul,PR,Móveis,Mesa Gamer,E-commerce,4,"R$ 287,48",4%,"R$ 1.149,90","R$ 44,69","R$ 1.105,21","R$ 680,25","R$ 424,96","38,45",,,,,,,
1160,2024-03-28 00:00:00,2024,Março,28,1137,Consumidor Final,Sudeste,MG,Eletrônicos,Teclado Mecânico,Loja Física,2,"R$ 263,50",9%,"R$ 527,01","R$ 48,73","R$ 478,28","R$ 274,62","R$ 203,65","42,58",,,,,,,
1161,2024-03-28 00:00:00,2024,Março,28,1272,Pequenas Empresas,Nordeste,PE,Eletrônicos,Headset Gamer,Loja Física,5,"R$ 922,08",6%,"R$ 4.610,41","R$ 277,41","R$ 4.333,00","R$ 3.146,33","R$ 1.186,66","27,39",,,,,,,
1162,2024-03-28 00:00:00,2024,Março,28,1938,Corporativo,Sudeste,RJ,Móveis,Mesa Gamer,Loja Física,10,"R$ 2.141,99",10%,"R$ 21.419,90","R$ 2.052,22","R$ 19.367,68","R$ 10.337,04","R$ 9.030,63","46,63",,,,,,,
1163,2024-03-29 00:00:00,2024,Março,29,1189,Pequenas Empresas,Sudeste,SP,Eletrônicos,Cadeira Gamer,E-commerce,8,"R$ 874,05",5%,"R$ 6.992,44","R$ 362,15","R$ 6.630,29","R$ 3.645,89","R$ 2.984,40","45,01",,,,,,,
1164,2024-03-30 00:00:00,2024,Março,30,1296,Pequenas Empresas,Sul,RS,Eletrônicos,Webcam 4K,E-commerce,9,"R$ 490,44",9%,"R$ 4.413,98","R$ 411,90","R$ 4.002,08","R$ 2.339,41","R$ 1.662,68","41,55",,,,,,,
1165,2024-03-31 00:00:00,2024,Março,31,1029,Corporativo,Sudeste,MG,Eletrônicos,Mouse Gamer,Loja Física,11,"R$ 2.446,05",2%,"R$ 26.906,54","R$ 657,02","R$ 26.249,51","R$ 14.018,04","R$ 12.231,47","46,60",,,,,,,
1166,2024-04-01 00:00:00,2024,Abril,1,1226,Consumidor Final,Sul,RS,Eletrônicos,Cadeira Gamer,Loja Física,1,"R$ 370,29",8%,"R$ 370,29","R$ 29,61","R$ 340,69","R$ 196,75","R$ 143,94","42,25",,,,,,,
1167,2024-04-01 00:00:00,2024,Abril,1,1767,Pequenas Empresas,Centro-Oeste,GO,Eletrônicos,Cadeira Gamer,E-commerce,5,"R$ 1.147,19",3%,"R$ 5.735,95","R$ 173,19","R$ 5.562,76","R$ 3.698,31","R$ 1.864,45","33,52",,,,,,,
1168,2024-04-01 00:00:00,2024,Abril,1,1187,Pequenas Empresas,Sudeste,SP,Eletrônicos,Webcam 4K,E-commerce,10,"R$ 1.035,73",6%,"R$ 10.357,30","R$ 623,46","R$ 9.733,85","R$ 5.545,90","R$ 4.187,95","43,02",,,,,,,
1169,2024-04-02 00:00:00,2024,Abril,2,1011,Consumidor Final,Sudeste,RJ,Eletrônicos,Mouse Gamer,Loja Física,1,"R$ 194,24",8%,"R$ 194,24","R$ 15,01","R$ 179,23","R$ 97,87","R$ 81,36","45,39",,,,,,,
1170,2024-04-02 00:00:00,2024,Abril,2,1961,Pequenas Empresas,Nordeste,CE,Eletrônicos,Cadeira Gamer,Loja Física,5,"R$ 409,07",7%,"R$ 2.045,33","R$ 143,89","R$ 1.901,44","R$ 1.315,03","R$ 586,41","30,84",,,,,,,
1171,2024-04-02 00:00:00,2024,Abril,2,1911,Pequenas Empresas,Sul,SC,Móveis,Mesa Gamer,Loja Física,5,"R$ 641,82",11%,"R$ 3.209,11","R$ 348,06","R$ 2.861,05","R$ 1.635,60","R$ 1.225,45","42,83",,,,,,,
1172,2024-04-02 00:00:00,2024,Abril,2,1597,Pequenas Empresas,Sul,PR,Móveis,Mesa Gamer,Loja Física,6,"R$ 855,58",5%,"R$ 5.133,49","R$ 245,12","R$ 4.888,37","R$ 2.914,96","R$ 1.973,41","40,37",,,,,,,
1173,2024-04-04 00:00:00,2024,Abril,4,1222,Corporativo,Sudeste,RJ,Móveis,Mesa Gamer,Loja Física,11,"R$ 1.305,96",7%,"R$ 14.365,55","R$ 1.003,10","R$ 13.362,45","R$ 7.478,79","R$ 5.883,66","44,03",,,,,,,
1174,2024-04-04 00:00:00,2024,Abril,4,1573,Pequenas Empresas,Centro-Oeste,GO,Eletrônicos,Mouse Gamer,E-commerce,9,"R$ 956,71",3%,"R$ 8.610,35","R$ 241,98","R$ 8.368,37","R$ 5.312,06","R$ 3.056,30","36,52",,,,,,,
1175,2024-04-05 00:00:00,2024,Abril,5,1860,Corporativo,Sul,SC,Eletrônicos,Cadeira Gamer,E-commerce,44,"R$ 3.282,84",2%,"R$ 144.444,91","R$ 3.347,31","R$ 141.097,60","R$ 84.388,22","R$ 56.709,38","40,19",,,,,,,
1176,2024-04-06 00:00:00,2024,Abril,6,1593,Corporativo,Centro-Oeste,GO,Eletrônicos,Microfone Condensador,Loja Física,11,"R$ 1.328,81",6%,"R$ 14.616,86","R$ 918,11","R$ 13.698,75","R$ 8.875,11","R$ 4.823,63","35,21",,,,,,,
1177,2024-04-06 00:00:00,2024,Abril,6,1905,Pequenas Empresas,Centro-Oeste,GO,Eletrônicos,Mouse Gamer,E-commerce,9,"R$ 1.082,72",11%,"R$ 9.744,45","R$ 1.077,52","R$ 8.666,93","R$ 5.755,56","R$ 2.911,37","33,59",,,,,,,
1178,2024-04-06 00:00:00,2024,Abril,6,1968,Pequenas Empresas,Nordeste,BA,Móveis,Mesa Gamer,E-commerce,8,"R$ 715,96",4%,"R$ 5.727,65","R$ 217,33","R$ 5.510,32","R$ 3.808,03","R$ 1.702,29","30,89",,,,,,,
1179,2024-04-07 00:00:00,2024,Abril,7,1816,Pequenas Empresas,Sul,PR,Eletrônicos,Webcam 4K,E-commerce,14,"R$ 755,58",4%,"R$ 10.578,18","R$ 404,00","R$ 10.174,17","R$ 6.293,49","R$ 3.880,68","38,14",,,,,,,
1180,2024-04-07 00:00:00,2024,Abril,7,1576,Consumidor Final,Nordeste,PE,Eletrônicos,Cadeira Gamer,E-commerce,1,"R$ 248,03",9%,"R$ 248,03","R$ 22,80","R$ 225,23","R$ 167,85","R$ 57,38","25,48",,,,,,,
1181,2024-04-07 00:00:00,2024,Abril,7,1727,Corporativo,Sudeste,RJ,Eletrônicos,Cadeira Gamer,E-commerce,33,"R$ 2.224,97",11%,"R$ 73.423,98","R$ 7.968,03","R$ 65.455,95","R$ 37.469,00","R$ 27.986,95","42,76",,,,,,,
1182,2024-04-07 00:00:00,2024,Abril,7,1470,Corporativo,Sudeste,SP,Eletrônicos,Monitor Ultrawide,Loja Física,11,"R$ 1.268,39",2%,"R$ 13.952,33","R$ 249,61","R$ 13.702,71","R$ 7.405,05","R$ 6.297,66","45,96",,,,,,,
1183,2024-04-07 00:00:00,2024,Abril,7,1887,Pequenas Empresas,Nordeste,BA,Eletrônicos,Monitor Ultrawide,Loja Física,5,"R$ 1.006,71",8%,"R$ 5.033,54","R$ 385,88","R$ 4.647,66","R$ 3.326,71","R$ 1.320,95","28,42",,,,,,,
1184,2024-04-08 00:00:00,2024,Abril,8,1295,Consumidor Final,Nordeste,CE,Eletrônicos,Teclado Mecânico,E-commerce,3,"R$ 414,30",7%,"R$ 1.242,90","R$ 84,55","R$ 1.158,36","R$ 811,44","R$ 346,92","29,95",,,,,,,
1185,2024-04-08 00:00:00,2024,Abril,8,1015,Pequenas Empresas,Nordeste,PE,Eletrônicos,Microfone Condensador,E-commerce,6,"R$ 1.158,74",10%,"R$ 6.952,44","R$ 713,81","R$ 6.238,63","R$ 4.408,57","R$ 1.830,05","29,33",,,,,,,
1186,2024-04-08 00:00:00,2024,Abril,8,1293,Pequenas Empresas,Sudeste,RJ,Eletrônicos,Microfone Condensador,E-commerce,5,"R$ 451,40",8%,"R$ 2.257,01","R$ 182,15","R$ 2.074,86","R$ 1.130,26","R$ 944,60","45,53",,,,,,,
1187,2024-04-08 00:00:00,2024,Abril,8,1496,Consumidor Final,Sul,RS,Eletrônicos,Headset Gamer,Loja Física,2,"R$ 296,24",5%,"R$ 592,48","R$ 29,66","R$ 562,83","R$ 332,99","R$ 229,84","40,84",,,,,,,
1188,2024-04-08 00:00:00,2024,Abril,8,1337,Corporativo,Sul,PR,Eletrônicos,Microfone Condensador,E-commerce,34,"R$ 1.831,82",11%,"R$ 62.281,93","R$ 6.704,82","R$ 55.577,12","R$ 34.878,25","R$ 20.698,87","37,24",,,,,,,
1189,2024-04-08 00:00:00,2024,Abril,8,1313,Pequenas Empresas,Sudeste,SP,Eletrônicos,Monitor Ultrawide,Loja Física,5,"R$ 971,12",6%,"R$ 4.855,60","R$ 304,94","R$ 4.550,66","R$ 2.529,51","R$ 2.021,15","44,41",,,,,,,
1190,2024-04-09 00:00:00,2024,Abril,9,1532,Consumidor Final,Sul,PR,Eletrônicos,Mouse Gamer,E-commerce,2,"R$ 307,98",4%,"R$ 615,96","R$ 26,71","R$ 589,25","R$ 358,41","R$ 230,84","39,18",,,,,,,
1191,2024-04-09 00:00:00,2024,Abril,9,1762,Pequenas Empresas,Nordeste,CE,Eletrônicos,Microfone Condensador,Loja Física,4,"R$ 1.178,10",8%,"R$ 4.712,41","R$ 361,68","R$ 4.350,72","R$ 3.231,74","R$ 1.118,99","25,72",,,,,,,
1192,2024-04-09 00:00:00,2024,Abril,9,1835,Consumidor Final,Nordeste,CE,Eletrônicos,Monitor Ultrawide,E-commerce,1,"R$ 223,80",7%,"R$ 223,80","R$ 15,34","R$ 208,46","R$ 150,31","R$ 58,15","27,89",,,,,,,
1193,2024-04-10 00:00:00,2024,Abril,10,1233,Pequenas Empresas,Sul,PR,Eletrônicos,Teclado Mecânico,Loja Física,7,"R$ 1.050,73",9%,"R$ 7.355,08","R$ 674,54","R$ 6.680,53","R$ 3.943,55","R$ 2.736,98","40,97",,,,,,,
1194,2024-04-10 00:00:00,2024,Abril,10,1261,Pequenas Empresas,Nordeste,PE,Eletrônicos,Cadeira Gamer,E-commerce,9,"R$ 858,79",3%,"R$ 7.729,14","R$ 260,29","R$ 7.468,85","R$ 5.215,52","R$ 2.253,33","30,17",,,,,,,
1195,2024-04-10 00:00:00,2024,Abril,10,1447,Consumidor Final,Sul,SC,Eletrônicos,Microfone Condensador,Loja Física,1,"R$ 174,21",12%,"R$ 174,21","R$ 20,77","R$ 153,45","R$ 89,46","R$ 63,99","41,70",,,,,,,
1196,2024-04-11 00:00:00,2024,Abril,11,1094,Pequenas Empresas,Nordeste,BA,Eletrônicos,Teclado Mecânico,Loja Física,6,"R$ 923,39",7%,"R$ 5.540,33","R$ 380,61","R$ 5.159,72","R$ 3.577,53","R$ 1.582,19","30,66",,,,,,,
1197,2024-04-12 00:00:00,2024,Abril,12,1286,Consumidor Final,Sudeste,RJ,Eletrônicos,Cadeira Gamer,E-commerce,2,"R$ 254,94",6%,"R$ 509,88","R$ 28,93","R$ 480,96","R$ 275,26","R$ 205,70","42,77",,,,,,,
1198,2024-04-12 00:00:00,2024,Abril,12,1560,Pequenas Empresas,Sul,PR,Eletrônicos,Webcam 4K,E-commerce,12,"R$ 776,63",9%,"R$ 9.319,54","R$ 817,61","R$ 8.501,93","R$ 4.876,38","R$ 3.625,55","42,64",,,,,,,
1199,2024-04-14 00:00:00,2024,Abril,14,1491,Corporativo,Sudeste,SP,Eletrônicos,Webcam 4K,E-commerce,41,"R$ 1.231,09",3%,"R$ 50.474,68","R$ 1.405,15","R$ 49.069,53","R$ 25.560,57","R$ 23.508,96","47,91",,,,,,,
1200,2024-04-14 00:00:00,2024,Abril,14,1467,Corporativo,Sul,SC,Eletrônicos,Cadeira Gamer,Loja Física,17,"R$ 3.375,28",3%,"R$ 57.379,79","R$ 1.817,89","R$ 55.561,90","R$ 32.085,79","R$ 23.476,12","42,25",,,,,,,
1201,2024-04-14 00:00:00,2024,Abril,14,1283,Corporativo,Sul,PR,Eletrônicos,Microfone Condensador,Loja Física,9,"R$ 2.705,97",5%,"R$ 24.353,75","R$ 1.288,54","R$ 23.065,21","R$ 14.261,84","R$ 8.803,36","38,17",,,,,,,
1202,2024-04-14 00:00:00,2024,Abril,14,1936,Consumidor Final,Sudeste,SP,Eletrônicos,Headset Gamer,Loja Física,1,"R$ 297,97",7%,"R$ 297,97","R$ 21,96","R$ 276,01","R$ 156,96","R$ 119,06","43,13",,,,,,,
1203,2024-04-15 00:00:00,2024,Abril,15,1891,Consumidor Final,Sul,SC,Eletrônicos,Monitor Ultrawide,Loja Física,1,"R$ 305,75",4%,"R$ 305,75","R$ 13,08","R$ 292,67","R$ 176,96","R$ 115,71","39,54",,,,,,,
1204,2024-04-15 00:00:00,2024,Abril,15,1286,Consumidor Final,Sul,PR,Eletrônicos,Mouse Gamer,Loja Física,1,"R$ 173,61",7%,"R$ 173,61","R$ 11,81","R$ 161,80","R$ 98,03","R$ 63,78","39,42",,,,,,,
1205,2024-04-15 00:00:00,2024,Abril,15,1583,Corporativo,Sudeste,MG,Eletrônicos,Mouse Gamer,Loja Física,15,"R$ 2.772,92",7%,"R$ 41.593,75","R$ 2.712,01","R$ 38.881,73","R$ 20.736,54","R$ 18.145,20","46,67",,,,,,,
1206,2024-04-16 00:00:00,2024,Abril,16,1001,Corporativo,Nordeste,CE,Móveis,Mesa Gamer,Loja Física,11,"R$ 2.781,10",5%,"R$ 30.592,15","R$ 1.401,00","R$ 29.191,15","R$ 21.727,43","R$ 7.463,72","25,57",,,,,,,
1207,2024-04-16 00:00:00,2024,Abril,16,1302,Corporativo,Sudeste,RJ,Eletrônicos,Cadeira Gamer,E-commerce,21,"R$ 2.001,79",9%,"R$ 42.037,50","R$ 3.758,07","R$ 38.279,43","R$ 22.018,12","R$ 16.261,31","42,48",,,,,,,
1208,2024-04-16 00:00:00,2024,Abril,16,1107,Consumidor Final,Nordeste,PE,Eletrônicos,Mouse Gamer,Loja Física,1,"R$ 310,97",4%,"R$ 310,97","R$ 12,63","R$ 298,35","R$ 222,66","R$ 75,69","25,37",,,,,,,
1209,2024-04-16 00:00:00,2024,Abril,16,1287,Pequenas Empresas,Centro-Oeste,GO,Eletrônicos,Microfone Condensador,E-commerce,8,"R$ 414,70",9%,"R$ 3.317,64","R$ 284,85","R$ 3.032,79","R$ 2.007,45","R$ 1.025,33","33,81",,,,,,,
1210,2024-04-16 00:00:00,2024,Abril,16,1841,Pequenas Empresas,Sudeste,SP,Eletrônicos,Headset Gamer,E-commerce,11,"R$ 857,93",5%,"R$ 9.437,19","R$ 514,30","R$ 8.922,89","R$ 4.980,61","R$ 3.942,28","44,18",,,,,,,
1211,2024-04-16 00:00:00,2024,Abril,16,1650,Pequenas Empresas,Sudeste,RJ,Eletrônicos,Cadeira Gamer,Loja Física,4,"R$ 796,55",5%,"R$ 3.186,21","R$ 148,48","R$ 3.037,73","R$ 1.748,91","R$ 1.288,82","42,43",,,,,,,
1212,2024-04-16 00:00:00,2024,Abril,16,1259,Corporativo,Nordeste,PE,Eletrônicos,Headset Gamer,Loja Física,9,"R$ 2.227,38",4%,"R$ 20.046,46","R$ 760,89","R$ 19.285,57","R$ 13.509,39","R$ 5.776,18","29,95",,,,,,,
1213,2024-04-16 00:00:00,2024,Abril,16,1955,Pequenas Empresas,Sudeste,MG,Eletrônicos,Microfone Condensador,E-commerce,7,"R$ 1.091,16",4%,"R$ 7.638,15","R$ 327,49","R$ 7.310,66","R$ 4.155,53","R$ 3.155,13","43,16",,,,,,,
1214,2024-04-16 00:00:00,2024,Abril,16,1209,Corporativo,Sudeste,SP,Eletrônicos,Mouse Gamer,E-commerce,25,"R$ 2.220,87",3%,"R$ 55.521,72","R$ 1.703,50","R$ 53.818,22","R$ 29.105,53","R$ 24.712,69","45,92",,,,,,,
1215,2024-04-19 00:00:00,2024,Abril,19,1710,Pequenas Empresas,Nordeste,BA,Eletrônicos,Mouse Gamer,E-commerce,10,"R$ 694,17",2%,"R$ 6.941,67","R$ 146,25","R$ 6.795,42","R$ 4.970,32","R$ 1.825,10","26,86",,,,,,,
1216,2024-04-19 00:00:00,2024,Abril,19,1989,Pequenas Empresas,Centro-Oeste,GO,Móveis,Mesa Gamer,Loja Física,3,"R$ 572,90",3%,"R$ 1.718,70","R$ 51,86","R$ 1.666,84","R$ 1.090,28","R$ 576,56","34,59",,,,,,,
1217,2024-04-19 00:00:00,2024,Abril,19,1691,Pequenas Empresas,Sudeste,RJ,Eletrônicos,Mouse Gamer,E-commerce,6,"R$ 1.117,40",3%,"R$ 6.704,38","R$ 222,44","R$ 6.481,95","R$ 3.671,04","R$ 2.810,91","43,37",,,,,,,
1218,2024-04-19 00:00:00,2024,Abril,19,1542,Consumidor Final,Sudeste,MG,Eletrônicos,Cadeira Gamer,Loja Física,1,"R$ 423,55",10%,"R$ 423,55","R$ 40,36","R$ 383,19","R$ 211,89","R$ 171,30","44,70",,,,,,,
1219,2024-04-19 00:00:00,2024,Abril,19,1588,Corporativo,Nordeste,PE,Eletrônicos,Microfone Condensador,Loja Física,9,"R$ 1.981,22",9%,"R$ 17.830,97","R$ 1.566,88","R$ 16.264,09","R$ 11.654,11","R$ 4.609,98","28,34",,,,,,,
1220,2024-04-20 00:00:00,2024,Abril,20,1611,Consumidor Final,Nordeste,BA,Eletrônicos,Webcam 4K,E-commerce,1,"R$ 400,07",3%,"R$ 400,07","R$ 12,59","R$ 387,49","R$ 269,86","R$ 117,62","30,36",,,,,,,
1221,2024-04-21 00:00:00,2024,Abril,21,1555,Consumidor Final,Sul,SC,Eletrônicos,Microfone Condensador,E-commerce,3,"R$ 331,20",11%,"R$ 993,60","R$ 105,17","R$ 888,43","R$ 506,47","R$ 381,97","42,99",,,,,,,
1222,2024-04-21 00:00:00,2024,Abril,21,1237,Consumidor Final,Nordeste,PE,Eletrônicos,Cadeira Gamer,Loja Física,1,"R$ 438,21",5%,"R$ 438,21","R$ 19,83","R$ 418,38","R$ 288,78","R$ 129,61","30,98",,,,,,,
1223,2024-04-21 00:00:00,2024,Abril,21,1928,Corporativo,Sudeste,SP,Eletrônicos,Cadeira Gamer,E-commerce,48,"R$ 3.301,77",5%,"R$ 158.485,12","R$ 8.005,48","R$ 150.479,64","R$ 83.906,44","R$ 66.573,20","44,24",,,,,,,
1224,2024-04-22 00:00:00,2024,Abril,22,1688,Corporativo,Sul,RS,Móveis,Mesa Gamer,E-commerce,41,"R$ 3.119,19",10%,"R$ 127.886,67","R$ 12.997,21","R$ 114.889,46","R$ 67.567,59","R$ 47.321,87","41,19",,,,,,,
1225,2024-04-22 00:00:00,2024,Abril,22,1743,Corporativo,Sudeste,MG,Móveis,Mesa Gamer,Loja Física,10,"R$ 1.288,24",11%,"R$ 12.882,37","R$ 1.362,80","R$ 11.519,57","R$ 6.326,95","R$ 5.192,62","45,08",,,,,,,
1226,2024-04-23 00:00:00,2024,Abril,23,1243,Corporativo,Sul,SC,Eletrônicos,Mouse Gamer,E-commerce,35,"R$ 3.163,89",3%,"R$ 110.736,21","R$ 2.814,71","R$ 107.921,50","R$ 64.466,80","R$ 43.454,70","40,27",,,,,,,
1227,2024-04-24 00:00:00,2024,Abril,24,1148,Corporativo,Nordeste,BA,Eletrônicos,Teclado Mecânico,Loja Física,17,"R$ 1.324,69",9%,"R$ 22.519,68","R$ 2.022,33","R$ 20.497,35","R$ 15.273,32","R$ 5.224,03","25,49",,,,,,,
1228,2024-04-25 00:00:00,2024,Abril,25,1895,Corporativo,Centro-Oeste,GO,Eletrônicos,Microfone Condensador,Loja Física,19,"R$ 2.760,92",6%,"R$ 52.457,45","R$ 2.953,28","R$ 49.504,16","R$ 30.807,18","R$ 18.696,98","37,77",,,,,,,
1229,2024-04-25 00:00:00,2024,Abril,25,1631,Pequenas Empresas,Sudeste,RJ,Eletrônicos,Microfone Condensador,Loja Física,5,"R$ 1.146,66",10%,"R$ 5.733,32","R$ 598,91","R$ 5.134,41","R$ 2.764,35","R$ 2.370,06","46,16",,,,,,,
1230,2024-04-26 00:00:00,2024,Abril,26,1018,Corporativo,Sudeste,MG,Eletrônicos,Teclado Mecânico,E-commerce,40,"R$ 1.689,27",8%,"R$ 67.570,88","R$ 5.162,04","R$ 62.408,84","R$ 34.311,31","R$ 28.097,53","45,02",,,,,,,
1231,2024-04-26 00:00:00,2024,Abril,26,1782,Corporativo,Sudeste,SP,Móveis,Mesa Gamer,E-commerce,32,"R$ 2.131,18",7%,"R$ 68.197,69","R$ 4.480,49","R$ 63.717,20","R$ 33.241,84","R$ 30.475,36","47,83",,,,,,,
1232,2024-04-26 00:00:00,2024,Abril,26,1717,Corporativo,Nordeste,BA,Eletrônicos,Mouse Gamer,E-commerce,24,"R$ 2.480,68",11%,"R$ 59.536,37","R$ 6.793,20","R$ 52.743,17","R$ 38.244,08","R$ 14.499,09","27,49",,,,,,,
1233,2024-04-26 00:00:00,2024,Abril,26,1292,Pequenas Empresas,Sul,RS,Eletrônicos,Teclado Mecânico,Loja Física,3,"R$ 849,18",3%,"R$ 2.547,55","R$ 77,58","R$ 2.469,97","R$ 1.522,83","R$ 947,14","38,35",,,,,,,
1234,2024-04-28 00:00:00,2024,Abril,28,1841,Consumidor Final,Nordeste,PE,Eletrônicos,Mouse Gamer,E-commerce,4,"R$ 380,89",6%,"R$ 1.523,57","R$ 97,07","R$ 1.426,50","R$ 1.040,97","R$ 385,53","27,03",,,,,,,
1235,2024-04-28 00:00:00,2024,Abril,28,1748,Pequenas Empresas,Centro-Oeste,GO,Eletrônicos,Mouse Gamer,Loja Física,3,"R$ 1.029,58",2%,"R$ 3.088,74","R$ 50,04","R$ 3.038,70","R$ 1.998,97","R$ 1.039,73","34,22",,,,,,,
1236,2024-04-30 00:00:00,2024,Abril,30,1363,Consumidor Final,Sul,RS,Eletrônicos,Mouse Gamer,Loja Física,2,"R$ 437,73",11%,"R$ 875,47","R$ 98,42","R$ 777,05","R$ 452,74","R$ 324,31","41,74",,,,,,,
1237,2024-04-30 00:00:00,2024,Abril,30,1665,Consumidor Final,Sul,PR,Eletrônicos,Monitor Ultrawide,Loja Física,1,"R$ 314,28",8%,"R$ 314,28","R$ 25,29","R$ 289,00","R$ 177,57","R$ 111,43","38,56",,,,,,,
1238,2024-05-01 00:00:00,2024,Maio,1,1195,Corporativo,Nordeste,CE,Eletrônicos,Cadeira Gamer,Loja Física,16,"R$ 1.541,86",6%,"R$ 24.669,70","R$ 1.484,56","R$ 23.185,14","R$ 16.703,93","R$ 6.481,21","27,95",,,,,,,
1239,2024-05-01 00:00:00,2024,Maio,1,1766,Pequenas Empresas,Sul,RS,Eletrônicos,Mouse Gamer,E-commerce,9,"R$ 1.061,39",10%,"R$ 9.552,55","R$ 968,48","R$ 8.584,07","R$ 5.257,36","R$ 3.326,71","38,75",,,,,,,
1240,2024-05-01 00:00:00,2024,Maio,1,1668,Pequenas Empresas,Nordeste,BA,Eletrônicos,Monitor Ultrawide,Loja Física,5,"R$ 872,73",12%,"R$ 4.363,66","R$ 518,46","R$ 3.845,20","R$ 2.845,41","R$ 999,79","26,00",,,,,,,
1241,2024-05-02 00:00:00,2024,Maio,2,1628,Pequenas Empresas,Sudeste,RJ,Móveis,Mesa Gamer,Loja Física,4,"R$ 590,74",11%,"R$ 2.362,97","R$ 268,43","R$ 2.094,53","R$ 1.138,96","R$ 955,58","45,62",,,,,,,
1242,2024-05-02 00:00:00,2024,Maio,2,1057,Consumidor Final,Nordeste,PE,Eletrônicos,Teclado Mecânico,Loja Física,1,"R$ 272,68",8%,"R$ 272,68","R$ 22,58","R$ 250,10","R$ 180,60","R$ 69,50","27,79",,,,,,,
1243,2024-05-03 00:00:00,2024,Maio,3,1226,Consumidor Final,Centro-Oeste,GO,Eletrônicos,Cadeira Gamer,E-commerce,1,"R$ 352,69",7%,"R$ 352,69","R$ 24,58","R$ 328,12","R$ 218,53","R$ 109,59","33,40",,,,,,,
1244,2024-05-04 00:00:00,2024,Maio,4,1926,Consumidor Final,Centro-Oeste,GO,Eletrônicos,Webcam 4K,E-commerce,3,"R$ 349,14",2%,"R$ 1.047,41","R$ 23,54","R$ 1.023,87","R$ 651,97","R$ 371,91","36,32",,,,,,,
1245,2024-05-04 00:00:00,2024,Maio,4,1526,Consumidor Final,Nordeste,PE,Eletrônicos,Teclado Mecânico,E-commerce,4,"R$ 425,96",2%,"R$ 1.703,85","R$ 27,38","R$ 1.676,47","R$ 1.174,80","R$ 501,66","29,92",,,,,,,
1246,2024-05-05 00:00:00,2024,Maio,5,1959,Consumidor Final,Nordeste,CE,Eletrônicos,Cadeira Gamer,Loja Física,1,"R$ 435,42",8%,"R$ 435,42","R$ 34,16","R$ 401,26","R$ 283,93","R$ 117,33","29,24",,,,,,,
1247,2024-05-06 00:00:00,2024,Maio,6,1079,Corporativo,Sudeste,MG,Eletrônicos,Webcam 4K,Loja Física,10,"R$ 2.535,83",9%,"R$ 25.358,33","R$ 2.246,31","R$ 23.112,02","R$ 12.133,84","R$ 10.978,18","47,50",,,,,,,
1248,2024-05-07 00:00:00,2024,Maio,7,1475,Consumidor Final,Centro-Oeste,GO,Eletrônicos,Teclado Mecânico,E-commerce,4,"R$ 268,30",1%,"R$ 1.073,21","R$ 10,88","R$ 1.062,33","R$ 714,72","R$ 347,60","32,72",,,,,,,
1249,2024-05-07 00:00:00,2024,Maio,7,1920,Pequenas Empresas,Sudeste,RJ,Eletrônicos,Cadeira Gamer,E-commerce,6,"R$ 706,35",3%,"R$ 4.238,10","R$ 145,91","R$ 4.092,19","R$ 2.171,00","R$ 1.921,19","46,95",,,,,,,
1250,2024-05-07 00:00:00,2024,Maio,7,1426,Pequenas Empresas,Sul,SC,Eletrônicos,Teclado Mecânico,Loja Física,5,"R$ 553,61",10%,"R$ 2.768,07","R$ 283,45","R$ 2.484,62","R$ 1.457,24","R$ 1.027,38","41,35",,,,,,,
1251,2024-05-08 00:00:00,2024,Maio,8,1729,Pequenas Empresas,Sul,RS,Eletrônicos,Teclado Mecânico,E-commerce,8,"R$ 1.109,55",10%,"R$ 8.876,43","R$ 880,08","R$ 7.996,35","R$ 4.858,12","R$ 3.138,23","39,25",,,,,,,
1252,2024-05-08 00:00:00,2024,Maio,8,1123,Pequenas Empresas,Sudeste,MG,Eletrônicos,Webcam 4K,E-commerce,7,"R$ 624,86",8%,"R$ 4.374,01","R$ 365,15","R$ 4.008,86","R$ 2.282,64","R$ 1.726,22","43,06",,,,,,,
1253,2024-05-09 00:00:00,2024,Maio,9,1553,Consumidor Final,Nordeste,PE,Eletrônicos,Teclado Mecânico,Loja Física,1,"R$ 424,33",10%,"R$ 424,33","R$ 43,48","R$ 380,85","R$ 266,27","R$ 114,58","30,09",,,,,,,
1254,2024-05-09 00:00:00,2024,Maio,9,1801,Pequenas Empresas,Sudeste,MG,Eletrônicos,Teclado Mecânico,Loja Física,7,"R$ 1.044,60",8%,"R$ 7.312,18","R$ 557,75","R$ 6.754,44","R$ 3.797,69","R$ 2.956,75","43,77",,,,,,,
1255,2024-05-09 00:00:00,2024,Maio,9,1387,Corporativo,Centro-Oeste,GO,Eletrônicos,Webcam 4K,E-commerce,29,"R$ 2.287,62",1%,"R$ 66.341,05","R$ 948,59","R$ 65.392,46","R$ 41.961,52","R$ 23.430,94","35,83",,,,,,,
1256,2024-05-10 00:00:00,2024,Maio,10,1169,Corporativo,Nordeste,CE,Móveis,Mesa Gamer,Loja Física,9,"R$ 3.433,81",6%,"R$ 30.904,25","R$ 1.798,12","R$ 29.106,13","R$ 20.325,92","R$ 8.780,21","30,17",,,,,,,
1257,2024-05-11 00:00:00,2024,Maio,11,1871,Consumidor Final,Sudeste,MG,Eletrônicos,Mouse Gamer,Loja Física,1,"R$ 368,86",5%,"R$ 368,86","R$ 17,78","R$ 351,08","R$ 189,28","R$ 161,80","46,09",,,,,,,
1258,2024-05-11 00:00:00,2024,Maio,11,1914,Pequenas Empresas,Centro-Oeste,GO,Eletrônicos,Microfone Condensador,Loja Física,2,"R$ 752,35",11%,"R$ 1.504,70","R$ 164,21","R$ 1.340,49","R$ 851,16","R$ 489,33","36,50",,,,,,,
1259,2024-05-13 00:00:00,2024,Maio,13,1926,Pequenas Empresas,Nordeste,BA,Eletrônicos,Headset Gamer,E-commerce,6,"R$ 821,86",11%,"R$ 4.931,13","R$ 530,10","R$ 4.401,03","R$ 3.079,53","R$ 1.321,51","30,03",,,,,,,
1260,2024-05-13 00:00:00,2024,Maio,13,1199,Corporativo,Centro-Oeste,GO,Eletrônicos,Monitor Ultrawide,E-commerce,31,"R$ 1.951,23",8%,"R$ 60.488,14","R$ 4.752,23","R$ 55.735,92","R$ 37.712,04","R$ 18.023,88","32,34",,,,,,,
1261,2024-05-14 00:00:00,2024,Maio,14,1628,Pequenas Empresas,Sudeste,RJ,Eletrônicos,Headset Gamer,Loja Física,2,"R$ 1.179,48",2%,"R$ 2.358,96","R$ 35,59","R$ 2.323,37","R$ 1.297,96","R$ 1.025,41","44,13",,,,,,,
1262,2024-05-15 00:00:00,2024,Maio,15,1787,Consumidor Final,Nordeste,BA,Eletrônicos,Headset Gamer,E-commerce,2,"R$ 356,74",7%,"R$ 713,49","R$ 47,52","R$ 665,97","R$ 491,48","R$ 174,49","26,20",,,,,,,
1263,2024-05-16 00:00:00,2024,Maio,16,1062,Consumidor Final,Sudeste,SP,Eletrônicos,Cadeira Gamer,E-commerce,2,"R$ 383,70",1%,"R$ 767,40","R$ 9,37","R$ 758,04","R$ 399,16","R$ 358,88","47,34",,,,,,,
1264,2024-05-16 00:00:00,2024,Maio,16,1913,Corporativo,Nordeste,PE,Eletrônicos,Mouse Gamer,E-commerce,30,"R$ 2.930,54",9%,"R$ 87.916,24","R$ 8.164,29","R$ 79.751,95","R$ 56.386,26","R$ 23.365,69","29,30",,,,,,,
1265,2024-05-16 00:00:00,2024,Maio,16,1434,Corporativo,Sul,SC,Eletrônicos,Cadeira Gamer,E-commerce,32,"R$ 2.677,24",1%,"R$ 85.671,67","R$ 1.218,23","R$ 84.453,44","R$ 50.056,58","R$ 34.396,86","40,73",,,,,,,
1266,2024-05-16 00:00:00,2024,Maio,16,1882,Pequenas Empresas,Nordeste,CE,Eletrônicos,Mouse Gamer,E-commerce,6,"R$ 653,28",8%,"R$ 3.919,67","R$ 328,60","R$ 3.591,07","R$ 2.686,53","R$ 904,54","25,19",,,,,,,
1267,2024-05-16 00:00:00,2024,Maio,16,1342,Corporativo,Sul,SC,Eletrônicos,Webcam 4K,Loja Física,17,"R$ 3.203,23",5%,"R$ 54.454,83","R$ 2.595,14","R$ 51.859,69","R$ 30.276,40","R$ 21.583,30","41,62",,,,,,,
1268,2024-05-16 00:00:00,2024,Maio,16,1057,Consumidor Final,Sudeste,SP,Eletrônicos,Webcam 4K,E-commerce,3,"R$ 442,29",12%,"R$ 1.326,87","R$ 157,23","R$ 1.169,65","R$ 642,42","R$ 527,22","45,08",,,,,,,
1269,2024-05-16 00:00:00,2024,Maio,16,1231,Pequenas Empresas,Nordeste,PE,Eletrônicos,Microfone Condensador,E-commerce,7,"R$ 1.171,75",2%,"R$ 8.202,27","R$ 148,40","R$ 8.053,87","R$ 6.014,58","R$ 2.039,29","25,32",,,,,,,
1270,2024-05-17 00:00:00,2024,Maio,17,1482,Consumidor Final,Sul,SC,Eletrônicos,Mouse Gamer,Loja Física,2,"R$ 323,89",7%,"R$ 647,78","R$ 46,06","R$ 601,72","R$ 352,38","R$ 249,34","41,44",,,,,,,
1271,2024-05-17 00:00:00,2024,Maio,17,1986,Corporativo,Sul,SC,Eletrônicos,Teclado Mecânico,Loja Física,21,"R$ 2.918,62",4%,"R$ 61.290,95","R$ 2.714,41","R$ 58.576,54","R$ 35.826,91","R$ 22.749,62","38,84",,,,,,,
1272,2024-05-17 00:00:00,2024,Maio,17,1936,Corporativo,Sudeste,SP,Móveis,Mesa Gamer,E-commerce,36,"R$ 2.898,21",3%,"R$ 104.335,49","R$ 2.667,58","R$ 101.667,91","R$ 53.584,25","R$ 48.083,65","47,29",,,,,,,
1273,2024-05-18 00:00:00,2024,Maio,18,1546,Corporativo,Sul,PR,Eletrônicos,Microfone Condensador,E-commerce,19,"R$ 2.759,68",6%,"R$ 52.433,95","R$ 2.914,66","R$ 49.519,29","R$ 29.148,44","R$ 20.370,85","41,14",,,,,,,
1274,2024-05-18 00:00:00,2024,Maio,18,1554,Pequenas Empresas,Sudeste,MG,Eletrônicos,Microfone Condensador,Loja Física,4,"R$ 969,01",2%,"R$ 3.876,05","R$ 81,39","R$ 3.794,66","R$ 2.193,27","R$ 1.601,39","42,20",,,,,,,
1275,2024-05-18 00:00:00,2024,Maio,18,1482,Pequenas Empresas,Sul,RS,Eletrônicos,Teclado Mecânico,Loja Física,5,"R$ 1.036,63",5%,"R$ 5.183,15","R$ 245,80","R$ 4.937,34","R$ 3.108,59","R$ 1.828,75","37,04",,,,,,,
1276,2024-05-18 00:00:00,2024,Maio,18,1155,Consumidor Final,Nordeste,BA,Móveis,Mesa Gamer,E-commerce,4,"R$ 402,24",1%,"R$ 1.608,94","R$ 22,01","R$ 1.586,94","R$ 1.155,28","R$ 431,65","27,20",,,,,,,
1277,2024-05-18 00:00:00,2024,Maio,18,1830,Corporativo,Nordeste,PE,Eletrônicos,Cadeira Gamer,E-commerce,29,"R$ 1.366,47",11%,"R$ 39.627,51","R$ 4.555,36","R$ 35.072,15","R$ 25.834,31","R$ 9.237,84","26,34",,,,,,,
1278,2024-05-19 00:00:00,2024,Maio,19,1537,Pequenas Empresas,Sudeste,RJ,Móveis,Mesa Gamer,E-commerce,14,"R$ 911,82",2%,"R$ 12.765,48","R$ 204,44","R$ 12.561,04","R$ 6.978,37","R$ 5.582,67","44,44",,,,,,,
1279,2024-05-19 00:00:00,2024,Maio,19,1326,Pequenas Empresas,Nordeste,CE,Eletrônicos,Cadeira Gamer,E-commerce,12,"R$ 853,63",11%,"R$ 10.243,51","R$ 1.148,47","R$ 9.095,04","R$ 6.791,39","R$ 2.303,66","25,33",,,,,,,
1280,2024-05-19 00:00:00,2024,Maio,19,1636,Corporativo,Nordeste,BA,Eletrônicos,Webcam 4K,Loja Física,20,"R$ 3.347,46",7%,"R$ 66.949,23","R$ 4.663,85","R$ 62.285,38","R$ 44.742,86","R$ 17.542,51","28,16",,,,,,,
1281,2024-05-20 00:00:00,2024,Maio,20,1347,Pequenas Empresas,Sudeste,SP,Eletrônicos,Headset Gamer,Loja Física,2,"R$ 1.048,11",2%,"R$ 2.096,22","R$ 41,16","R$ 2.055,07","R$ 1.113,78","R$ 941,29","45,80",,,,,,,
1282,2024-05-20 00:00:00,2024,Maio,20,1847,Pequenas Empresas,Sudeste,SP,Eletrônicos,Webcam 4K,Loja Física,5,"R$ 981,58",7%,"R$ 4.907,91","R$ 362,11","R$ 4.545,80","R$ 2.592,24","R$ 1.953,56","42,98",,,,,,,
1283,2024-05-20 00:00:00,2024,Maio,20,1100,Consumidor Final,Sul,PR,Eletrônicos,Webcam 4K,Loja Física,1,"R$ 391,76",12%,"R$ 391,76","R$ 46,57","R$ 345,19","R$ 209,65","R$ 135,54","39,26",,,,,,,
1284,2024-05-20 00:00:00,2024,Maio,20,1446,Corporativo,Centro-Oeste,GO,Eletrônicos,Headset Gamer,Loja Física,16,"R$ 1.231,59",11%,"R$ 19.705,38","R$ 2.194,31","R$ 17.511,07","R$ 11.772,38","R$ 5.738,68","32,77",,,,,,,
1285,2024-05-20 00:00:00,2024,Maio,20,1065,Consumidor Final,Nordeste,BA,Móveis,Mesa Gamer,Loja Física,1,"R$ 416,80",7%,"R$ 416,80","R$ 27,98","R$ 388,81","R$ 278,43","R$ 110,39","28,39",,,,,,,
1286,2024-05-20 00:00:00,2024,Maio,20,1127,Pequenas Empresas,Nordeste,PE,Eletrônicos,Microfone Condensador,E-commerce,6,"R$ 1.105,37",11%,"R$ 6.632,24","R$ 716,95","R$ 5.915,30","R$ 4.366,75","R$ 1.548,54","26,18",,,,,,,
1287,2024-05-20 00:00:00,2024,Maio,20,1413,Pequenas Empresas,Nordeste,BA,Móveis,Mesa Gamer,Loja Física,6,"R$ 713,23",9%,"R$ 4.279,38","R$ 378,58","R$ 3.900,80","R$ 2.771,26","R$ 1.129,54","28,96",,,,,,,
1288,2024-05-21 00:00:00,2024,Maio,21,1007,Pequenas Empresas,Sudeste,MG,Eletrônicos,Cadeira Gamer,E-commerce,14,"R$ 702,42",2%,"R$ 9.833,88","R$ 209,70","R$ 9.624,18","R$ 5.166,82","R$ 4.457,36","46,31",,,,,,,
1289,2024-05-21 00:00:00,2024,Maio,21,1148,Corporativo,Sul,RS,Eletrônicos,Teclado Mecânico,E-commerce,18,"R$ 1.886,66",11%,"R$ 33.959,88","R$ 3.790,32","R$ 30.169,56","R$ 18.590,83","R$ 11.578,73","38,38",,,,,,,
1290,2024-05-22 00:00:00,2024,Maio,22,1456,Consumidor Final,Sudeste,RJ,Eletrônicos,Cadeira Gamer,E-commerce,1,"R$ 390,99",11%,"R$ 390,99","R$ 42,50","R$ 348,49","R$ 191,29","R$ 157,20","45,11",,,,,,,
1291,2024-05-23 00:00:00,2024,Maio,23,1446,Pequenas Empresas,Nordeste,PE,Eletrônicos,Teclado Mecânico,Loja Física,5,"R$ 1.103,36",1%,"R$ 5.516,82","R$ 63,06","R$ 5.453,75","R$ 3.781,17","R$ 1.672,58","30,67",,,,,,,
1292,2024-05-24 00:00:00,2024,Maio,24,1640,Consumidor Final,Centro-Oeste,GO,Eletrônicos,Webcam 4K,E-commerce,4,"R$ 405,73",7%,"R$ 1.622,92","R$ 105,54","R$ 1.517,37","R$ 970,01","R$ 547,37","36,07",,,,,,12.0,Dezembro
1293,2024-05-24 00:00:00,2024,Maio,24,1553,Consumidor Final,Centro-Oeste,GO,Eletrônicos,Headset Gamer,E-commerce,1,"R$ 215,80",6%,"R$ 215,80","R$ 12,34","R$ 203,46","R$ 130,39","R$ 73,07","35,91",,,,,,,
1294,2024-05-24 00:00:00,2024,Maio,24,1688,Consumidor Final,Nordeste,CE,Eletrônicos,Webcam 4K,Loja Física,2,"R$ 194,07",10%,"R$ 388,14","R$ 40,42","R$ 347,72","R$ 246,58","R$ 101,13","29,09",,,,,,,
1295,2024-05-24 00:00:00,2024,Maio,24,1519,Corporativo,Sul,PR,Eletrônicos,Mouse Gamer,E-commerce,16,"R$ 1.286,99",2%,"R$ 20.591,78","R$ 484,64","R$ 20.107,14","R$ 11.477,54","R$ 8.629,60","42,92",,,,,,,
1296,2024-05-25 00:00:00,2024,Maio,25,1516,Consumidor Final,Sul,PR,Móveis,Mesa Gamer,E-commerce,1,"R$ 182,10",9%,"R$ 182,10","R$ 16,23","R$ 165,87","R$ 95,99","R$ 69,87","42,13",,,,,,,
1297,2024-05-26 00:00:00,2024,Maio,26,1348,Corporativo,Nordeste,PE,Eletrônicos,Teclado Mecânico,Loja Física,9,"R$ 1.750,21",6%,"R$ 15.751,92","R$ 876,96","R$ 14.874,96","R$ 10.607,25","R$ 4.267,71","28,69",,,,,,,
1298,2024-05-27 00:00:00,2024,Maio,27,1941,Pequenas Empresas,Sudeste,RJ,Eletrônicos,Cadeira Gamer,Loja Física,2,"R$ 583,93",7%,"R$ 1.167,87","R$ 77,96","R$ 1.089,91","R$ 615,57","R$ 474,34","43,52",,,,,,,
1299,2024-05-27 00:00:00,2024,Maio,27,1466,Consumidor Final,Sudeste,MG,Eletrônicos,Headset Gamer,E-commerce,1,"R$ 171,11",8%,"R$ 171,11","R$ 13,59","R$ 157,52","R$ 82,35","R$ 75,17","47,72",,,,,,,
1300,2024-05-27 00:00:00,2024,Maio,27,1973,Corporativo,Sul,RS,Eletrônicos,Teclado Mecânico,Loja Física,13,"R$ 2.873,43",6%,"R$ 37.354,62","R$ 2.229,33","R$ 35.125,29","R$ 20.323,36","R$ 14.801,93","42,14",,,,,,,
1301,2024-05-28 00:00:00,2024,Maio,28,1301,Corporativo,Nordeste,CE,Eletrônicos,Cadeira Gamer,E-commerce,40,"R$ 2.489,60",2%,"R$ 99.583,89","R$ 2.037,11","R$ 97.546,78","R$ 71.986,78","R$ 25.560,00","26,20",,,,,,,
1302,2024-05-28 00:00:00,2024,Maio,28,1361,Corporativo,Nordeste,CE,Móveis,Mesa Gamer,Loja Física,10,"R$ 1.282,26",7%,"R$ 12.822,62","R$ 873,28","R$ 11.949,34","R$ 8.487,46","R$ 3.461,88","28,97",,,,,,,
1303,2024-05-29 00:00:00,2024,Maio,29,1703,Consumidor Final,Sul,PR,Eletrônicos,Webcam 4K,Loja Física,1,"R$ 357,56",5%,"R$ 357,56","R$ 18,64","R$ 338,92","R$ 195,84","R$ 143,07","42,21",,,,,,,
1304,2024-05-30 00:00:00,2024,Maio,30,1441,Consumidor Final,Sudeste,RJ,Móveis,Mesa Gamer,E-commerce,3,"R$ 369,00",2%,"R$ 1.106,99","R$ 27,11","R$ 1.079,88","R$ 582,26","R$ 497,62","46,08",,,,,,,
1305,2024-05-30 00:00:00,2024,Maio,30,1399,Consumidor Final,Nordeste,BA,Eletrônicos,Monitor Ultrawide,E-commerce,5,"R$ 409,93",1%,"R$ 2.049,64","R$ 28,01","R$ 2.021,63","R$ 1.405,50","R$ 616,13","30,48",,,,,,,
1306,2024-05-30 00:00:00,2024,Maio,30,1589,Consumidor Final,Nordeste,CE,Eletrônicos,Mouse Gamer,E-commerce,2,"R$ 359,40",10%,"R$ 718,79","R$ 69,67","R$ 649,12","R$ 475,32","R$ 173,80","26,77",,,,,,,
1307,2024-05-31 00:00:00,2024,Maio,31,1803,Consumidor Final,Sudeste,RJ,Eletrônicos,Monitor Ultrawide,Loja Física,1,"R$ 321,30",5%,"R$ 321,30","R$ 17,63","R$ 303,67","R$ 164,08","R$ 139,59","45,97",,,,,,,
1308,2024-06-01 00:00:00,2024,Junho,1,1009,Corporativo,Sul,SC,Eletrônicos,Headset Gamer,E-commerce,47,"R$ 1.233,38",7%,"R$ 57.969,08","R$ 4.245,21","R$ 53.723,87","R$ 32.549,33","R$ 21.174,54","39,41",,,,,,,
1309,2024-06-01 00:00:00,2024,Junho,1,1040,Pequenas Empresas,Nordeste,CE,Eletrônicos,Teclado Mecânico,E-commerce,10,"R$ 554,97",5%,"R$ 5.549,74","R$ 266,62","R$ 5.283,12","R$ 3.848,91","R$ 1.434,21","27,15",,,,,,,
1310,2024-06-02 00:00:00,2024,Junho,2,1069,Consumidor Final,Sudeste,MG,Eletrônicos,Headset Gamer,E-commerce,3,"R$ 374,75",5%,"R$ 1.124,24","R$ 51,90","R$ 1.072,34","R$ 582,65","R$ 489,69","45,67",,,,,,,
1311,2024-06-02 00:00:00,2024,Junho,2,1677,Corporativo,Sul,SC,Eletrônicos,Webcam 4K,E-commerce,50,"R$ 2.202,19",3%,"R$ 110.109,45","R$ 3.817,50","R$ 106.291,95","R$ 64.485,42","R$ 41.806,53","39,33",,,,,,,
1312,2024-06-02 00:00:00,2024,Junho,2,1504,Corporativo,Centro-Oeste,GO,Eletrônicos,Cadeira Gamer,E-commerce,33,"R$ 1.415,79",7%,"R$ 46.721,08","R$ 3.101,54","R$ 43.619,54","R$ 28.184,69","R$ 15.434,85","35,39",,,,,,,
1313,2024-06-03 00:00:00,2024,Junho,3,1123,Pequenas Empresas,Nordeste,CE,Móveis,Mesa Gamer,E-commerce,9,"R$ 568,04",5%,"R$ 5.112,34","R$ 272,74","R$ 4.839,60","R$ 3.537,77","R$ 1.301,83","26,90",,,,,,,
1314,2024-06-03 00:00:00,2024,Junho,3,1772,Pequenas Empresas,Sudeste,RJ,Eletrônicos,Monitor Ultrawide,E-commerce,6,"R$ 802,86",10%,"R$ 4.817,14","R$ 472,95","R$ 4.344,19","R$ 2.404,54","R$ 1.939,64","44,65",,,,,,,
1315,2024-06-03 00:00:00,2024,Junho,3,1935,Pequenas Empresas,Sudeste,MG,Eletrônicos,Microfone Condensador,Loja Física,5,"R$ 1.117,20",12%,"R$ 5.586,02","R$ 659,68","R$ 4.926,34","R$ 2.739,31","R$ 2.187,03","44,39",,,,,,,
1316,2024-06-03 00:00:00,2024,Junho,3,1995,Consumidor Final,Sul,SC,Eletrônicos,Monitor Ultrawide,E-commerce,4,"R$ 323,11",3%,"R$ 1.292,42","R$ 44,36","R$ 1.248,06","R$ 766,13","R$ 481,94","38,61",,,,,,,
1317,2024-06-04 00:00:00,2024,Junho,4,1780,Corporativo,Sul,PR,Eletrônicos,Webcam 4K,Loja Física,19,"R$ 1.302,72",4%,"R$ 24.751,70","R$ 1.090,35","R$ 23.661,35","R$ 14.491,67","R$ 9.169,67","38,75",,,,,,,
1318,2024-06-04 00:00:00,2024,Junho,4,1249,Consumidor Final,Nordeste,BA,Eletrônicos,Monitor Ultrawide,Loja Física,2,"R$ 391,70",8%,"R$ 783,41","R$ 65,50","R$ 717,90","R$ 506,88","R$ 211,03","29,39",,,,,,,
1319,2024-06-05 00:00:00,2024,Junho,5,1640,Pequenas Empresas,Nordeste,CE,Eletrônicos,Webcam 4K,Loja Física,2,"R$ 887,22",9%,"R$ 1.774,45","R$ 167,84","R$ 1.606,61","R$ 1.161,89","R$ 444,72","27,68",,,,,,,
1320,2024-06-05 00:00:00,2024,Junho,5,1721,Consumidor Final,Sudeste,RJ,Eletrônicos,Microfone Condensador,Loja Física,1,"R$ 273,29",8%,"R$ 273,29","R$ 22,21","R$ 251,08","R$ 134,90","R$ 116,18","46,27",,,,,,,
1321,2024-06-05 00:00:00,2024,Junho,5,1513,Corporativo,Nordeste,BA,Eletrônicos,Headset Gamer,E-commerce,38,"R$ 1.799,53",10%,"R$ 68.382,24","R$ 7.102,73","R$ 61.279,51","R$ 42.784,77","R$ 18.494,74","30,18",,,,,,,
1322,2024-06-06 00:00:00,2024,Junho,6,1548,Pequenas Empresas,Sul,PR,Móveis,Mesa Gamer,E-commerce,6,"R$ 475,96",9%,"R$ 2.855,78","R$ 257,31","R$ 2.598,47","R$ 1.586,50","R$ 1.011,97","38,94",,,,,,,
1323,2024-06-06 00:00:00,2024,Junho,6,1709,Consumidor Final,Centro-Oeste,GO,Eletrônicos,Teclado Mecânico,Loja Física,2,"R$ 228,75",2%,"R$ 457,51","R$ 10,71","R$ 446,80","R$ 290,16","R$ 156,64","35,06",,,,,,,
1324,2024-06-06 00:00:00,2024,Junho,6,1113,Pequenas Empresas,Sudeste,MG,Eletrônicos,Cadeira Gamer,Loja Física,6,"R$ 1.111,07",2%,"R$ 6.666,44","R$ 102,10","R$ 6.564,34","R$ 3.585,47","R$ 2.978,87","45,38",,,,,,,
1325,2024-06-07 00:00:00,2024,Junho,7,1558,Consumidor Final,Sudeste,RJ,Eletrônicos,Teclado Mecânico,E-commerce,1,"R$ 199,18",5%,"R$ 199,18","R$ 10,35","R$ 188,83","R$ 107,92","R$ 80,90","42,85",,,,,,,
1326,2024-06-07 00:00:00,2024,Junho,7,1641,Consumidor Final,Sudeste,SP,Eletrônicos,Headset Gamer,E-commerce,3,"R$ 386,93",8%,"R$ 1.160,79","R$ 96,33","R$ 1.064,46","R$ 595,30","R$ 469,15","44,07",,,,,,,
1327,2024-06-07 00:00:00,2024,Junho,7,1557,Corporativo,Centro-Oeste,GO,Eletrônicos,Cadeira Gamer,E-commerce,36,"R$ 2.794,58",10%,"R$ 100.605,03","R$ 9.690,23","R$ 90.914,80","R$ 57.313,85","R$ 33.600,95","36,96",,,,,,,
1328,2024-06-08 00:00:00,2024,Junho,8,1042,Consumidor Final,Nordeste,CE,Eletrônicos,Monitor Ultrawide,E-commerce,5,"R$ 399,47",3%,"R$ 1.997,36","R$ 53,00","R$ 1.944,36","R$ 1.453,77","R$ 490,59","25,23",,,,,,,
1329,2024-06-08 00:00:00,2024,Junho,8,1391,Pequenas Empresas,Sudeste,MG,Eletrônicos,Microfone Condensador,Loja Física,6,"R$ 609,00",12%,"R$ 3.653,98","R$ 431,20","R$ 3.222,77","R$ 1.695,58","R$ 1.527,19","47,39",,,,,,,
1330,2024-06-09 00:00:00,2024,Junho,9,1340,Pequenas Empresas,Sudeste,MG,Eletrônicos,Microfone Condensador,Loja Física,5,"R$ 950,66",8%,"R$ 4.753,32","R$ 363,41","R$ 4.389,91","R$ 2.299,66","R$ 2.090,25","47,61",,,,,,,
1331,2024-06-09 00:00:00,2024,Junho,9,1593,Pequenas Empresas,Nordeste,CE,Eletrônicos,Mouse Gamer,Loja Física,6,"R$ 909,64",3%,"R$ 5.457,83","R$ 151,62","R$ 5.306,21","R$ 3.691,26","R$ 1.614,95","30,44",,,,,,,
1332,2024-06-10 00:00:00,2024,Junho,10,1323,Consumidor Final,Sul,RS,Eletrônicos,Headset Gamer,Loja Física,1,"R$ 255,60",6%,"R$ 255,60","R$ 14,11","R$ 241,50","R$ 151,88","R$ 89,62","37,11",,,,,,,
1333,2024-06-11 00:00:00,2024,Junho,11,1703,Pequenas Empresas,Sul,RS,Eletrônicos,Headset Gamer,Loja Física,6,"R$ 560,27",3%,"R$ 3.361,63","R$ 111,64","R$ 3.249,99","R$ 1.913,28","R$ 1.336,71","41,13",,,,,,,
1334,2024-06-11 00:00:00,2024,Junho,11,1656,Pequenas Empresas,Nordeste,CE,Móveis,Mesa Gamer,Loja Física,4,"R$ 786,25",5%,"R$ 3.144,99","R$ 143,22","R$ 3.001,78","R$ 2.100,23","R$ 901,55","30,03",,,,,,,
1335,2024-06-11 00:00:00,2024,Junho,11,1055,Consumidor Final,Sudeste,RJ,Eletrônicos,Teclado Mecânico,E-commerce,1,"R$ 191,09",9%,"R$ 191,09","R$ 16,35","R$ 174,75","R$ 91,78","R$ 82,97","47,48",,,,,,,
1336,2024-06-12 00:00:00,2024,Junho,12,1054,Consumidor Final,Nordeste,PE,Eletrônicos,Headset Gamer,Loja Física,1,"R$ 185,04",4%,"R$ 185,04","R$ 7,41","R$ 177,63","R$ 130,99","R$ 46,64","26,26",,,,,,,
1337,2024-06-12 00:00:00,2024,Junho,12,1027,Consumidor Final,Sudeste,SP,Eletrônicos,Headset Gamer,Loja Física,1,"R$ 361,59",9%,"R$ 361,59","R$ 32,87","R$ 328,72","R$ 184,67","R$ 144,05","43,82",,,,,,,
1338,2024-06-13 00:00:00,2024,Junho,13,1160,Consumidor Final,Sul,PR,Eletrônicos,Monitor Ultrawide,E-commerce,1,"R$ 426,77",7%,"R$ 426,77","R$ 30,95","R$ 395,82","R$ 240,73","R$ 155,09","39,18",,,,,,,
1339,2024-06-13 00:00:00,2024,Junho,13,1916,Consumidor Final,Sul,SC,Eletrônicos,Monitor Ultrawide,Loja Física,1,"R$ 177,70",8%,"R$ 177,70","R$ 14,95","R$ 162,75","R$ 101,98","R$ 60,77","37,34",,,,,,,
1340,2024-06-13 00:00:00,2024,Junho,13,1009,Pequenas Empresas,Centro-Oeste,GO,Eletrônicos,Cadeira Gamer,Loja Física,3,"R$ 909,35",3%,"R$ 2.728,06","R$ 93,67","R$ 2.634,39","R$ 1.684,37","R$ 950,03","36,06",,,,,,,
1341,2024-06-14 00:00:00,2024,Junho,14,1729,Consumidor Final,Sul,PR,Eletrônicos,Webcam 4K,Loja Física,1,"R$ 390,98",4%,"R$ 390,98","R$ 15,61","R$ 375,37","R$ 220,20","R$ 155,17","41,34",,,,,,,
1342,2024-06-14 00:00:00,2024,Junho,14,1732,Consumidor Final,Sudeste,MG,Eletrônicos,Webcam 4K,E-commerce,4,"R$ 402,54",10%,"R$ 1.610,17","R$ 158,04","R$ 1.452,13","R$ 806,47","R$ 645,66","44,46",,,,,,,
1343,2024-06-15 00:00:00,2024,Junho,15,1898,Pequenas Empresas,Sudeste,SP,Eletrônicos,Mouse Gamer,E-commerce,12,"R$ 570,85",1%,"R$ 6.850,25","R$ 76,54","R$ 6.773,70","R$ 3.613,14","R$ 3.160,56","46,66",,,,,,,
1344,2024-06-15 00:00:00,2024,Junho,15,1148,Corporativo,Sul,PR,Eletrônicos,Webcam 4K,E-commerce,37,"R$ 2.013,00",8%,"R$ 74.480,93","R$ 6.006,37","R$ 68.474,56","R$ 42.129,80","R$ 26.344,76","38,47",,,,,,,
1345,2024-06-16 00:00:00,2024,Junho,16,1553,Corporativo,Nordeste,BA,Móveis,Mesa Gamer,E-commerce,33,"R$ 2.987,57",4%,"R$ 98.589,80","R$ 3.903,74","R$ 94.686,07","R$ 66.402,07","R$ 28.283,99","29,87",,,,,,,
1346,2024-06-18 00:00:00,2024,Junho,18,1390,Consumidor Final,Sul,SC,Eletrônicos,Mouse Gamer,E-commerce,4,"R$ 443,92",4%,"R$ 1.775,68","R$ 70,16","R$ 1.705,52","R$ 1.070,29","R$ 635,24","37,25",,,,,,,
1347,2024-06-19 00:00:00,2024,Junho,19,1739,Pequenas Empresas,Nordeste,PE,Eletrônicos,Cadeira Gamer,Loja Física,5,"R$ 995,30",10%,"R$ 4.976,51","R$ 490,87","R$ 4.485,64","R$ 3.291,19","R$ 1.194,45","26,63",,,,,,,
1348,2024-06-19 00:00:00,2024,Junho,19,1379,Corporativo,Sudeste,SP,Eletrônicos,Monitor Ultrawide,E-commerce,35,"R$ 1.518,90",2%,"R$ 53.161,53","R$ 1.276,11","R$ 51.885,42","R$ 29.546,66","R$ 22.338,77","43,05",,,,,,,
1349,2024-06-19 00:00:00,2024,Junho,19,1840,Pequenas Empresas,Sudeste,SP,Eletrônicos,Webcam 4K,E-commerce,12,"R$ 921,99",10%,"R$ 11.063,85","R$ 1.052,37","R$ 10.011,48","R$ 5.591,39","R$ 4.420,09","44,15",,,,,,,
1350,2024-06-20 00:00:00,2024,Junho,20,1912,Corporativo,Nordeste,CE,Eletrônicos,Teclado Mecânico,E-commerce,22,"R$ 2.305,49",7%,"R$ 50.720,79","R$ 3.586,02","R$ 47.134,77","R$ 33.564,36","R$ 13.570,41","28,79",,,,,,,
1351,2024-06-20 00:00:00,2024,Junho,20,1151,Pequenas Empresas,Sul,SC,Eletrônicos,Monitor Ultrawide,Loja Física,6,"R$ 717,38",11%,"R$ 4.304,29","R$ 487,19","R$ 3.817,11","R$ 2.369,71","R$ 1.447,40","37,92",,,,,,,
1352,2024-06-21 00:00:00,2024,Junho,21,1487,Pequenas Empresas,Sudeste,MG,Eletrônicos,Microfone Condensador,E-commerce,5,"R$ 1.056,22",3%,"R$ 5.281,11","R$ 174,41","R$ 5.106,70","R$ 2.888,08","R$ 2.218,62","43,45",,,,,,,
1353,2024-06-22 00:00:00,2024,Junho,22,1654,Corporativo,Sul,RS,Móveis,Mesa Gamer,Loja Física,7,"R$ 2.885,26",9%,"R$ 20.196,85","R$ 1.725,75","R$ 18.471,10","R$ 10.713,31","R$ 7.757,79","42,00",,,,,,,
1354,2024-06-23 00:00:00,2024,Junho,23,1580,Corporativo,Sul,SC,Eletrônicos,Monitor Ultrawide,Loja Física,8,"R$ 2.879,96",7%,"R$ 23.039,66","R$ 1.580,90","R$ 21.458,76","R$ 12.320,30","R$ 9.138,46","42,59",,,,,,,
1355,2024-06-23 00:00:00,2024,Junho,23,1360,Consumidor Final,Sudeste,SP,Móveis,Mesa Gamer,E-commerce,5,"R$ 192,55",3%,"R$ 962,77","R$ 32,27","R$ 930,50","R$ 533,80","R$ 396,70","42,63",,,,,,,
1356,2024-06-23 00:00:00,2024,Junho,23,1940,Consumidor Final,Nordeste,PE,Móveis,Mesa Gamer,E-commerce,4,"R$ 435,18",9%,"R$ 1.740,73","R$ 157,13","R$ 1.583,60","R$ 1.182,76","R$ 400,85","25,31",,,,,,,
1357,2024-06-24 00:00:00,2024,Junho,24,1175,Consumidor Final,Sul,SC,Móveis,Mesa Gamer,Loja Física,1,"R$ 261,78",4%,"R$ 261,78","R$ 9,25","R$ 252,53","R$ 150,59","R$ 101,94","40,37",,,,,,,
1358,2024-06-24 00:00:00,2024,Junho,24,1355,Consumidor Final,Centro-Oeste,GO,Eletrônicos,Cadeira Gamer,Loja Física,1,"R$ 424,03",6%,"R$ 424,03","R$ 23,33","R$ 400,71","R$ 254,49","R$ 146,21","36,49",,,,,,,
1359,2024-06-25 00:00:00,2024,Junho,25,1200,Consumidor Final,Sudeste,MG,Móveis,Mesa Gamer,E-commerce,4,"R$ 392,20",9%,"R$ 1.568,81","R$ 147,36","R$ 1.421,46","R$ 791,51","R$ 629,95","44,32",,,,,,,
1360,2024-06-26 00:00:00,2024,Junho,26,1754,Pequenas Empresas,Sul,SC,Móveis,Mesa Gamer,E-commerce,12,"R$ 883,50",3%,"R$ 10.602,05","R$ 337,57","R$ 10.264,49","R$ 6.161,88","R$ 4.102,61","39,97",,,,,,,
1361,2024-06-26 00:00:00,2024,Junho,26,1394,Pequenas Empresas,Nordeste,CE,Eletrônicos,Microfone Condensador,Loja Física,6,"R$ 947,82",2%,"R$ 5.686,91","R$ 135,34","R$ 5.551,57","R$ 3.901,71","R$ 1.649,87","29,72",,,,,,,
1362,2024-06-26 00:00:00,2024,Junho,26,1592,Consumidor Final,Sul,SC,Eletrônicos,Teclado Mecânico,Loja Física,1,"R$ 272,47",4%,"R$ 272,47","R$ 11,13","R$ 261,34","R$ 153,18","R$ 108,16","41,39",,,,,,,
1363,2024-06-27 00:00:00,2024,Junho,27,1627,Consumidor Final,Nordeste,BA,Eletrônicos,Mouse Gamer,Loja Física,1,"R$ 308,95",4%,"R$ 308,95","R$ 12,94","R$ 296,01","R$ 210,83","R$ 85,17","28,77",,,,,,,
1364,2024-06-27 00:00:00,2024,Junho,27,1655,Consumidor Final,Sul,PR,Eletrônicos,Headset Gamer,Loja Física,1,"R$ 158,65",5%,"R$ 158,65","R$ 7,49","R$ 151,16","R$ 94,25","R$ 56,91","37,65",,,,,,,
1365,2024-06-27 00:00:00,2024,Junho,27,1671,Pequenas Empresas,Centro-Oeste,GO,Eletrônicos,Microfone Condensador,E-commerce,5,"R$ 1.093,88",4%,"R$ 5.469,42","R$ 195,24","R$ 5.274,18","R$ 3.340,12","R$ 1.934,05","36,67",,,,,,,
1366,2024-06-27 00:00:00,2024,Junho,27,1262,Pequenas Empresas,Sul,PR,Eletrônicos,Mouse Gamer,E-commerce,12,"R$ 780,24",10%,"R$ 9.362,85","R$ 907,88","R$ 8.454,97","R$ 5.258,89","R$ 3.196,09","37,80",,,,,,,
1367,2024-06-28 00:00:00,2024,Junho,28,1350,Pequenas Empresas,Sudeste,SP,Móveis,Mesa Gamer,Loja Física,5,"R$ 1.171,05",7%,"R$ 5.855,27","R$ 405,70","R$ 5.449,57","R$ 3.066,62","R$ 2.382,95","43,73",,,,,,,
1368,2024-06-29 00:00:00,2024,Junho,29,1062,Corporativo,Sul,PR,Eletrônicos,Teclado Mecânico,Loja Física,13,"R$ 2.126,39",1%,"R$ 27.643,01","R$ 386,53","R$ 27.256,48","R$ 16.270,25","R$ 10.986,23","40,31",,,,,,,
1369,2024-06-29 00:00:00,2024,Junho,29,1358,Consumidor Final,Centro-Oeste,GO,Eletrônicos,Monitor Ultrawide,Loja Física,1,"R$ 241,12",11%,"R$ 241,12","R$ 26,84","R$ 214,28","R$ 141,58","R$ 72,69","33,93",,,,,,,
1370,2024-06-30 00:00:00,2024,Junho,30,1226,Consumidor Final,Nordeste,CE,Eletrônicos,Teclado Mecânico,E-commerce,4,"R$ 351,66",3%,"R$ 1.406,64","R$ 44,51","R$ 1.362,13","R$ 948,40","R$ 413,73","30,37",,,,,,,
1371,2024-06-30 00:00:00,2024,Junho,30,1173,Corporativo,Nordeste,PE,Eletrônicos,Microfone Condensador,Loja Física,8,"R$ 2.837,62",5%,"R$ 22.700,95","R$ 1.188,29","R$ 21.512,66","R$ 15.615,23","R$ 5.897,43","27,41",,,,,,,
1372,2024-07-01 00:00:00,2024,Julho,1,1307,Consumidor Final,Nordeste,BA,Móveis,Mesa Gamer,E-commerce,1,"R$ 294,03",6%,"R$ 294,03","R$ 18,83","R$ 275,19","R$ 194,47","R$ 80,72","29,33",,,,,,,
1373,2024-07-01 00:00:00,2024,Julho,1,1124,Corporativo,Nordeste,CE,Eletrônicos,Teclado Mecânico,E-commerce,31,"R$ 1.244,86",10%,"R$ 38.590,54","R$ 3.806,09","R$ 34.784,45","R$ 25.862,58","R$ 8.921,87","25,65",,,,,,,
1374,2024-07-01 00:00:00,2024,Julho,1,1255,Corporativo,Sul,SC,Eletrônicos,Webcam 4K,Loja Física,10,"R$ 3.076,88",10%,"R$ 30.768,77","R$ 3.024,01","R$ 27.744,76","R$ 16.669,51","R$ 11.075,25","39,92",,,,,,,
1375,2024-07-02 00:00:00,2024,Julho,2,1265,Corporativo,Centro-Oeste,GO,Eletrônicos,Teclado Mecânico,Loja Física,11,"R$ 3.459,50",3%,"R$ 38.054,48","R$ 1.209,50","R$ 36.844,98","R$ 24.758,09","R$ 12.086,89","32,80",,,,,,,
1376,2024-07-02 00:00:00,2024,Julho,2,1666,Pequenas Empresas,Nordeste,CE,Móveis,Mesa Gamer,Loja Física,2,"R$ 401,45",3%,"R$ 802,90","R$ 27,80","R$ 775,10","R$ 565,49","R$ 209,61","27,04",,,,,,,
1377,2024-07-02 00:00:00,2024,Julho,2,1022,Corporativo,Sudeste,SP,Eletrônicos,Cadeira Gamer,E-commerce,32,"R$ 1.670,84",5%,"R$ 53.466,95","R$ 2.503,86","R$ 50.963,09","R$ 28.548,58","R$ 22.414,51","43,98",,,,,,,
1378,2024-07-02 00:00:00,2024,Julho,2,1977,Corporativo,Sudeste,RJ,Eletrônicos,Webcam 4K,Loja Física,10,"R$ 2.108,48",5%,"R$ 21.084,78","R$ 987,84","R$ 20.096,93","R$ 11.406,28","R$ 8.690,66","43,24",,,,,,,
1379,2024-07-03 00:00:00,2024,Julho,3,1669,Corporativo,Centro-Oeste,GO,Eletrônicos,Teclado Mecânico,Loja Física,19,"R$ 2.942,79",7%,"R$ 55.913,02","R$ 4.141,15","R$ 51.771,87","R$ 33.064,62","R$ 18.707,25","36,13",,,,,,,
1380,2024-07-03 00:00:00,2024,Julho,3,1078,Pequenas Empresas,Sudeste,MG,Eletrônicos,Headset Gamer,E-commerce,14,"R$ 402,27",11%,"R$ 5.631,83","R$ 633,01","R$ 4.998,82","R$ 2.866,05","R$ 2.132,77","42,67",,,,,,,
1381,2024-07-04 00:00:00,2024,Julho,4,1253,Corporativo,Sul,RS,Eletrônicos,Headset Gamer,E-commerce,37,"R$ 2.201,03",11%,"R$ 81.438,13","R$ 9.296,38","R$ 72.141,75","R$ 43.425,34","R$ 28.716,41","39,81",,,,,,,
1382,2024-07-05 00:00:00,2024,Julho,5,1086,Consumidor Final,Sudeste,RJ,Eletrônicos,Teclado Mecânico,E-commerce,5,"R$ 378,23",1%,"R$ 1.891,14","R$ 22,21","R$ 1.868,93","R$ 1.021,43","R$ 847,50","45,35",,,,,,,
1383,2024-07-05 00:00:00,2024,Julho,5,1046,Consumidor Final,Sul,RS,Eletrônicos,Cadeira Gamer,E-commerce,2,"R$ 318,85",4%,"R$ 637,70","R$ 28,36","R$ 609,34","R$ 373,09","R$ 236,24","38,77",,,,,,,
1384,2024-07-05 00:00:00,2024,Julho,5,1426,Corporativo,Sudeste,RJ,Eletrônicos,Monitor Ultrawide,E-commerce,21,"R$ 1.424,52",11%,"R$ 29.914,99","R$ 3.253,48","R$ 26.661,51","R$ 14.903,95","R$ 11.757,56","44,10",,,,,,,
1385,2024-07-05 00:00:00,2024,Julho,5,1490,Pequenas Empresas,Sul,RS,Móveis,Mesa Gamer,E-commerce,7,"R$ 1.180,36",9%,"R$ 8.262,52","R$ 774,70","R$ 7.487,82","R$ 4.527,11","R$ 2.960,71","39,54",,,,,,,
1386,2024-07-06 00:00:00,2024,Julho,6,1551,Corporativo,Sudeste,MG,Eletrônicos,Headset Gamer,Loja Física,10,"R$ 3.032,98",7%,"R$ 30.329,79","R$ 2.273,12","R$ 28.056,67","R$ 16.109,72","R$ 11.946,95","42,58",,,,,,,
1387,2024-07-07 00:00:00,2024,Julho,7,1011,Pequenas Empresas,Nordeste,BA,Eletrônicos,Monitor Ultrawide,E-commerce,9,"R$ 1.127,39",2%,"R$ 10.146,47","R$ 215,03","R$ 9.931,44","R$ 7.419,29","R$ 2.512,15","25,29",,,,,,,
1388,2024-07-07 00:00:00,2024,Julho,7,1539,Pequenas Empresas,Sudeste,SP,Eletrônicos,Teclado Mecânico,Loja Física,3,"R$ 941,87",1%,"R$ 2.825,62","R$ 35,85","R$ 2.789,77","R$ 1.549,15","R$ 1.240,63","44,47",,,,,,,
1389,2024-07-08 00:00:00,2024,Julho,8,1932,Pequenas Empresas,Nordeste,PE,Eletrônicos,Microfone Condensador,E-commerce,11,"R$ 687,93",8%,"R$ 7.567,24","R$ 631,55","R$ 6.935,69","R$ 5.184,87","R$ 1.750,82","25,24",,,,,,,
1390,2024-07-08 00:00:00,2024,Julho,8,1195,Consumidor Final,Sul,PR,Eletrônicos,Monitor Ultrawide,Loja Física,2,"R$ 426,44",12%,"R$ 852,87","R$ 100,33","R$ 752,55","R$ 473,62","R$ 278,92","37,06",,,,,,,
1391,2024-07-08 00:00:00,2024,Julho,8,1398,Pequenas Empresas,Sul,PR,Eletrônicos,Webcam 4K,Loja Física,3,"R$ 1.196,87",2%,"R$ 3.590,61","R$ 76,74","R$ 3.513,88","R$ 2.175,65","R$ 1.338,22","38,08",,,,,,,
1392,2024-07-08 00:00:00,2024,Julho,8,1811,Consumidor Final,Centro-Oeste,GO,Eletrônicos,Mouse Gamer,Loja Física,1,"R$ 175,68",3%,"R$ 175,68","R$ 5,30","R$ 170,38","R$ 108,10","R$ 62,27","36,55",,,,,,,
1393,2024-07-08 00:00:00,2024,Julho,8,1235,Consumidor Final,Centro-Oeste,GO,Eletrônicos,Headset Gamer,Loja Física,1,"R$ 154,18",8%,"R$ 154,18","R$ 12,69","R$ 141,50","R$ 93,12","R$ 48,38","34,19",,,,,,,
1394,2024-07-08 00:00:00,2024,Julho,8,1932,Consumidor Final,Nordeste,BA,Eletrônicos,Teclado Mecânico,Loja Física,2,"R$ 168,82",10%,"R$ 337,63","R$ 33,66","R$ 303,97","R$ 218,95","R$ 85,02","27,97",,,,,,,
1395,2024-07-09 00:00:00,2024,Julho,9,1398,Consumidor Final,Nordeste,PE,Eletrônicos,Microfone Condensador,Loja Física,1,"R$ 306,20",9%,"R$ 306,20","R$ 28,06","R$ 278,14","R$ 200,10","R$ 78,04","28,06",,,,,,,
1396,2024-07-09 00:00:00,2024,Julho,9,1899,Corporativo,Nordeste,CE,Móveis,Mesa Gamer,E-commerce,30,"R$ 2.600,24",3%,"R$ 78.007,06","R$ 2.318,57","R$ 75.688,49","R$ 55.741,11","R$ 19.947,38","26,35",,,,,,,
1397,2024-07-10 00:00:00,2024,Julho,10,1947,Corporativo,Sul,RS,Eletrônicos,Microfone Condensador,E-commerce,23,"R$ 3.063,84",10%,"R$ 70.468,28","R$ 6.881,46","R$ 63.586,82","R$ 39.573,00","R$ 24.013,82","37,77",,,,,,,
1398,2024-07-10 00:00:00,2024,Julho,10,1213,Pequenas Empresas,Centro-Oeste,GO,Eletrônicos,Cadeira Gamer,E-commerce,8,"R$ 459,61",7%,"R$ 3.676,87","R$ 243,20","R$ 3.433,67","R$ 2.135,17","R$ 1.298,50","37,82",,,,,,,
1399,2024-07-12 00:00:00,2024,Julho,12,1856,Corporativo,Nordeste,CE,Eletrônicos,Webcam 4K,Loja Física,12,"R$ 2.398,01",10%,"R$ 28.776,12","R$ 2.935,23","R$ 25.840,89","R$ 18.093,50","R$ 7.747,40","29,98",,,,,,,
1400,2024-07-13 00:00:00,2024,Julho,13,1435,Consumidor Final,Sul,SC,Eletrônicos,Teclado Mecânico,E-commerce,3,"R$ 158,50",10%,"R$ 475,50","R$ 48,09","R$ 427,41","R$ 249,05","R$ 178,36","41,73",,,,,,,
1401,2024-07-13 00:00:00,2024,Julho,13,1288,Pequenas Empresas,Nordeste,BA,Móveis,Mesa Gamer,E-commerce,12,"R$ 571,88",1%,"R$ 6.862,60","R$ 99,07","R$ 6.763,53","R$ 4.991,03","R$ 1.772,51","26,21",,,,,,,
1402,2024-07-13 00:00:00,2024,Julho,13,1730,Pequenas Empresas,Nordeste,BA,Eletrônicos,Cadeira Gamer,E-commerce,8,"R$ 1.006,64",10%,"R$ 8.053,14","R$ 783,57","R$ 7.269,57","R$ 5.183,29","R$ 2.086,28","28,70",,,,,,,
1403,2024-07-14 00:00:00,2024,Julho,14,1958,Corporativo,Sudeste,RJ,Eletrônicos,Cadeira Gamer,Loja Física,21,"R$ 3.178,58",11%,"R$ 66.750,23","R$ 7.611,95","R$ 59.138,28","R$ 31.000,79","R$ 28.137,49","47,58",,,,,,,
1404,2024-07-14 00:00:00,2024,Julho,14,1299,Corporativo,Sul,RS,Eletrônicos,Teclado Mecânico,E-commerce,34,"R$ 1.336,21",2%,"R$ 45.431,26","R$ 981,03","R$ 44.450,24","R$ 27.511,18","R$ 16.939,05","38,11",,,,,,,
1405,2024-07-14 00:00:00,2024,Julho,14,1287,Consumidor Final,Sul,PR,Eletrônicos,Webcam 4K,Loja Física,1,"R$ 282,37",2%,"R$ 282,37","R$ 4,84","R$ 277,53","R$ 161,10","R$ 116,43","41,95",,,,,,,
1406,2024-07-14 00:00:00,2024,Julho,14,1652,Consumidor Final,Nordeste,CE,Eletrônicos,Monitor Ultrawide,Loja Física,1,"R$ 409,27",6%,"R$ 409,27","R$ 25,01","R$ 384,26","R$ 271,03","R$ 113,23","29,47",,,,,,,
1407,2024-07-17 00:00:00,2024,Julho,17,1899,Pequenas Empresas,Sudeste,SP,Eletrônicos,Monitor Ultrawide,Loja Física,7,"R$ 501,37",7%,"R$ 3.509,59","R$ 253,72","R$ 3.255,87","R$ 1.810,58","R$ 1.445,30","44,39",,,,,,,
1408,2024-07-17 00:00:00,2024,Julho,17,1303,Pequenas Empresas,Sul,RS,Eletrônicos,Cadeira Gamer,E-commerce,8,"R$ 668,27",8%,"R$ 5.346,16","R$ 410,99","R$ 4.935,18","R$ 2.938,66","R$ 1.996,51","40,45",,,,,,,
1409,2024-07-17 00:00:00,2024,Julho,17,1472,Pequenas Empresas,Centro-Oeste,GO,Eletrônicos,Monitor Ultrawide,E-commerce,11,"R$ 543,84",6%,"R$ 5.982,22","R$ 367,63","R$ 5.614,59","R$ 3.491,80","R$ 2.122,79","37,81",,,,,,,
1410,2024-07-17 00:00:00,2024,Julho,17,1504,Corporativo,Centro-Oeste,GO,Eletrônicos,Mouse Gamer,E-commerce,43,"R$ 2.881,81",11%,"R$ 123.917,77","R$ 13.125,17","R$ 110.792,60","R$ 74.687,12","R$ 36.105,48","32,59",,,,,,,
1411,2024-07-18 00:00:00,2024,Julho,18,1879,Consumidor Final,Sudeste,RJ,Eletrônicos,Cadeira Gamer,Loja Física,2,"R$ 400,24",6%,"R$ 800,48","R$ 51,12","R$ 749,36","R$ 400,34","R$ 349,02","46,58",,,,,,,
1412,2024-07-18 00:00:00,2024,Julho,18,1229,Consumidor Final,Sudeste,MG,Eletrônicos,Cadeira Gamer,E-commerce,5,"R$ 234,58",7%,"R$ 1.172,89","R$ 80,22","R$ 1.092,67","R$ 630,36","R$ 462,31","42,31",,,,,,,
1413,2024-07-21 00:00:00,2024,Julho,21,1936,Consumidor Final,Nordeste,BA,Móveis,Mesa Gamer,Loja Física,1,"R$ 258,53",1%,"R$ 258,53","R$ 2,88","R$ 255,65","R$ 182,13","R$ 73,52","28,76",,,,,,,
1414,2024-07-21 00:00:00,2024,Julho,21,1743,Pequenas Empresas,Sudeste,MG,Eletrônicos,Monitor Ultrawide,E-commerce,11,"R$ 757,87",10%,"R$ 8.336,53","R$ 807,69","R$ 7.528,84","R$ 4.087,40","R$ 3.441,44","45,71",,,,,,,
1415,2024-07-21 00:00:00,2024,Julho,21,1911,Pequenas Empresas,Sudeste,MG,Eletrônicos,Webcam 4K,Loja Física,2,"R$ 780,85",9%,"R$ 1.561,69","R$ 134,02","R$ 1.427,67","R$ 775,99","R$ 651,68","45,65",,,,,,,
1416,2024-07-21 00:00:00,2024,Julho,21,1116,Corporativo,Sul,SC,Eletrônicos,Cadeira Gamer,E-commerce,45,"R$ 2.092,71",3%,"R$ 94.171,77","R$ 2.710,61","R$ 91.461,17","R$ 56.375,73","R$ 35.085,44","38,36",,,,,,,
1417,2024-07-21 00:00:00,2024,Julho,21,1993,Consumidor Final,Nordeste,BA,Eletrônicos,Microfone Condensador,E-commerce,4,"R$ 304,48",3%,"R$ 1.217,91","R$ 35,04","R$ 1.182,87","R$ 840,10","R$ 342,76","28,98",,,,,,,
1418,2024-07-22 00:00:00,2024,Julho,22,1202,Corporativo,Sudeste,MG,Eletrônicos,Webcam 4K,E-commerce,39,"R$ 2.817,12",4%,"R$ 109.867,52","R$ 4.621,39","R$ 105.246,14","R$ 58.072,47","R$ 47.173,67","44,82",,,,,,,
1419,2024-07-23 00:00:00,2024,Julho,23,1418,Consumidor Final,Centro-Oeste,GO,Eletrônicos,Mouse Gamer,Loja Física,1,"R$ 176,89",12%,"R$ 176,89","R$ 20,43","R$ 156,46","R$ 99,67","R$ 56,78","36,29",,,,,,,
1420,2024-07-23 00:00:00,2024,Julho,23,1559,Pequenas Empresas,Sul,SC,Móveis,Mesa Gamer,Loja Física,5,"R$ 862,13",5%,"R$ 4.310,65","R$ 212,77","R$ 4.097,87","R$ 2.513,93","R$ 1.583,94","38,65",,,,,,,
1421,2024-07-23 00:00:00,2024,Julho,23,1376,Pequenas Empresas,Nordeste,BA,Eletrônicos,Teclado Mecânico,Loja Física,6,"R$ 799,23",11%,"R$ 4.795,37","R$ 539,33","R$ 4.256,04","R$ 3.043,07","R$ 1.212,97","28,50",,,,,,,
1422,2024-07-24 00:00:00,2024,Julho,24,1945,Pequenas Empresas,Sul,PR,Eletrônicos,Webcam 4K,Loja Física,6,"R$ 567,43",1%,"R$ 3.404,58","R$ 35,44","R$ 3.369,14","R$ 2.073,74","R$ 1.295,40","38,45",,,,,,,
1423,2024-07-25 00:00:00,2024,Julho,25,1546,Consumidor Final,Centro-Oeste,GO,Eletrônicos,Cadeira Gamer,Loja Física,1,"R$ 306,99",5%,"R$ 306,99","R$ 14,69","R$ 292,30","R$ 181,28","R$ 111,02","37,98",,,,,,,
1424,2024-07-26 00:00:00,2024,Julho,26,1769,Corporativo,Nordeste,CE,Eletrônicos,Mouse Gamer,Loja Física,15,"R$ 2.512,57",9%,"R$ 37.688,57","R$ 3.530,57","R$ 34.158,00","R$ 25.311,36","R$ 8.846,64","25,90",,,,,,,
1425,2024-07-26 00:00:00,2024,Julho,26,1158,Pequenas Empresas,Nordeste,PE,Eletrônicos,Headset Gamer,E-commerce,14,"R$ 904,32",11%,"R$ 12.660,45","R$ 1.390,95","R$ 11.269,50","R$ 8.168,75","R$ 3.100,75","27,51",,,,,,,
1426,2024-07-26 00:00:00,2024,Julho,26,1118,Pequenas Empresas,Sul,SC,Eletrônicos,Mouse Gamer,Loja Física,5,"R$ 958,38",1%,"R$ 4.791,89","R$ 48,75","R$ 4.743,14","R$ 2.740,15","R$ 2.002,98","42,23",,,,,,,
1427,2024-07-26 00:00:00,2024,Julho,26,1707,Consumidor Final,Sudeste,SP,Eletrônicos,Mouse Gamer,E-commerce,2,"R$ 326,31",2%,"R$ 652,62","R$ 11,12","R$ 641,50","R$ 338,87","R$ 302,62","47,17",,,,,,,
1428,2024-07-27 00:00:00,2024,Julho,27,1994,Pequenas Empresas,Sudeste,MG,Móveis,Mesa Gamer,E-commerce,16,"R$ 553,47",5%,"R$ 8.855,50","R$ 413,73","R$ 8.441,78","R$ 4.527,64","R$ 3.914,13","46,37",,,,,,,
1429,2024-07-27 00:00:00,2024,Julho,27,1628,Consumidor Final,Nordeste,CE,Eletrônicos,Teclado Mecânico,Loja Física,2,"R$ 231,02",3%,"R$ 462,04","R$ 15,13","R$ 446,90","R$ 317,64","R$ 129,26","28,92",,,,,,,
1430,2024-07-27 00:00:00,2024,Julho,27,1802,Corporativo,Sudeste,SP,Eletrônicos,Headset Gamer,E-commerce,34,"R$ 2.784,95",7%,"R$ 94.688,33","R$ 6.832,52","R$ 87.855,81","R$ 46.430,01","R$ 41.425,80","47,15",,,,,,,
1431,2024-07-27 00:00:00,2024,Julho,27,1986,Corporativo,Centro-Oeste,GO,Eletrônicos,Monitor Ultrawide,Loja Física,17,"R$ 1.840,47",11%,"R$ 31.287,99","R$ 3.398,25","R$ 27.889,74","R$ 17.900,39","R$ 9.989,36","35,82",,,,,,,
1432,2024-07-27 00:00:00,2024,Julho,27,1202,Corporativo,Nordeste,PE,Eletrônicos,Monitor Ultrawide,E-commerce,39,"R$ 3.373,47",3%,"R$ 131.565,14","R$ 3.365,07","R$ 128.200,06","R$ 91.205,37","R$ 36.994,69","28,86",,,,,,,
1433,2024-07-28 00:00:00,2024,Julho,28,1946,Pequenas Empresas,Sul,RS,Eletrônicos,Webcam 4K,Loja Física,2,"R$ 563,02",9%,"R$ 1.126,04","R$ 103,28","R$ 1.022,76","R$ 602,27","R$ 420,49","41,11",,,,,,,
1434,2024-07-29 00:00:00,2024,Julho,29,1757,Corporativo,Sudeste,MG,Eletrônicos,Mouse Gamer,E-commerce,41,"R$ 3.489,89",4%,"R$ 143.085,48","R$ 5.407,62","R$ 137.677,86","R$ 76.245,08","R$ 61.432,77","44,62",,,,,,,
1435,2024-07-30 00:00:00,2024,Julho,30,1956,Pequenas Empresas,Sul,RS,Eletrônicos,Microfone Condensador,E-commerce,9,"R$ 412,21",3%,"R$ 3.709,91","R$ 126,93","R$ 3.582,98","R$ 2.196,66","R$ 1.386,31","38,69",,,,,,,
1436,2024-07-31 00:00:00,2024,Julho,31,1419,Corporativo,Sudeste,RJ,Móveis,Mesa Gamer,Loja Física,17,"R$ 3.287,98",9%,"R$ 55.895,60","R$ 4.993,62","R$ 50.901,98","R$ 27.455,18","R$ 23.446,79","46,06",,,,,,,
1437,2024-07-31 00:00:00,2024,Julho,31,1025,Pequenas Empresas,Nordeste,PE,Eletrônicos,Microfone Condensador,Loja Física,3,"R$ 922,93",12%,"R$ 2.768,78","R$ 318,92","R$ 2.449,86","R$ 1.836,95","R$ 612,91","25,02",,,,,,,
1438,2024-07-31 00:00:00,2024,Julho,31,1759,Consumidor Final,Sul,PR,Móveis,Mesa Gamer,E-commerce,1,"R$ 275,85",4%,"R$ 275,85","R$ 12,36","R$ 263,49","R$ 165,44","R$ 98,05","37,21",,,,,,,
1439,2024-08-02 00:00:00,2024,Agosto,2,1509,Pequenas Empresas,Sudeste,RJ,Eletrônicos,Monitor Ultrawide,E-commerce,10,"R$ 414,43",11%,"R$ 4.144,30","R$ 467,34","R$ 3.676,96","R$ 2.113,57","R$ 1.563,39","42,52",,,,,,,
1440,2024-08-02 00:00:00,2024,Agosto,2,1357,Corporativo,Sudeste,SP,Eletrônicos,Webcam 4K,E-commerce,47,"R$ 2.277,90",11%,"R$ 107.061,24","R$ 12.124,00","R$ 94.937,24","R$ 54.005,06","R$ 40.932,18","43,11",,,,,,,
1441,2024-08-02 00:00:00,2024,Agosto,2,1880,Pequenas Empresas,Sudeste,MG,Eletrônicos,Webcam 4K,E-commerce,12,"R$ 741,24",3%,"R$ 8.894,84","R$ 225,24","R$ 8.669,60","R$ 5.016,78","R$ 3.652,82","42,13",,,,,,,
1442,2024-08-02 00:00:00,2024,Agosto,2,1083,Corporativo,Centro-Oeste,GO,Eletrônicos,Webcam 4K,E-commerce,45,"R$ 2.600,06",11%,"R$ 117.002,82","R$ 13.100,66","R$ 103.902,17","R$ 66.507,03","R$ 37.395,14","35,99",,,,,,,
1443,2024-08-03 00:00:00,2024,Agosto,3,1353,Pequenas Empresas,Nordeste,PE,Eletrônicos,Headset Gamer,Loja Física,7,"R$ 400,33",8%,"R$ 2.802,30","R$ 211,80","R$ 2.590,50","R$ 1.800,51","R$ 789,99","30,50",,,,,,,
1444,2024-08-03 00:00:00,2024,Agosto,3,1695,Consumidor Final,Centro-Oeste,GO,Eletrônicos,Teclado Mecânico,E-commerce,1,"R$ 415,22",6%,"R$ 415,22","R$ 24,80","R$ 390,42","R$ 245,41","R$ 145,01","37,14",,,,,,,
1445,2024-08-04 00:00:00,2024,Agosto,4,1619,Pequenas Empresas,Nordeste,BA,Eletrônicos,Headset Gamer,E-commerce,9,"R$ 601,76",12%,"R$ 5.415,86","R$ 623,64","R$ 4.792,22","R$ 3.328,68","R$ 1.463,53","30,54",,,,,,,
1446,2024-08-04 00:00:00,2024,Agosto,4,1942,Corporativo,Nordeste,BA,Eletrônicos,Cadeira Gamer,Loja Física,11,"R$ 1.574,39",6%,"R$ 17.318,24","R$ 1.104,99","R$ 16.213,25","R$ 11.387,69","R$ 4.825,56","29,76",,,,,,,
1447,2024-08-04 00:00:00,2024,Agosto,4,1603,Consumidor Final,Sul,RS,Eletrônicos,Cadeira Gamer,E-commerce,4,"R$ 311,23",1%,"R$ 1.244,90","R$ 15,53","R$ 1.229,37","R$ 741,74","R$ 487,63","39,66",,,,,,,
1448,2024-08-04 00:00:00,2024,Agosto,4,1100,Corporativo,Sudeste,SP,Eletrônicos,Microfone Condensador,Loja Física,15,"R$ 3.427,87",2%,"R$ 51.418,03","R$ 1.050,98","R$ 50.367,06","R$ 28.034,25","R$ 22.332,80","44,34",,,,,,,
1449,2024-08-04 00:00:00,2024,Agosto,4,1195,Consumidor Final,Sul,SC,Eletrônicos,Teclado Mecânico,Loja Física,1,"R$ 312,40",5%,"R$ 312,40","R$ 14,25","R$ 298,15","R$ 185,39","R$ 112,75","37,82",,,,,,,
1450,2024-08-05 00:00:00,2024,Agosto,5,1816,Corporativo,Sudeste,RJ,Eletrônicos,Monitor Ultrawide,Loja Física,11,"R$ 3.219,66",7%,"R$ 35.416,31","R$ 2.636,52","R$ 32.779,79","R$ 17.686,29","R$ 15.093,51","46,05",,,,,,,
1451,2024-08-05 00:00:00,2024,Agosto,5,1374,Pequenas Empresas,Centro-Oeste,GO,Eletrônicos,Teclado Mecânico,E-commerce,10,"R$ 875,87",5%,"R$ 8.758,66","R$ 410,66","R$ 8.348,00","R$ 5.268,00","R$ 3.080,01","36,90",,,,,,2.0,Fevereiro
1452,2024-08-05 00:00:00,2024,Agosto,5,1489,Consumidor Final,Sudeste,SP,Móveis,Mesa Gamer,E-commerce,5,"R$ 266,44",2%,"R$ 1.332,18","R$ 27,34","R$ 1.304,84","R$ 685,20","R$ 619,63","47,49",,,,,,,
1453,2024-08-05 00:00:00,2024,Agosto,5,1796,Consumidor Final,Centro-Oeste,GO,Eletrônicos,Cadeira Gamer,E-commerce,2,"R$ 169,77",3%,"R$ 339,54","R$ 9,63","R$ 329,90","R$ 204,68","R$ 125,22","37,96",,,,,,,
1454,2024-08-06 00:00:00,2024,Agosto,6,1775,Corporativo,Sudeste,RJ,Eletrônicos,Mouse Gamer,E-commerce,33,"R$ 2.565,52",9%,"R$ 84.662,27","R$ 8.036,44","R$ 76.625,83","R$ 40.635,23","R$ 35.990,60","46,97",,,,,,,
1455,2024-08-07 00:00:00,2024,Agosto,7,1549,Pequenas Empresas,Nordeste,CE,Eletrônicos,Mouse Gamer,E-commerce,5,"R$ 924,92",11%,"R$ 4.624,58","R$ 494,85","R$ 4.129,74","R$ 2.977,06","R$ 1.152,68","27,91",,,,,,,
1456,2024-08-07 00:00:00,2024,Agosto,7,1539,Pequenas Empresas,Nordeste,CE,Eletrônicos,Monitor Ultrawide,E-commerce,7,"R$ 790,26",4%,"R$ 5.531,81","R$ 246,74","R$ 5.285,07","R$ 3.899,72","R$ 1.385,35","26,21",,,,,,,
1457,2024-08-07 00:00:00,2024,Agosto,7,1987,Corporativo,Sul,RS,Móveis,Mesa Gamer,E-commerce,35,"R$ 2.091,86",4%,"R$ 73.215,03","R$ 3.042,48","R$ 70.172,55","R$ 43.077,89","R$ 27.094,66","38,61",,,,,,,
1458,2024-08-07 00:00:00,2024,Agosto,7,1082,Pequenas Empresas,Nordeste,CE,Eletrônicos,Microfone Condensador,E-commerce,13,"R$ 614,41",5%,"R$ 7.987,32","R$ 368,76","R$ 7.618,56","R$ 5.412,53","R$ 2.206,03","28,96",,,,,,,
1459,2024-08-08 00:00:00,2024,Agosto,8,1785,Consumidor Final,Nordeste,PE,Eletrônicos,Headset Gamer,E-commerce,2,"R$ 197,59",4%,"R$ 395,18","R$ 17,54","R$ 377,64","R$ 280,83","R$ 96,81","25,64",,,,,,,
1460,2024-08-09 00:00:00,2024,Agosto,9,1617,Corporativo,Nordeste,PE,Móveis,Mesa Gamer,Loja Física,16,"R$ 2.281,75",11%,"R$ 36.507,92","R$ 3.873,25","R$ 32.634,68","R$ 22.982,39","R$ 9.652,29","29,58",,,,,,,
1461,2024-08-09 00:00:00,2024,Agosto,9,1819,Pequenas Empresas,Nordeste,BA,Eletrônicos,Mouse Gamer,E-commerce,9,"R$ 1.077,88",1%,"R$ 9.700,96","R$ 107,19","R$ 9.593,77","R$ 6.963,41","R$ 2.630,36","27,42",,,,,,,
1462,2024-08-09 00:00:00,2024,Agosto,9,1637,Consumidor Final,Nordeste,CE,Eletrônicos,Mouse Gamer,Loja Física,2,"R$ 152,60",11%,"R$ 305,20","R$ 34,19","R$ 271,01","R$ 202,18","R$ 68,83","25,40",,,,,,,
1463,2024-08-09 00:00:00,2024,Agosto,9,1684,Pequenas Empresas,Sul,SC,Eletrônicos,Microfone Condensador,Loja Física,2,"R$ 924,31",6%,"R$ 1.848,61","R$ 103,56","R$ 1.745,05","R$ 1.024,61","R$ 720,44","41,28",,,,,,,
1464,2024-08-11 00:00:00,2024,Agosto,11,1550,Pequenas Empresas,Nordeste,CE,Eletrônicos,Cadeira Gamer,E-commerce,8,"R$ 1.103,52",6%,"R$ 8.828,14","R$ 561,90","R$ 8.266,24","R$ 5.886,90","R$ 2.379,34","28,78",,,,,,,
1465,2024-08-11 00:00:00,2024,Agosto,11,1372,Pequenas Empresas,Sul,PR,Móveis,Mesa Gamer,E-commerce,5,"R$ 523,85",5%,"R$ 2.619,26","R$ 132,69","R$ 2.486,57","R$ 1.517,41","R$ 969,16","38,98",,,,,,,
1466,2024-08-11 00:00:00,2024,Agosto,11,1597,Pequenas Empresas,Nordeste,BA,Móveis,Mesa Gamer,E-commerce,7,"R$ 484,87",4%,"R$ 3.394,12","R$ 120,95","R$ 3.273,16","R$ 2.268,23","R$ 1.004,94","30,70",,,,,,,
1467,2024-08-12 00:00:00,2024,Agosto,12,1682,Consumidor Final,Nordeste,PE,Eletrônicos,Mouse Gamer,Loja Física,2,"R$ 303,44",8%,"R$ 606,89","R$ 49,06","R$ 557,83","R$ 414,95","R$ 142,88","25,61",,,,,,,
1468,2024-08-12 00:00:00,2024,Agosto,12,1303,Corporativo,Sudeste,RJ,Eletrônicos,Headset Gamer,E-commerce,24,"R$ 3.151,36",1%,"R$ 75.632,66","R$ 926,06","R$ 74.706,60","R$ 40.620,27","R$ 34.086,33","45,63",,,,,,,
1469,2024-08-12 00:00:00,2024,Agosto,12,1263,Corporativo,Sul,SC,Eletrônicos,Monitor Ultrawide,E-commerce,25,"R$ 2.190,14",6%,"R$ 54.753,38","R$ 3.361,67","R$ 51.391,71","R$ 31.636,48","R$ 19.755,24","38,44",,,,,,,
1470,2024-08-12 00:00:00,2024,Agosto,12,1874,Pequenas Empresas,Sudeste,RJ,Eletrônicos,Webcam 4K,Loja Física,7,"R$ 727,40",4%,"R$ 5.091,80","R$ 212,89","R$ 4.878,90","R$ 2.592,95","R$ 2.285,95","46,85",,,,,,,
1471,2024-08-12 00:00:00,2024,Agosto,12,1150,Consumidor Final,Sul,PR,Eletrônicos,Monitor Ultrawide,Loja Física,1,"R$ 301,46",11%,"R$ 301,46","R$ 32,43","R$ 269,03","R$ 163,71","R$ 105,32","39,15",,,,,,,
1472,2024-08-13 00:00:00,2024,Agosto,13,1153,Pequenas Empresas,Sul,RS,Móveis,Mesa Gamer,Loja Física,5,"R$ 837,30",7%,"R$ 4.186,50","R$ 296,76","R$ 3.889,75","R$ 2.334,69","R$ 1.555,06","39,98",,,,,,,
1473,2024-08-14 00:00:00,2024,Agosto,14,1340,Corporativo,Nordeste,BA,Eletrônicos,Monitor Ultrawide,E-commerce,39,"R$ 1.409,62",9%,"R$ 54.975,02","R$ 4.895,33","R$ 50.079,69","R$ 36.917,54","R$ 13.162,15","26,28",,,,,,,
1474,2024-08-14 00:00:00,2024,Agosto,14,1202,Corporativo,Nordeste,BA,Eletrônicos,Mouse Gamer,E-commerce,32,"R$ 2.348,96",2%,"R$ 75.166,82","R$ 1.678,54","R$ 73.488,28","R$ 53.172,74","R$ 20.315,54","27,64",,,,,,,
1475,2024-08-15 00:00:00,2024,Agosto,15,1934,Pequenas Empresas,Sudeste,SP,Eletrônicos,Mouse Gamer,E-commerce,10,"R$ 562,83",3%,"R$ 5.628,28","R$ 152,71","R$ 5.475,57","R$ 2.886,58","R$ 2.588,99","47,28",,,,,,,
1476,2024-08-15 00:00:00,2024,Agosto,15,1825,Pequenas Empresas,Sul,RS,Eletrônicos,Microfone Condensador,Loja Física,6,"R$ 406,56",11%,"R$ 2.439,35","R$ 265,57","R$ 2.173,78","R$ 1.248,04","R$ 925,74","42,59",,,,,,,
1477,2024-08-16 00:00:00,2024,Agosto,16,1907,Pequenas Empresas,Nordeste,CE,Móveis,Mesa Gamer,Loja Física,5,"R$ 965,62",3%,"R$ 4.828,12","R$ 142,54","R$ 4.685,58","R$ 3.443,28","R$ 1.242,30","26,51",,,,,,,
1478,2024-08-16 00:00:00,2024,Agosto,16,1500,Corporativo,Sudeste,SP,Eletrônicos,Microfone Condensador,E-commerce,35,"R$ 2.378,61",7%,"R$ 83.251,40","R$ 5.831,70","R$ 77.419,70","R$ 44.744,28","R$ 32.675,42","42,21",,,,,,,
1479,2024-08-16 00:00:00,2024,Agosto,16,1786,Corporativo,Sul,PR,Móveis,Mesa Gamer,Loja Física,13,"R$ 2.566,06",3%,"R$ 33.358,82","R$ 878,14","R$ 32.480,68","R$ 19.685,55","R$ 12.795,13","39,39",,,,,,,
1480,2024-08-16 00:00:00,2024,Agosto,16,1042,Corporativo,Sudeste,SP,Eletrônicos,Webcam 4K,E-commerce,42,"R$ 3.058,76",3%,"R$ 128.467,97","R$ 3.774,57","R$ 124.693,40","R$ 67.786,70","R$ 56.906,70","45,64",,,,,,,
1481,2024-08-18 00:00:00,2024,Agosto,18,1812,Consumidor Final,Centro-Oeste,GO,Eletrônicos,Webcam 4K,E-commerce,4,"R$ 244,70",2%,"R$ 978,78","R$ 19,15","R$ 959,64","R$ 639,72","R$ 319,92","33,34",,,,,,,
1482,2024-08-18 00:00:00,2024,Agosto,18,1911,Pequenas Empresas,Sul,RS,Eletrônicos,Cadeira Gamer,Loja Física,4,"R$ 419,58",10%,"R$ 1.678,34","R$ 162,76","R$ 1.515,58","R$ 953,73","R$ 561,85","37,07",,,,,,,
1483,2024-08-19 00:00:00,2024,Agosto,19,1839,Corporativo,Sul,SC,Móveis,Mesa Gamer,Loja Física,19,"R$ 2.065,26",2%,"R$ 39.240,00","R$ 665,03","R$ 38.574,98","R$ 22.187,91","R$ 16.387,06","42,48",,,,,,,
1484,2024-08-19 00:00:00,2024,Agosto,19,1671,Consumidor Final,Sudeste,RJ,Eletrônicos,Headset Gamer,Loja Física,1,"R$ 428,37",10%,"R$ 428,37","R$ 43,32","R$ 385,05","R$ 215,87","R$ 169,18","43,94",,,,,,,
1485,2024-08-19 00:00:00,2024,Agosto,19,1545,Consumidor Final,Nordeste,BA,Eletrônicos,Monitor Ultrawide,E-commerce,2,"R$ 374,46",11%,"R$ 748,92","R$ 82,12","R$ 666,80","R$ 465,55","R$ 201,25","30,18",,,,,,,
1486,2024-08-20 00:00:00,2024,Agosto,20,1958,Corporativo,Sudeste,SP,Móveis,Mesa Gamer,E-commerce,36,"R$ 2.864,24",10%,"R$ 103.112,48","R$ 10.172,74","R$ 92.939,74","R$ 52.290,70","R$ 40.649,04","43,74",,,,,,,
1487,2024-08-20 00:00:00,2024,Agosto,20,1657,Corporativo,Centro-Oeste,GO,Eletrônicos,Teclado Mecânico,E-commerce,22,"R$ 3.244,97",10%,"R$ 71.389,44","R$ 7.351,31","R$ 64.038,13","R$ 41.527,06","R$ 22.511,06","35,15",,,,,,,
1488,2024-08-21 00:00:00,2024,Agosto,21,1645,Consumidor Final,Centro-Oeste,GO,Eletrônicos,Cadeira Gamer,E-commerce,1,"R$ 420,20",10%,"R$ 420,20","R$ 42,27","R$ 377,93","R$ 241,51","R$ 136,42","36,10",,,,,,,
1489,2024-08-22 00:00:00,2024,Agosto,22,1464,Pequenas Empresas,Nordeste,BA,Eletrônicos,Teclado Mecânico,Loja Física,5,"R$ 710,82",11%,"R$ 3.554,12","R$ 374,00","R$ 3.180,12","R$ 2.246,87","R$ 933,26","29,35",,,,,,,
1490,2024-08-22 00:00:00,2024,Agosto,22,1375,Consumidor Final,Centro-Oeste,GO,Eletrônicos,Mouse Gamer,E-commerce,3,"R$ 235,23",3%,"R$ 705,69","R$ 20,73","R$ 684,97","R$ 435,23","R$ 249,74","36,46",,,,,,,
1491,2024-08-23 00:00:00,2024,Agosto,23,1989,Consumidor Final,Nordeste,BA,Eletrônicos,Webcam 4K,Loja Física,1,"R$ 444,62",5%,"R$ 444,62","R$ 23,57","R$ 421,05","R$ 313,77","R$ 107,28","25,48",,,,,,,
1492,2024-08-24 00:00:00,2024,Agosto,24,1371,Consumidor Final,Sudeste,SP,Eletrônicos,Monitor Ultrawide,Loja Física,1,"R$ 236,27",3%,"R$ 236,27","R$ 6,53","R$ 229,74","R$ 129,36","R$ 100,38","43,69",,,,,,,
1493,2024-08-24 00:00:00,2024,Agosto,24,1874,Pequenas Empresas,Sudeste,MG,Móveis,Mesa Gamer,E-commerce,11,"R$ 813,24",7%,"R$ 8.945,61","R$ 586,13","R$ 8.359,48","R$ 4.773,49","R$ 3.585,99","42,90",,,,,,,
1494,2024-08-25 00:00:00,2024,Agosto,25,1399,Consumidor Final,Sul,PR,Eletrônicos,Teclado Mecânico,E-commerce,4,"R$ 429,47",9%,"R$ 1.717,88","R$ 150,94","R$ 1.566,93","R$ 916,85","R$ 650,08","41,49",,,,,,,
1495,2024-08-25 00:00:00,2024,Agosto,25,1891,Pequenas Empresas,Centro-Oeste,GO,Eletrônicos,Monitor Ultrawide,Loja Física,2,"R$ 538,86",12%,"R$ 1.077,72","R$ 124,33","R$ 953,39","R$ 599,42","R$ 353,97","37,13",,,,,,,
1496,2024-08-25 00:00:00,2024,Agosto,25,1727,Consumidor Final,Centro-Oeste,GO,Eletrônicos,Mouse Gamer,Loja Física,2,"R$ 212,97",6%,"R$ 425,94","R$ 27,31","R$ 398,63","R$ 270,60","R$ 128,03","32,12",,,,,,,
1497,2024-08-25 00:00:00,2024,Agosto,25,1550,Pequenas Empresas,Centro-Oeste,GO,Eletrônicos,Webcam 4K,E-commerce,11,"R$ 602,57",4%,"R$ 6.628,23","R$ 247,78","R$ 6.380,45","R$ 4.112,69","R$ 2.267,76","35,54",,,,,,,
1498,2024-08-26 00:00:00,2024,Agosto,26,1222,Consumidor Final,Sudeste,RJ,Eletrônicos,Headset Gamer,E-commerce,1,"R$ 188,15",5%,"R$ 188,15","R$ 10,13","R$ 178,02","R$ 101,44","R$ 76,59","43,02",,,,,,,
1499,2024-08-26 00:00:00,2024,Agosto,26,1597,Consumidor Final,Centro-Oeste,GO,Eletrônicos,Cadeira Gamer,E-commerce,4,"R$ 297,13",1%,"R$ 1.188,54","R$ 16,73","R$ 1.171,81","R$ 759,20","R$ 412,61","35,21",,,,,,,
1500,2024-08-27 00:00:00,2024,Agosto,27,1182,Consumidor Final,Nordeste,PE,Eletrônicos,Monitor Ultrawide,Loja Física,1,"R$ 183,32",4%,"R$ 183,32","R$ 7,45","R$ 175,87","R$ 123,76","R$ 52,11","29,63",,,,,,,
1501,2024-08-27 00:00:00,2024,Agosto,27,1567,Pequenas Empresas,Nordeste,CE,Eletrônicos,Monitor Ultrawide,Loja Física,6,"R$ 1.086,31",4%,"R$ 6.517,87","R$ 286,62","R$ 6.231,25","R$ 4.427,11","R$ 1.804,14","28,95",,,,,,,
1502,2024-08-28 00:00:00,2024,Agosto,28,1944,Pequenas Empresas,Sudeste,SP,Eletrônicos,Headset Gamer,E-commerce,12,"R$ 493,64",3%,"R$ 5.923,63","R$ 179,73","R$ 5.743,90","R$ 3.292,32","R$ 2.451,58","42,68",,,,,,,
1503,2024-08-30 00:00:00,2024,Agosto,30,1622,Corporativo,Nordeste,CE,Eletrônicos,Monitor Ultrawide,Loja Física,18,"R$ 1.332,91",3%,"R$ 23.992,43","R$ 611,13","R$ 23.381,30","R$ 16.530,63","R$ 6.850,67","29,30",,,,,,,
1504,2024-08-30 00:00:00,2024,Agosto,30,1815,Pequenas Empresas,Nordeste,CE,Eletrônicos,Mouse Gamer,Loja Física,3,"R$ 800,27",6%,"R$ 2.400,80","R$ 151,72","R$ 2.249,08","R$ 1.665,51","R$ 583,57","25,95",,,,,,,
1505,2024-08-31 00:00:00,2024,Agosto,31,1241,Consumidor Final,Sudeste,RJ,Eletrônicos,Mouse Gamer,E-commerce,3,"R$ 294,24",12%,"R$ 882,71","R$ 105,15","R$ 777,56","R$ 418,95","R$ 358,61","46,12",,,,,,,
1506,2024-09-01 00:00:00,2024,Setembro,1,1206,Consumidor Final,Sul,PR,Eletrônicos,Headset Gamer,E-commerce,3,"R$ 215,64",7%,"R$ 646,91","R$ 43,61","R$ 603,30","R$ 374,46","R$ 228,85","37,93",,,,,,,
1507,2024-09-01 00:00:00,2024,Setembro,1,1780,Consumidor Final,Sul,PR,Eletrônicos,Cadeira Gamer,Loja Física,2,"R$ 270,59",10%,"R$ 541,17","R$ 55,76","R$ 485,41","R$ 295,73","R$ 189,69","39,08",,,,,,,
1508,2024-09-04 00:00:00,2024,Setembro,4,1610,Pequenas Empresas,Centro-Oeste,GO,Móveis,Mesa Gamer,E-commerce,11,"R$ 469,16",9%,"R$ 5.160,72","R$ 482,72","R$ 4.678,00","R$ 3.092,90","R$ 1.585,11","33,88",,,,,,,
1509,2024-09-05 00:00:00,2024,Setembro,5,1618,Consumidor Final,Sul,RS,Eletrônicos,Teclado Mecânico,E-commerce,4,"R$ 175,16",12%,"R$ 700,65","R$ 83,52","R$ 617,13","R$ 384,08","R$ 233,05","37,76",,,,,,,
1510,2024-09-05 00:00:00,2024,Setembro,5,1799,Consumidor Final,Nordeste,BA,Móveis,Mesa Gamer,Loja Física,1,"R$ 191,02",6%,"R$ 191,02","R$ 10,67","R$ 180,35","R$ 131,09","R$ 49,26","27,31",,,,,,,
1511,2024-09-05 00:00:00,2024,Setembro,5,1436,Pequenas Empresas,Nordeste,CE,Eletrônicos,Monitor Ultrawide,Loja Física,3,"R$ 866,74",2%,"R$ 2.600,21","R$ 43,61","R$ 2.556,60","R$ 1.816,91","R$ 739,69","28,93",,,,,,,
1512,2024-09-05 00:00:00,2024,Setembro,5,1750,Consumidor Final,Centro-Oeste,GO,Eletrônicos,Teclado Mecânico,Loja Física,1,"R$ 433,07",1%,"R$ 433,07","R$ 6,33","R$ 426,74","R$ 277,30","R$ 149,44","35,02",,,,,,,
1513,2024-09-06 00:00:00,2024,Setembro,6,1962,Consumidor Final,Sul,RS,Eletrônicos,Microfone Condensador,Loja Física,1,"R$ 385,00",5%,"R$ 385,00","R$ 18,77","R$ 366,23","R$ 224,16","R$ 142,07","38,79",,,,,,,
1514,2024-09-06 00:00:00,2024,Setembro,6,1675,Corporativo,Sul,RS,Eletrônicos,Headset Gamer,E-commerce,20,"R$ 1.243,80",9%,"R$ 24.876,00","R$ 2.253,02","R$ 22.622,98","R$ 12.985,89","R$ 9.637,09","42,60",,,,,,,
1515,2024-09-06 00:00:00,2024,Setembro,6,1750,Pequenas Empresas,Sudeste,SP,Eletrônicos,Headset Gamer,E-commerce,6,"R$ 922,09",2%,"R$ 5.532,54","R$ 92,63","R$ 5.439,91","R$ 2.983,60","R$ 2.456,31","45,15",,,,,,,
1516,2024-09-06 00:00:00,2024,Setembro,6,1155,Pequenas Empresas,Sul,SC,Eletrônicos,Cadeira Gamer,Loja Física,2,"R$ 951,86",6%,"R$ 1.903,71","R$ 119,94","R$ 1.783,78","R$ 1.110,47","R$ 673,31","37,75",,,,,,,
1517,2024-09-07 00:00:00,2024,Setembro,7,1782,Pequenas Empresas,Sul,RS,Eletrônicos,Teclado Mecânico,Loja Física,3,"R$ 886,37",2%,"R$ 2.659,10","R$ 57,23","R$ 2.601,86","R$ 1.568,26","R$ 1.033,60","39,73",,,,,,,
1518,2024-09-07 00:00:00,2024,Setembro,7,1367,Consumidor Final,Nordeste,PE,Eletrônicos,Mouse Gamer,E-commerce,2,"R$ 408,30",8%,"R$ 816,61","R$ 63,47","R$ 753,14","R$ 564,28","R$ 188,86","25,08",,,,,,,
1519,2024-09-07 00:00:00,2024,Setembro,7,1700,Corporativo,Centro-Oeste,GO,Eletrônicos,Teclado Mecânico,E-commerce,31,"R$ 2.500,78",8%,"R$ 77.524,25","R$ 6.310,39","R$ 71.213,86","R$ 46.928,92","R$ 24.284,94","34,10",,,,,,,
1520,2024-09-07 00:00:00,2024,Setembro,7,1532,Consumidor Final,Sudeste,RJ,Eletrônicos,Monitor Ultrawide,E-commerce,1,"R$ 217,28",2%,"R$ 217,28","R$ 4,53","R$ 212,75","R$ 111,69","R$ 101,06","47,50",,,,,,,
1521,2024-09-08 00:00:00,2024,Setembro,8,1159,Consumidor Final,Nordeste,CE,Eletrônicos,Mouse Gamer,E-commerce,4,"R$ 178,47",5%,"R$ 713,86","R$ 33,29","R$ 680,57","R$ 495,18","R$ 185,40","27,24",,,,,,,
1522,2024-09-08 00:00:00,2024,Setembro,8,1394,Consumidor Final,Nordeste,BA,Eletrônicos,Webcam 4K,E-commerce,1,"R$ 429,97",11%,"R$ 429,97","R$ 48,68","R$ 381,29","R$ 265,05","R$ 116,24","30,48",,,,,,,
1523,2024-09-08 00:00:00,2024,Setembro,8,1855,Consumidor Final,Sudeste,RJ,Eletrônicos,Webcam 4K,Loja Física,1,"R$ 152,18",2%,"R$ 152,18","R$ 2,54","R$ 149,64","R$ 82,94","R$ 66,70","44,57",,,,,,,
1524,2024-09-09 00:00:00,2024,Setembro,9,1788,Corporativo,Sul,RS,Eletrônicos,Microfone Condensador,Loja Física,10,"R$ 2.109,60",3%,"R$ 21.096,04","R$ 616,25","R$ 20.479,79","R$ 11.859,29","R$ 8.620,51","42,09",,,,,,,
1525,2024-09-10 00:00:00,2024,Setembro,10,1814,Corporativo,Sul,SC,Eletrônicos,Webcam 4K,E-commerce,28,"R$ 2.356,54",2%,"R$ 65.983,09","R$ 1.036,40","R$ 64.946,69","R$ 37.244,72","R$ 27.701,98","42,65",,,,,,,
1526,2024-09-10 00:00:00,2024,Setembro,10,1844,Corporativo,Nordeste,CE,Eletrônicos,Headset Gamer,E-commerce,35,"R$ 2.039,69",11%,"R$ 71.389,24","R$ 7.880,25","R$ 63.508,99","R$ 44.657,53","R$ 18.851,46","29,68",,,,,,,
1527,2024-09-12 00:00:00,2024,Setembro,12,1998,Corporativo,Sul,RS,Eletrônicos,Teclado Mecânico,Loja Física,22,"R$ 2.641,60",8%,"R$ 58.115,26","R$ 4.659,70","R$ 53.455,56","R$ 31.660,48","R$ 21.795,08","40,77",,,,,,,
1528,2024-09-12 00:00:00,2024,Setembro,12,1745,Pequenas Empresas,Sul,SC,Eletrônicos,Webcam 4K,Loja Física,3,"R$ 742,50",3%,"R$ 2.227,50","R$ 70,23","R$ 2.157,27","R$ 1.355,47","R$ 801,79","37,17",,,,,,,
1529,2024-09-12 00:00:00,2024,Setembro,12,1488,Consumidor Final,Sudeste,SP,Móveis,Mesa Gamer,Loja Física,1,"R$ 294,87",7%,"R$ 294,87","R$ 19,62","R$ 275,25","R$ 145,95","R$ 129,30","46,98",,,,,,,
1530,2024-09-13 00:00:00,2024,Setembro,13,1125,Corporativo,Centro-Oeste,GO,Eletrônicos,Cadeira Gamer,Loja Física,16,"R$ 2.412,26",1%,"R$ 38.596,21","R$ 548,16","R$ 38.048,06","R$ 24.468,21","R$ 13.579,84","35,69",,,,,,,
1531,2024-09-13 00:00:00,2024,Setembro,13,1456,Consumidor Final,Sudeste,SP,Móveis,Mesa Gamer,Loja Física,1,"R$ 366,45",1%,"R$ 366,45","R$ 3,90","R$ 362,54","R$ 197,39","R$ 165,16","45,55",,,,,,,
1532,2024-09-13 00:00:00,2024,Setembro,13,1019,Pequenas Empresas,Nordeste,BA,Eletrônicos,Webcam 4K,Loja Física,7,"R$ 1.184,04",5%,"R$ 8.288,29","R$ 441,84","R$ 7.846,45","R$ 5.777,77","R$ 2.068,68","26,36",,,,,,,
1533,2024-09-13 00:00:00,2024,Setembro,13,1708,Pequenas Empresas,Nordeste,CE,Eletrônicos,Microfone Condensador,E-commerce,12,"R$ 887,56",8%,"R$ 10.650,67","R$ 860,48","R$ 9.790,20","R$ 7.290,95","R$ 2.499,25","25,53",,,,,,,
1534,2024-09-13 00:00:00,2024,Setembro,13,1597,Pequenas Empresas,Sul,PR,Eletrônicos,Cadeira Gamer,Loja Física,3,"R$ 650,70",6%,"R$ 1.952,09","R$ 118,80","R$ 1.833,28","R$ 1.112,06","R$ 721,22","39,34",,,,,,,
1535,2024-09-13 00:00:00,2024,Setembro,13,1852,Pequenas Empresas,Nordeste,PE,Eletrônicos,Monitor Ultrawide,Loja Física,7,"R$ 1.048,10",4%,"R$ 7.336,70","R$ 288,17","R$ 7.048,54","R$ 5.195,42","R$ 1.853,11","26,29",,,,,,,
1536,2024-09-13 00:00:00,2024,Setembro,13,1707,Corporativo,Sul,SC,Móveis,Mesa Gamer,E-commerce,41,"R$ 1.765,23",7%,"R$ 72.374,25","R$ 5.317,01","R$ 67.057,24","R$ 41.141,45","R$ 25.915,79","38,65",,,,,,,
1537,2024-09-13 00:00:00,2024,Setembro,13,1117,Pequenas Empresas,Sul,RS,Eletrônicos,Microfone Condensador,E-commerce,8,"R$ 851,86",5%,"R$ 6.814,84","R$ 322,43","R$ 6.492,42","R$ 3.964,52","R$ 2.527,89","38,94",,,,,,,
1538,2024-09-13 00:00:00,2024,Setembro,13,1638,Pequenas Empresas,Nordeste,BA,Eletrônicos,Teclado Mecânico,E-commerce,12,"R$ 571,40",5%,"R$ 6.856,85","R$ 325,68","R$ 6.531,17","R$ 4.590,78","R$ 1.940,39","29,71",,,,,,,
1539,2024-09-13 00:00:00,2024,Setembro,13,1468,Corporativo,Sudeste,RJ,Eletrônicos,Teclado Mecânico,E-commerce,27,"R$ 2.705,50",11%,"R$ 73.048,56","R$ 8.396,96","R$ 64.651,60","R$ 34.491,01","R$ 30.160,60","46,65",,,,,,,
1540,2024-09-14 00:00:00,2024,Setembro,14,1518,Consumidor Final,Sul,SC,Móveis,Mesa Gamer,Loja Física,1,"R$ 370,88",7%,"R$ 370,88","R$ 27,02","R$ 343,87","R$ 215,26","R$ 128,61","37,40",,,,,,,
1541,2024-09-14 00:00:00,2024,Setembro,14,1675,Corporativo,Sul,RS,Eletrônicos,Webcam 4K,Loja Física,16,"R$ 1.832,45",2%,"R$ 29.319,23","R$ 550,06","R$ 28.769,18","R$ 17.383,02","R$ 11.386,15","39,58",,,,,,,
1542,2024-09-14 00:00:00,2024,Setembro,14,1660,Corporativo,Sul,RS,Eletrônicos,Microfone Condensador,E-commerce,23,"R$ 2.684,42",9%,"R$ 61.741,59","R$ 5.285,76","R$ 56.455,83","R$ 34.305,29","R$ 22.150,54","39,24",,,,,,,
1543,2024-09-14 00:00:00,2024,Setembro,14,1407,Corporativo,Centro-Oeste,GO,Eletrônicos,Teclado Mecânico,E-commerce,28,"R$ 2.692,00",8%,"R$ 75.375,96","R$ 6.039,05","R$ 69.336,91","R$ 44.846,72","R$ 24.490,19","35,32",,,,,,,
1544,2024-09-14 00:00:00,2024,Setembro,14,1066,Corporativo,Nordeste,CE,Eletrônicos,Monitor Ultrawide,Loja Física,15,"R$ 3.122,16",9%,"R$ 46.832,40","R$ 4.013,80","R$ 42.818,59","R$ 30.797,06","R$ 12.021,53","28,08",,,,,,,
1545,2024-09-14 00:00:00,2024,Setembro,14,1112,Consumidor Final,Sudeste,RJ,Eletrônicos,Mouse Gamer,E-commerce,1,"R$ 211,12",5%,"R$ 211,12","R$ 10,02","R$ 201,10","R$ 110,89","R$ 90,21","44,86",,,,,,,
1546,2024-09-15 00:00:00,2024,Setembro,15,1660,Corporativo,Sudeste,SP,Eletrônicos,Webcam 4K,E-commerce,33,"R$ 3.389,06",10%,"R$ 111.839,00","R$ 10.846,71","R$ 100.992,29","R$ 56.309,70","R$ 44.682,59","44,24",,,,,,,
1547,2024-09-15 00:00:00,2024,Setembro,15,1113,Pequenas Empresas,Sul,RS,Eletrônicos,Microfone Condensador,Loja Física,6,"R$ 432,98",4%,"R$ 2.597,89","R$ 97,65","R$ 2.500,24","R$ 1.471,69","R$ 1.028,56","41,14",,,,,,,
1548,2024-09-16 00:00:00,2024,Setembro,16,1961,Pequenas Empresas,Sul,PR,Eletrônicos,Monitor Ultrawide,E-commerce,15,"R$ 672,46",4%,"R$ 10.086,91","R$ 435,02","R$ 9.651,89","R$ 5.745,83","R$ 3.906,06","40,47",,,,,,,
1549,2024-09-16 00:00:00,2024,Setembro,16,1818,Corporativo,Sudeste,SP,Eletrônicos,Microfone Condensador,Loja Física,8,"R$ 1.859,32",5%,"R$ 14.874,55","R$ 749,16","R$ 14.125,39","R$ 8.121,62","R$ 6.003,77","42,50",,,,,,,
1550,2024-09-16 00:00:00,2024,Setembro,16,1112,Pequenas Empresas,Nordeste,BA,Eletrônicos,Cadeira Gamer,E-commerce,10,"R$ 472,09",9%,"R$ 4.720,91","R$ 447,32","R$ 4.273,59","R$ 3.047,03","R$ 1.226,56","28,70",,,,,,,
1551,2024-09-17 00:00:00,2024,Setembro,17,1864,Pequenas Empresas,Sudeste,SP,Eletrônicos,Monitor Ultrawide,Loja Física,4,"R$ 927,15",4%,"R$ 3.708,62","R$ 148,28","R$ 3.560,34","R$ 1.878,82","R$ 1.681,52","47,23",,,,,,,
1552,2024-09-17 00:00:00,2024,Setembro,17,1444,Pequenas Empresas,Nordeste,CE,Eletrônicos,Webcam 4K,E-commerce,10,"R$ 481,01",11%,"R$ 4.810,12","R$ 509,79","R$ 4.300,33","R$ 3.094,27","R$ 1.206,06","28,05",,,,,,,
1553,2024-09-18 00:00:00,2024,Setembro,18,1525,Pequenas Empresas,Sul,SC,Eletrônicos,Cadeira Gamer,Loja Física,7,"R$ 1.197,59",6%,"R$ 8.383,15","R$ 476,26","R$ 7.906,89","R$ 4.816,14","R$ 3.090,75","39,09",,,,,,,
1554,2024-09-18 00:00:00,2024,Setembro,18,1278,Corporativo,Sudeste,MG,Eletrônicos,Webcam 4K,E-commerce,33,"R$ 1.250,00",7%,"R$ 41.249,98","R$ 2.774,59","R$ 38.475,39","R$ 21.411,31","R$ 17.064,08","44,35",,,,,,,
1555,2024-09-18 00:00:00,2024,Setembro,18,1108,Consumidor Final,Nordeste,BA,Eletrônicos,Teclado Mecânico,Loja Física,1,"R$ 370,72",3%,"R$ 370,72","R$ 12,34","R$ 358,37","R$ 265,66","R$ 92,72","25,87",,,,,,,
1556,2024-09-19 00:00:00,2024,Setembro,19,1197,Pequenas Empresas,Centro-Oeste,GO,Eletrônicos,Mouse Gamer,Loja Física,6,"R$ 739,86",6%,"R$ 4.439,19","R$ 248,04","R$ 4.191,14","R$ 2.683,05","R$ 1.508,09","35,98",,,,,,,
1557,2024-09-19 00:00:00,2024,Setembro,19,1088,Consumidor Final,Nordeste,PE,Eletrônicos,Webcam 4K,E-commerce,1,"R$ 321,40",11%,"R$ 321,40","R$ 36,91","R$ 284,49","R$ 204,54","R$ 79,94","28,10",,,,,,,
1558,2024-09-20 00:00:00,2024,Setembro,20,1054,Consumidor Final,Sudeste,SP,Eletrônicos,Webcam 4K,Loja Física,2,"R$ 183,48",10%,"R$ 366,96","R$ 37,57","R$ 329,39","R$ 171,34","R$ 158,05","47,98",,,,,,,
1559,2024-09-20 00:00:00,2024,Setembro,20,1431,Corporativo,Nordeste,PE,Eletrônicos,Teclado Mecânico,Loja Física,19,"R$ 3.365,76",9%,"R$ 63.949,37","R$ 5.641,89","R$ 58.307,49","R$ 42.696,34","R$ 15.611,15","26,77",,,,,,,
1560,2024-09-20 00:00:00,2024,Setembro,20,1318,Consumidor Final,Sul,RS,Eletrônicos,Headset Gamer,E-commerce,4,"R$ 405,80",10%,"R$ 1.623,20","R$ 154,59","R$ 1.468,61","R$ 890,62","R$ 577,99","39,36",,,,,,,
1561,2024-09-20 00:00:00,2024,Setembro,20,1084,Corporativo,Nordeste,BA,Eletrônicos,Teclado Mecânico,E-commerce,27,"R$ 3.096,77",4%,"R$ 83.612,70","R$ 3.375,70","R$ 80.237,01","R$ 55.698,76","R$ 24.538,24","30,58",,,,,,,
1562,2024-09-20 00:00:00,2024,Setembro,20,1282,Pequenas Empresas,Nordeste,BA,Eletrônicos,Cadeira Gamer,E-commerce,7,"R$ 612,99",7%,"R$ 4.290,91","R$ 285,77","R$ 4.005,14","R$ 2.978,17","R$ 1.026,97","25,64",,,,,,,
1563,2024-09-20 00:00:00,2024,Setembro,20,1319,Corporativo,Sul,SC,Eletrônicos,Teclado Mecânico,E-commerce,29,"R$ 2.852,43",7%,"R$ 82.720,43","R$ 5.588,46","R$ 77.131,97","R$ 48.384,35","R$ 28.747,62","37,27",,,,,,,
1564,2024-09-21 00:00:00,2024,Setembro,21,1405,Corporativo,Sul,SC,Eletrônicos,Teclado Mecânico,E-commerce,42,"R$ 1.977,33",6%,"R$ 83.047,90","R$ 5.122,64","R$ 77.925,26","R$ 47.546,28","R$ 30.378,97","38,98",,,,,,,
1565,2024-09-21 00:00:00,2024,Setembro,21,1405,Pequenas Empresas,Sul,PR,Eletrônicos,Mouse Gamer,Loja Física,4,"R$ 986,90",8%,"R$ 3.947,59","R$ 310,88","R$ 3.636,71","R$ 2.104,78","R$ 1.531,93","42,12",,,,,,,
1566,2024-09-21 00:00:00,2024,Setembro,21,1267,Consumidor Final,Sudeste,RJ,Eletrônicos,Teclado Mecânico,Loja Física,2,"R$ 333,65",6%,"R$ 667,30","R$ 38,45","R$ 628,84","R$ 362,05","R$ 266,79","42,43",,,,,,,
1567,2024-09-21 00:00:00,2024,Setembro,21,1977,Corporativo,Sul,PR,Eletrônicos,Microfone Condensador,Loja Física,14,"R$ 2.380,41",11%,"R$ 33.325,68","R$ 3.530,25","R$ 29.795,44","R$ 18.254,59","R$ 11.540,85","38,73",,,,,,,
1568,2024-09-21 00:00:00,2024,Setembro,21,1373,Consumidor Final,Nordeste,BA,Eletrônicos,Webcam 4K,Loja Física,1,"R$ 305,90",9%,"R$ 305,90","R$ 29,02","R$ 276,88","R$ 198,98","R$ 77,90","28,14",,,,,,,
1569,2024-09-22 00:00:00,2024,Setembro,22,1892,Pequenas Empresas,Sul,SC,Eletrônicos,Microfone Condensador,Loja Física,3,"R$ 550,69",5%,"R$ 1.652,08","R$ 80,29","R$ 1.571,79","R$ 902,47","R$ 669,32","42,58",,,,,,,
1570,2024-09-22 00:00:00,2024,Setembro,22,1484,Pequenas Empresas,Nordeste,BA,Eletrônicos,Mouse Gamer,E-commerce,15,"R$ 578,12",9%,"R$ 8.671,79","R$ 771,05","R$ 7.900,74","R$ 5.478,39","R$ 2.422,35","30,66",,,,,,,
1571,2024-09-22 00:00:00,2024,Setembro,22,1059,Consumidor Final,Sudeste,SP,Móveis,Mesa Gamer,E-commerce,4,"R$ 221,67",1%,"R$ 886,69","R$ 12,95","R$ 873,74","R$ 474,06","R$ 399,68","45,74",,,,,,,
1572,2024-09-22 00:00:00,2024,Setembro,22,1542,Corporativo,Sudeste,RJ,Eletrônicos,Headset Gamer,Loja Física,17,"R$ 3.467,78",11%,"R$ 58.952,27","R$ 6.670,69","R$ 52.281,58","R$ 27.618,83","R$ 24.662,75","47,17",,,,,,,
1573,2024-09-22 00:00:00,2024,Setembro,22,1458,Consumidor Final,Sul,PR,Eletrônicos,Microfone Condensador,E-commerce,3,"R$ 278,43",11%,"R$ 835,30","R$ 89,23","R$ 746,07","R$ 427,01","R$ 319,06","42,77",,,,,,,
1574,2024-09-23 00:00:00,2024,Setembro,23,1842,Pequenas Empresas,Sudeste,SP,Eletrônicos,Mouse Gamer,Loja Física,5,"R$ 732,63",8%,"R$ 3.663,14","R$ 278,84","R$ 3.384,31","R$ 1.818,77","R$ 1.565,54","46,26",,,,,,,
1575,2024-09-23 00:00:00,2024,Setembro,23,1269,Corporativo,Nordeste,PE,Eletrônicos,Cadeira Gamer,E-commerce,49,"R$ 2.430,78",9%,"R$ 119.108,08","R$ 10.226,25","R$ 108.881,83","R$ 77.223,92","R$ 31.657,92","29,08",,,,,,,
1576,2024-09-23 00:00:00,2024,Setembro,23,1359,Pequenas Empresas,Nordeste,CE,Móveis,Mesa Gamer,Loja Física,4,"R$ 841,78",8%,"R$ 3.367,11","R$ 278,48","R$ 3.088,63","R$ 2.256,63","R$ 832,00","26,94",,,,,,,
1577,2024-09-24 00:00:00,2024,Setembro,24,1290,Consumidor Final,Sudeste,MG,Eletrônicos,Mouse Gamer,E-commerce,3,"R$ 431,63",7%,"R$ 1.294,88","R$ 89,00","R$ 1.205,88","R$ 656,29","R$ 549,59","45,58",,,,,,,
1578,2024-09-25 00:00:00,2024,Setembro,25,1658,Pequenas Empresas,Sul,RS,Eletrônicos,Mouse Gamer,Loja Física,4,"R$ 987,14",6%,"R$ 3.948,55","R$ 218,02","R$ 3.730,53","R$ 2.270,74","R$ 1.459,78","39,13",,,,,,,
1579,2024-09-25 00:00:00,2024,Setembro,25,1171,Corporativo,Sudeste,RJ,Eletrônicos,Headset Gamer,Loja Física,9,"R$ 2.451,61",7%,"R$ 22.064,53","R$ 1.539,70","R$ 20.524,83","R$ 11.292,16","R$ 9.232,67","44,98",,,,,,,
1580,2024-09-26 00:00:00,2024,Setembro,26,1922,Pequenas Empresas,Centro-Oeste,GO,Eletrônicos,Webcam 4K,E-commerce,5,"R$ 912,68",4%,"R$ 4.563,42","R$ 201,45","R$ 4.361,97","R$ 2.794,42","R$ 1.567,55","35,94",,,,,,,
1581,2024-09-27 00:00:00,2024,Setembro,27,1333,Consumidor Final,Nordeste,BA,Eletrônicos,Microfone Condensador,Loja Física,1,"R$ 347,85",5%,"R$ 347,85","R$ 18,85","R$ 328,99","R$ 228,80","R$ 100,19","30,45",,,,,,,
1582,2024-09-27 00:00:00,2024,Setembro,27,1627,Corporativo,Sudeste,SP,Eletrônicos,Cadeira Gamer,E-commerce,40,"R$ 2.047,69",12%,"R$ 81.907,75","R$ 9.468,64","R$ 72.439,10","R$ 38.448,67","R$ 33.990,43","46,92",,,,,,,
1583,2024-09-28 00:00:00,2024,Setembro,28,1013,Consumidor Final,Sudeste,MG,Eletrônicos,Monitor Ultrawide,E-commerce,5,"R$ 254,55",2%,"R$ 1.272,76","R$ 31,22","R$ 1.241,55","R$ 700,29","R$ 541,26","43,60",,,,,,,
1584,2024-09-28 00:00:00,2024,Setembro,28,1162,Consumidor Final,Centro-Oeste,GO,Eletrônicos,Microfone Condensador,Loja Física,1,"R$ 172,83",4%,"R$ 172,83","R$ 6,94","R$ 165,89","R$ 110,82","R$ 55,08","33,20",,,,,,,
1585,2024-09-29 00:00:00,2024,Setembro,29,1587,Pequenas Empresas,Sul,PR,Eletrônicos,Monitor Ultrawide,E-commerce,8,"R$ 1.147,72",1%,"R$ 9.181,77","R$ 100,47","R$ 9.081,30","R$ 5.695,17","R$ 3.386,13","37,29",,,,,,,
1586,2024-09-29 00:00:00,2024,Setembro,29,1304,Consumidor Final,Nordeste,CE,Eletrônicos,Mouse Gamer,E-commerce,1,"R$ 184,18",8%,"R$ 184,18","R$ 15,54","R$ 168,64","R$ 119,38","R$ 49,26","29,21",,,,,,,
1587,2024-09-29 00:00:00,2024,Setembro,29,1996,Pequenas Empresas,Sul,RS,Eletrônicos,Teclado Mecânico,Loja Física,4,"R$ 581,51",4%,"R$ 2.326,03","R$ 102,79","R$ 2.223,24","R$ 1.269,35","R$ 953,89","42,91",,,,,,,
1588,2024-09-30 00:00:00,2024,Setembro,30,1780,Pequenas Empresas,Sudeste,RJ,Eletrônicos,Cadeira Gamer,Loja Física,5,"R$ 412,51",11%,"R$ 2.062,57","R$ 232,50","R$ 1.830,07","R$ 972,52","R$ 857,55","46,86",,,,,,,
1589,2024-09-30 00:00:00,2024,Setembro,30,1756,Pequenas Empresas,Sul,SC,Móveis,Mesa Gamer,E-commerce,10,"R$ 1.062,76",7%,"R$ 10.627,56","R$ 734,95","R$ 9.892,61","R$ 6.141,50","R$ 3.751,10","37,92",,,,,,,
1590,2024-09-30 00:00:00,2024,Setembro,30,1578,Pequenas Empresas,Centro-Oeste,GO,Eletrônicos,Teclado Mecânico,E-commerce,7,"R$ 1.156,50",6%,"R$ 8.095,53","R$ 475,39","R$ 7.620,13","R$ 4.907,69","R$ 2.712,44","35,60",,,,,,,
1591,2024-10-01 00:00:00,2024,Outubro,1,1550,Consumidor Final,Sudeste,RJ,Eletrônicos,Teclado Mecânico,Loja Física,2,"R$ 271,31",3%,"R$ 542,62","R$ 15,09","R$ 527,52","R$ 283,78","R$ 243,74","46,20",,,,,,,
1592,2024-10-01 00:00:00,2024,Outubro,1,1349,Corporativo,Nordeste,PE,Eletrônicos,Microfone Condensador,E-commerce,24,"R$ 2.540,94",11%,"R$ 60.982,63","R$ 6.706,93","R$ 54.275,70","R$ 37.639,14","R$ 16.636,56","30,65",,,,,,,
1593,2024-10-01 00:00:00,2024,Outubro,1,1035,Pequenas Empresas,Sudeste,SP,Eletrônicos,Cadeira Gamer,Loja Física,3,"R$ 905,10",8%,"R$ 2.715,31","R$ 205,32","R$ 2.509,98","R$ 1.407,88","R$ 1.102,11","43,91",,,,,,,
1594,2024-10-02 00:00:00,2024,Outubro,2,1608,Consumidor Final,Nordeste,CE,Eletrônicos,Webcam 4K,Loja Física,1,"R$ 403,97",2%,"R$ 403,97","R$ 9,71","R$ 394,26","R$ 293,50","R$ 100,77","25,56",,,,,,,
1595,2024-10-02 00:00:00,2024,Outubro,2,1074,Pequenas Empresas,Sudeste,MG,Eletrônicos,Mouse Gamer,Loja Física,3,"R$ 633,11",10%,"R$ 1.899,32","R$ 190,88","R$ 1.708,44","R$ 944,62","R$ 763,82","44,71",,,,,,,
1596,2024-10-02 00:00:00,2024,Outubro,2,1352,Corporativo,Sudeste,SP,Eletrônicos,Mouse Gamer,E-commerce,34,"R$ 3.247,70",5%,"R$ 110.421,66","R$ 5.767,81","R$ 104.653,85","R$ 56.072,59","R$ 48.581,26","46,42",,,,,,,
1597,2024-10-04 00:00:00,2024,Outubro,4,1661,Consumidor Final,Nordeste,CE,Eletrônicos,Mouse Gamer,E-commerce,4,"R$ 377,24",3%,"R$ 1.508,96","R$ 52,19","R$ 1.456,76","R$ 1.087,71","R$ 369,06","25,33",,,,,,,
1598,2024-10-04 00:00:00,2024,Outubro,4,1287,Corporativo,Sudeste,SP,Eletrônicos,Mouse Gamer,Loja Física,15,"R$ 1.243,43",2%,"R$ 18.651,39","R$ 392,77","R$ 18.258,62","R$ 10.046,38","R$ 8.212,24","44,98",,,,,,,
1599,2024-10-04 00:00:00,2024,Outubro,4,1143,Corporativo,Nordeste,BA,Eletrônicos,Microfone Condensador,E-commerce,44,"R$ 1.234,06",10%,"R$ 54.298,66","R$ 5.566,42","R$ 48.732,23","R$ 35.047,74","R$ 13.684,49","28,08",,,,,,,
1600,2024-10-04 00:00:00,2024,Outubro,4,1972,Corporativo,Nordeste,BA,Eletrônicos,Monitor Ultrawide,Loja Física,16,"R$ 3.304,24",6%,"R$ 52.867,81","R$ 3.373,58","R$ 49.494,23","R$ 35.783,54","R$ 13.710,69","27,70",,,,,,,
1601,2024-10-04 00:00:00,2024,Outubro,4,1240,Pequenas Empresas,Sudeste,RJ,Eletrônicos,Mouse Gamer,E-commerce,5,"R$ 1.066,09",5%,"R$ 5.330,44","R$ 288,92","R$ 5.041,51","R$ 2.707,20","R$ 2.334,31","46,30",,,,,,,
1602,2024-10-05 00:00:00,2024,Outubro,5,1453,Consumidor Final,Sudeste,MG,Eletrônicos,Monitor Ultrawide,Loja Física,1,"R$ 381,24",5%,"R$ 381,24","R$ 17,54","R$ 363,71","R$ 205,67","R$ 158,04","43,45",,,,,,,
1603,2024-10-05 00:00:00,2024,Outubro,5,1364,Pequenas Empresas,Sul,PR,Eletrônicos,Monitor Ultrawide,E-commerce,5,"R$ 610,06",4%,"R$ 3.050,29","R$ 116,00","R$ 2.934,29","R$ 1.712,64","R$ 1.221,65","41,63",,,,,,,
1604,2024-10-05 00:00:00,2024,Outubro,5,1232,Consumidor Final,Sul,PR,Eletrônicos,Webcam 4K,Loja Física,1,"R$ 339,99",10%,"R$ 339,99","R$ 33,72","R$ 306,27","R$ 192,12","R$ 114,14","37,27",,,,,,,
1605,2024-10-05 00:00:00,2024,Outubro,5,1488,Pequenas Empresas,Sudeste,MG,Eletrônicos,Mouse Gamer,E-commerce,11,"R$ 1.165,85",4%,"R$ 12.824,36","R$ 577,07","R$ 12.247,29","R$ 6.942,04","R$ 5.305,25","43,32",,,,,,,
1606,2024-10-05 00:00:00,2024,Outubro,5,1906,Pequenas Empresas,Sudeste,SP,Eletrônicos,Headset Gamer,Loja Física,7,"R$ 975,58",5%,"R$ 6.829,03","R$ 320,82","R$ 6.508,22","R$ 3.661,41","R$ 2.846,81","43,74",,,,,,,
1607,2024-10-05 00:00:00,2024,Outubro,5,1392,Pequenas Empresas,Sul,PR,Móveis,Mesa Gamer,E-commerce,10,"R$ 463,83",6%,"R$ 4.638,31","R$ 259,64","R$ 4.378,68","R$ 2.510,84","R$ 1.867,83","42,66",,,,,,,
1608,2024-10-05 00:00:00,2024,Outubro,5,1988,Consumidor Final,Centro-Oeste,GO,Eletrônicos,Teclado Mecânico,Loja Física,1,"R$ 430,44",10%,"R$ 430,44","R$ 44,12","R$ 386,32","R$ 247,78","R$ 138,54","35,86",,,,,,,
1609,2024-10-06 00:00:00,2024,Outubro,6,1903,Consumidor Final,Nordeste,CE,Eletrônicos,Monitor Ultrawide,E-commerce,3,"R$ 337,95",10%,"R$ 1.013,84","R$ 98,82","R$ 915,01","R$ 633,06","R$ 281,95","30,81",,,,,,,
1610,2024-10-07 00:00:00,2024,Outubro,7,1612,Consumidor Final,Sudeste,RJ,Eletrônicos,Cadeira Gamer,Loja Física,1,"R$ 319,52",11%,"R$ 319,52","R$ 36,54","R$ 282,98","R$ 148,81","R$ 134,17","47,41",,,,,,,
1611,2024-10-07 00:00:00,2024,Outubro,7,1678,Consumidor Final,Sul,PR,Eletrônicos,Cadeira Gamer,Loja Física,1,"R$ 312,35",2%,"R$ 312,35","R$ 6,16","R$ 306,18","R$ 192,41","R$ 113,77","37,16",,,,,,,
1612,2024-10-08 00:00:00,2024,Outubro,8,1381,Consumidor Final,Nordeste,CE,Móveis,Mesa Gamer,Loja Física,1,"R$ 403,96",7%,"R$ 403,96","R$ 26,49","R$ 377,47","R$ 266,16","R$ 111,31","29,49",,,,,,,
1613,2024-10-08 00:00:00,2024,Outubro,8,1207,Consumidor Final,Nordeste,BA,Eletrônicos,Cadeira Gamer,E-commerce,2,"R$ 298,06",11%,"R$ 596,12","R$ 63,71","R$ 532,41","R$ 386,62","R$ 145,79","27,38",,,,,,,
1614,2024-10-09 00:00:00,2024,Outubro,9,1301,Corporativo,Sudeste,SP,Eletrônicos,Headset Gamer,E-commerce,22,"R$ 2.004,68",9%,"R$ 44.103,00","R$ 3.877,34","R$ 40.225,66","R$ 22.443,07","R$ 17.782,59","44,21",,,,,,,
1615,2024-10-09 00:00:00,2024,Outubro,9,1827,Pequenas Empresas,Sul,SC,Eletrônicos,Cadeira Gamer,Loja Física,6,"R$ 794,41",10%,"R$ 4.766,49","R$ 459,65","R$ 4.306,84","R$ 2.468,46","R$ 1.838,38","42,69",,,,,,,
1616,2024-10-09 00:00:00,2024,Outubro,9,1164,Pequenas Empresas,Sudeste,SP,Eletrônicos,Teclado Mecânico,E-commerce,10,"R$ 567,73",11%,"R$ 5.677,29","R$ 609,25","R$ 5.068,03","R$ 2.752,08","R$ 2.315,96","45,70",,,,,,,
1617,2024-10-10 00:00:00,2024,Outubro,10,1144,Corporativo,Sul,RS,Eletrônicos,Teclado Mecânico,E-commerce,42,"R$ 3.447,95",10%,"R$ 144.813,85","R$ 14.886,08","R$ 129.927,77","R$ 80.464,92","R$ 49.462,86","38,07",,,,,,,
1618,2024-10-10 00:00:00,2024,Outubro,10,1813,Corporativo,Sul,PR,Eletrônicos,Monitor Ultrawide,E-commerce,45,"R$ 2.800,06",9%,"R$ 126.002,64","R$ 11.874,02","R$ 114.128,62","R$ 68.879,81","R$ 45.248,81","39,65",,,,,,,
1619,2024-10-10 00:00:00,2024,Outubro,10,1178,Pequenas Empresas,Sul,RS,Eletrônicos,Mouse Gamer,E-commerce,6,"R$ 695,24",9%,"R$ 4.171,47","R$ 373,06","R$ 3.798,41","R$ 2.353,30","R$ 1.445,11","38,05",,,,,,,
1620,2024-10-10 00:00:00,2024,Outubro,10,1601,Pequenas Empresas,Sul,RS,Eletrônicos,Webcam 4K,Loja Física,6,"R$ 768,78",8%,"R$ 4.612,65","R$ 388,11","R$ 4.224,54","R$ 2.524,21","R$ 1.700,34","40,25",,,,,,,
1621,2024-10-10 00:00:00,2024,Outubro,10,1020,Consumidor Final,Sul,RS,Eletrônicos,Headset Gamer,E-commerce,5,"R$ 167,49",12%,"R$ 837,45","R$ 100,35","R$ 737,10","R$ 431,10","R$ 306,00","41,51",,,,,,,
1622,2024-10-10 00:00:00,2024,Outubro,10,1416,Pequenas Empresas,Sudeste,SP,Eletrônicos,Monitor Ultrawide,E-commerce,13,"R$ 716,99",5%,"R$ 9.320,85","R$ 510,12","R$ 8.810,73","R$ 4.813,75","R$ 3.996,98","45,36",,,,,,,
1623,2024-10-10 00:00:00,2024,Outubro,10,1629,Consumidor Final,Sul,PR,Eletrônicos,Headset Gamer,E-commerce,4,"R$ 210,50",2%,"R$ 841,99","R$ 15,67","R$ 826,32","R$ 481,51","R$ 344,81","41,73",,,,,,,
1624,2024-10-10 00:00:00,2024,Outubro,10,1208,Pequenas Empresas,Centro-Oeste,GO,Eletrônicos,Mouse Gamer,Loja Física,5,"R$ 543,69",9%,"R$ 2.718,43","R$ 246,98","R$ 2.471,46","R$ 1.652,62","R$ 818,84","33,13",,,,,,,
1625,2024-10-10 00:00:00,2024,Outubro,10,1703,Consumidor Final,Sudeste,MG,Eletrônicos,Microfone Condensador,Loja Física,1,"R$ 275,77",3%,"R$ 275,77","R$ 8,64","R$ 267,13","R$ 150,37","R$ 116,76","43,71",,,,,,,
1626,2024-10-11 00:00:00,2024,Outubro,11,1129,Pequenas Empresas,Sul,RS,Eletrônicos,Cadeira Gamer,E-commerce,7,"R$ 1.044,46",10%,"R$ 7.311,25","R$ 709,55","R$ 6.601,70","R$ 3.928,79","R$ 2.672,91","40,49",,,,,,,
1627,2024-10-11 00:00:00,2024,Outubro,11,1845,Corporativo,Nordeste,CE,Eletrônicos,Cadeira Gamer,Loja Física,15,"R$ 3.184,62",2%,"R$ 47.769,34","R$ 897,31","R$ 46.872,03","R$ 32.966,08","R$ 13.905,95","29,67",,,,,,,
1628,2024-10-11 00:00:00,2024,Outubro,11,1865,Consumidor Final,Sul,PR,Eletrônicos,Webcam 4K,Loja Física,2,"R$ 346,18",11%,"R$ 692,36","R$ 77,19","R$ 615,17","R$ 385,46","R$ 229,71","37,34",,,,,,,
1629,2024-10-11 00:00:00,2024,Outubro,11,1276,Corporativo,Sul,SC,Eletrônicos,Mouse Gamer,Loja Física,12,"R$ 2.529,57",5%,"R$ 30.354,87","R$ 1.558,82","R$ 28.796,05","R$ 17.217,38","R$ 11.578,67","40,21",,,,,,,
1630,2024-10-11 00:00:00,2024,Outubro,11,1763,Consumidor Final,Sul,PR,Eletrônicos,Monitor Ultrawide,Loja Física,2,"R$ 349,44",5%,"R$ 698,88","R$ 33,06","R$ 665,82","R$ 416,65","R$ 249,17","37,42",,,,,,,
1631,2024-10-12 00:00:00,2024,Outubro,12,1002,Corporativo,Nordeste,PE,Eletrônicos,Webcam 4K,E-commerce,28,"R$ 1.218,65",1%,"R$ 34.122,17","R$ 375,95","R$ 33.746,22","R$ 24.377,12","R$ 9.369,10","27,76",,,,,,,
1632,2024-10-12 00:00:00,2024,Outubro,12,1657,Corporativo,Sudeste,MG,Eletrônicos,Mouse Gamer,Loja Física,20,"R$ 2.110,19",3%,"R$ 42.203,90","R$ 1.259,33","R$ 40.944,57","R$ 21.680,52","R$ 19.264,05","47,05",,,,,,,
1633,2024-10-12 00:00:00,2024,Outubro,12,1672,Consumidor Final,Centro-Oeste,GO,Móveis,Mesa Gamer,E-commerce,3,"R$ 200,14",5%,"R$ 600,42","R$ 32,90","R$ 567,52","R$ 378,01","R$ 189,52","33,39",,,,,,,
1634,2024-10-13 00:00:00,2024,Outubro,13,1481,Corporativo,Nordeste,CE,Eletrônicos,Teclado Mecânico,E-commerce,26,"R$ 1.399,78",9%,"R$ 36.394,40","R$ 3.173,17","R$ 33.221,23","R$ 24.810,99","R$ 8.410,24","25,32",,,,,,,
1635,2024-10-13 00:00:00,2024,Outubro,13,1049,Consumidor Final,Sul,SC,Eletrônicos,Webcam 4K,E-commerce,3,"R$ 290,34",2%,"R$ 871,02","R$ 15,50","R$ 855,52","R$ 508,27","R$ 347,25","40,59",,,,,,,
1636,2024-10-13 00:00:00,2024,Outubro,13,1652,Pequenas Empresas,Sudeste,MG,Eletrônicos,Webcam 4K,E-commerce,12,"R$ 1.067,30",1%,"R$ 12.807,60","R$ 139,55","R$ 12.668,05","R$ 7.185,53","R$ 5.482,52","43,28",,,,,,,
1637,2024-10-13 00:00:00,2024,Outubro,13,1259,Corporativo,Sudeste,RJ,Eletrônicos,Monitor Ultrawide,E-commerce,45,"R$ 3.463,64",1%,"R$ 155.864,02","R$ 2.078,81","R$ 153.785,21","R$ 79.981,24","R$ 73.803,97","47,99",,,,,,,
1638,2024-10-13 00:00:00,2024,Outubro,13,1434,Consumidor Final,Nordeste,BA,Eletrônicos,Headset Gamer,Loja Física,1,"R$ 167,85",4%,"R$ 167,85","R$ 6,73","R$ 161,13","R$ 111,91","R$ 49,22","30,55",,,,,,,
1639,2024-10-13 00:00:00,2024,Outubro,13,1280,Pequenas Empresas,Sul,RS,Móveis,Mesa Gamer,Loja Física,2,"R$ 632,51",4%,"R$ 1.265,03","R$ 54,05","R$ 1.210,98","R$ 741,39","R$ 469,60","38,78",,,,,,,
1640,2024-10-14 00:00:00,2024,Outubro,14,1201,Pequenas Empresas,Sudeste,SP,Eletrônicos,Monitor Ultrawide,E-commerce,11,"R$ 400,72",9%,"R$ 4.407,97","R$ 390,88","R$ 4.017,09","R$ 2.288,65","R$ 1.728,44","43,03",,,,,,,
1641,2024-10-15 00:00:00,2024,Outubro,15,1285,Pequenas Empresas,Sudeste,RJ,Eletrônicos,Mouse Gamer,Loja Física,5,"R$ 455,61",12%,"R$ 2.278,04","R$ 266,39","R$ 2.011,65","R$ 1.165,03","R$ 846,61","42,09",,,,,,,
1642,2024-10-16 00:00:00,2024,Outubro,16,1805,Corporativo,Sudeste,SP,Eletrônicos,Mouse Gamer,Loja Física,22,"R$ 1.943,35",5%,"R$ 42.753,62","R$ 1.926,34","R$ 40.827,28","R$ 22.581,06","R$ 18.246,23","44,69",,,,,,,
1643,2024-10-16 00:00:00,2024,Outubro,16,1701,Corporativo,Nordeste,BA,Eletrônicos,Mouse Gamer,Loja Física,21,"R$ 1.634,54",10%,"R$ 34.325,31","R$ 3.588,29","R$ 30.737,02","R$ 22.580,17","R$ 8.156,85","26,54",,,,,,,
1644,2024-10-16 00:00:00,2024,Outubro,16,1217,Corporativo,Sudeste,SP,Eletrônicos,Microfone Condensador,E-commerce,41,"R$ 3.477,40",2%,"R$ 142.573,58","R$ 2.615,32","R$ 139.958,25","R$ 75.618,40","R$ 64.339,85","45,97",,,,,,,
1645,2024-10-17 00:00:00,2024,Outubro,17,1973,Pequenas Empresas,Centro-Oeste,GO,Eletrônicos,Mouse Gamer,E-commerce,10,"R$ 789,61",10%,"R$ 7.896,13","R$ 785,27","R$ 7.110,86","R$ 4.428,09","R$ 2.682,77","37,73",,,,,,,
1646,2024-10-17 00:00:00,2024,Outubro,17,1748,Consumidor Final,Sudeste,RJ,Eletrônicos,Headset Gamer,Loja Física,1,"R$ 303,65",5%,"R$ 303,65","R$ 15,07","R$ 288,59","R$ 159,33","R$ 129,26","44,79",,,,,,,
1647,2024-10-17 00:00:00,2024,Outubro,17,1827,Corporativo,Sul,PR,Móveis,Mesa Gamer,E-commerce,19,"R$ 1.676,07",11%,"R$ 31.845,30","R$ 3.534,87","R$ 28.310,43","R$ 16.450,89","R$ 11.859,55","41,89",,,,,,,
1648,2024-10-17 00:00:00,2024,Outubro,17,1289,Corporativo,Sul,PR,Eletrônicos,Cadeira Gamer,Loja Física,10,"R$ 1.843,86",2%,"R$ 18.438,56","R$ 399,29","R$ 18.039,27","R$ 11.243,25","R$ 6.796,01","37,67",,,,,,,
1649,2024-10-17 00:00:00,2024,Outubro,17,1158,Pequenas Empresas,Sul,RS,Eletrônicos,Teclado Mecânico,Loja Física,3,"R$ 406,23",9%,"R$ 1.218,68","R$ 113,13","R$ 1.105,55","R$ 689,44","R$ 416,11","37,64",,,,,,,
1650,2024-10-18 00:00:00,2024,Outubro,18,1159,Corporativo,Sul,SC,Eletrônicos,Headset Gamer,Loja Física,15,"R$ 1.628,53",2%,"R$ 24.427,93","R$ 512,25","R$ 23.915,68","R$ 14.545,53","R$ 9.370,15","39,18",,,,,,,
1651,2024-10-18 00:00:00,2024,Outubro,18,1597,Corporativo,Nordeste,BA,Eletrônicos,Headset Gamer,E-commerce,40,"R$ 2.001,50",3%,"R$ 80.059,97","R$ 2.378,56","R$ 77.681,41","R$ 55.245,14","R$ 22.436,27","28,88",,,,,,,
1652,2024-10-18 00:00:00,2024,Outubro,18,1886,Corporativo,Nordeste,BA,Eletrônicos,Microfone Condensador,Loja Física,13,"R$ 1.682,48",2%,"R$ 21.872,28","R$ 397,02","R$ 21.475,26","R$ 15.507,64","R$ 5.967,62","27,79",,,,,,,
1653,2024-10-20 00:00:00,2024,Outubro,20,1553,Consumidor Final,Nordeste,PE,Eletrônicos,Cadeira Gamer,E-commerce,4,"R$ 370,81",7%,"R$ 1.483,22","R$ 105,68","R$ 1.377,54","R$ 956,37","R$ 421,17","30,57",,,,,,,
1654,2024-10-20 00:00:00,2024,Outubro,20,1957,Pequenas Empresas,Sul,SC,Eletrônicos,Cadeira Gamer,Loja Física,6,"R$ 543,56",1%,"R$ 3.261,34","R$ 41,73","R$ 3.219,60","R$ 2.020,74","R$ 1.198,87","37,24",,,,,,8.0,Agosto
1655,2024-10-20 00:00:00,2024,Outubro,20,1920,Consumidor Final,Sul,SC,Eletrônicos,Teclado Mecânico,Loja Física,2,"R$ 437,56",3%,"R$ 875,13","R$ 22,41","R$ 852,71","R$ 521,62","R$ 331,09","38,83",,,,,,,
1656,2024-10-20 00:00:00,2024,Outubro,20,1452,Pequenas Empresas,Nordeste,BA,Eletrônicos,Teclado Mecânico,E-commerce,13,"R$ 551,21",6%,"R$ 7.165,78","R$ 441,68","R$ 6.724,10","R$ 4.752,46","R$ 1.971,64","29,32",,,,,,,
1657,2024-10-20 00:00:00,2024,Outubro,20,1480,Pequenas Empresas,Nordeste,BA,Eletrônicos,Cadeira Gamer,E-commerce,14,"R$ 603,34",6%,"R$ 8.446,79","R$ 540,35","R$ 7.906,44","R$ 5.471,52","R$ 2.434,91","30,80",,,,,,,
1658,2024-10-21 00:00:00,2024,Outubro,21,1821,Pequenas Empresas,Nordeste,PE,Eletrônicos,Mouse Gamer,E-commerce,15,"R$ 459,80",6%,"R$ 6.896,95","R$ 418,47","R$ 6.478,48","R$ 4.512,59","R$ 1.965,89","30,34",,,,,,,
1659,2024-10-21 00:00:00,2024,Outubro,21,1952,Consumidor Final,Sul,SC,Eletrônicos,Headset Gamer,E-commerce,1,"R$ 257,24",9%,"R$ 257,24","R$ 23,21","R$ 234,03","R$ 133,90","R$ 100,13","42,78",,,,,,,
1660,2024-10-21 00:00:00,2024,Outubro,21,1128,Pequenas Empresas,Sudeste,MG,Eletrônicos,Monitor Ultrawide,Loja Física,5,"R$ 1.075,77",6%,"R$ 5.378,84","R$ 301,33","R$ 5.077,50","R$ 2.810,64","R$ 2.266,86","44,65",,,,,,,
1661,2024-10-22 00:00:00,2024,Outubro,22,1779,Consumidor Final,Nordeste,BA,Eletrônicos,Teclado Mecânico,Loja Física,2,"R$ 330,76",2%,"R$ 661,52","R$ 11,81","R$ 649,71","R$ 484,58","R$ 165,13","25,42",,,,,,,
1662,2024-10-22 00:00:00,2024,Outubro,22,1192,Consumidor Final,Nordeste,BA,Eletrônicos,Microfone Condensador,E-commerce,4,"R$ 254,39",6%,"R$ 1.017,56","R$ 62,68","R$ 954,88","R$ 697,02","R$ 257,86","27,00",,,,,,,
1663,2024-10-22 00:00:00,2024,Outubro,22,1582,Pequenas Empresas,Centro-Oeste,GO,Eletrônicos,Microfone Condensador,Loja Física,5,"R$ 760,73",10%,"R$ 3.803,63","R$ 384,01","R$ 3.419,62","R$ 2.305,23","R$ 1.114,39","32,59",,,,,,,
1664,2024-10-23 00:00:00,2024,Outubro,23,1163,Pequenas Empresas,Nordeste,CE,Eletrônicos,Teclado Mecânico,Loja Física,4,"R$ 986,69",8%,"R$ 3.946,76","R$ 316,23","R$ 3.630,52","R$ 2.582,33","R$ 1.048,19","28,87",,,,,,,
1665,2024-10-24 00:00:00,2024,Outubro,24,1154,Consumidor Final,Sul,SC,Eletrônicos,Cadeira Gamer,E-commerce,3,"R$ 232,54",7%,"R$ 697,61","R$ 45,89","R$ 651,72","R$ 379,84","R$ 271,88","41,72",,,,,,,
1666,2024-10-24 00:00:00,2024,Outubro,24,1853,Corporativo,Sul,SC,Móveis,Mesa Gamer,E-commerce,33,"R$ 2.539,02",4%,"R$ 83.787,52","R$ 3.131,12","R$ 80.656,40","R$ 47.613,57","R$ 33.042,83","40,97",,,,,,,
1667,2024-10-24 00:00:00,2024,Outubro,24,1719,Consumidor Final,Sudeste,SP,Eletrônicos,Monitor Ultrawide,Loja Física,1,"R$ 336,25",11%,"R$ 336,25","R$ 36,32","R$ 299,93","R$ 165,03","R$ 134,90","44,98",,,,,,,
1668,2024-10-25 00:00:00,2024,Outubro,25,1317,Consumidor Final,Sudeste,RJ,Eletrônicos,Monitor Ultrawide,E-commerce,3,"R$ 411,54",3%,"R$ 1.234,62","R$ 33,52","R$ 1.201,10","R$ 681,76","R$ 519,34","43,24",,,,,,,
1669,2024-10-25 00:00:00,2024,Outubro,25,1929,Consumidor Final,Sul,RS,Eletrônicos,Teclado Mecânico,E-commerce,3,"R$ 251,17",9%,"R$ 753,51","R$ 67,04","R$ 686,47","R$ 401,88","R$ 284,59","41,46",,,,,,,
1670,2024-10-25 00:00:00,2024,Outubro,25,1425,Pequenas Empresas,Sudeste,MG,Eletrônicos,Mouse Gamer,E-commerce,6,"R$ 1.162,33",5%,"R$ 6.973,97","R$ 380,74","R$ 6.593,23","R$ 3.690,67","R$ 2.902,56","44,02",,,,,,,
1671,2024-10-25 00:00:00,2024,Outubro,25,1536,Corporativo,Sul,PR,Móveis,Mesa Gamer,E-commerce,31,"R$ 3.370,71",10%,"R$ 104.492,15","R$ 10.288,54","R$ 94.203,61","R$ 58.327,17","R$ 35.876,44","38,08",,,,,,,
1672,2024-10-25 00:00:00,2024,Outubro,25,1146,Corporativo,Sudeste,RJ,Eletrônicos,Monitor Ultrawide,E-commerce,28,"R$ 2.717,55",6%,"R$ 76.091,29","R$ 4.493,51","R$ 71.597,78","R$ 40.561,60","R$ 31.036,18","43,35",,,,,,6.0,Junho
1673,2024-10-26 00:00:00,2024,Outubro,26,1812,Consumidor Final,Sul,RS,Eletrônicos,Teclado Mecânico,E-commerce,3,"R$ 228,88",5%,"R$ 686,63","R$ 35,23","R$ 651,40","R$ 390,93","R$ 260,47","39,99",,,,,,,
1674,2024-10-26 00:00:00,2024,Outubro,26,1279,Pequenas Empresas,Sudeste,SP,Eletrônicos,Microfone Condensador,Loja Física,4,"R$ 718,80",1%,"R$ 2.875,21","R$ 34,82","R$ 2.840,39","R$ 1.515,77","R$ 1.324,62","46,63",,,,,,,
1675,2024-10-26 00:00:00,2024,Outubro,26,1730,Corporativo,Sul,PR,Eletrônicos,Monitor Ultrawide,E-commerce,18,"R$ 2.327,51",5%,"R$ 41.895,19","R$ 2.070,12","R$ 39.825,07","R$ 23.111,69","R$ 16.713,38","41,97",,,,,,,
1676,2024-10-26 00:00:00,2024,Outubro,26,1819,Corporativo,Centro-Oeste,GO,Eletrônicos,Webcam 4K,E-commerce,23,"R$ 2.895,62",9%,"R$ 66.599,34","R$ 5.792,04","R$ 60.807,30","R$ 40.450,46","R$ 20.356,84","33,48",,,,,,,
1677,2024-10-26 00:00:00,2024,Outubro,26,1513,Consumidor Final,Sul,SC,Móveis,Mesa Gamer,E-commerce,5,"R$ 441,58",10%,"R$ 2.207,89","R$ 228,58","R$ 1.979,31","R$ 1.163,08","R$ 816,23","41,24",,,,,,,
1678,2024-10-27 00:00:00,2024,Outubro,27,1516,Consumidor Final,Nordeste,CE,Móveis,Mesa Gamer,E-commerce,2,"R$ 366,69",3%,"R$ 733,39","R$ 22,70","R$ 710,69","R$ 514,16","R$ 196,53","27,65",,,,,,,
1679,2024-10-27 00:00:00,2024,Outubro,27,1153,Consumidor Final,Nordeste,BA,Eletrônicos,Webcam 4K,Loja Física,1,"R$ 372,48",5%,"R$ 372,48","R$ 19,56","R$ 352,92","R$ 257,70","R$ 95,22","26,98",,,,,,,
1680,2024-10-27 00:00:00,2024,Outubro,27,1766,Corporativo,Sudeste,SP,Eletrônicos,Headset Gamer,E-commerce,44,"R$ 1.309,44",5%,"R$ 57.615,42","R$ 3.019,15","R$ 54.596,27","R$ 31.147,48","R$ 23.448,79","42,95",,,,,,,
1681,2024-10-27 00:00:00,2024,Outubro,27,1880,Pequenas Empresas,Nordeste,CE,Eletrônicos,Microfone Condensador,Loja Física,4,"R$ 931,85",4%,"R$ 3.727,38","R$ 154,61","R$ 3.572,77","R$ 2.636,94","R$ 935,83","26,19",,,,,,,
1682,2024-10-27 00:00:00,2024,Outubro,27,1607,Corporativo,Sudeste,RJ,Eletrônicos,Webcam 4K,E-commerce,42,"R$ 2.586,91",10%,"R$ 108.650,17","R$ 10.684,24","R$ 97.965,93","R$ 52.166,69","R$ 45.799,24","46,75",,,,,,,
1683,2024-10-27 00:00:00,2024,Outubro,27,1396,Pequenas Empresas,Sudeste,RJ,Eletrônicos,Cadeira Gamer,E-commerce,6,"R$ 474,77",7%,"R$ 2.848,65","R$ 187,62","R$ 2.661,02","R$ 1.517,49","R$ 1.143,53","42,97",,,,,,,
1684,2024-10-28 00:00:00,2024,Outubro,28,1376,Pequenas Empresas,Sul,SC,Eletrônicos,Cadeira Gamer,Loja Física,4,"R$ 824,60",7%,"R$ 3.298,40","R$ 246,99","R$ 3.051,41","R$ 1.885,66","R$ 1.165,75","38,20",,,,,,,
1685,2024-10-28 00:00:00,2024,Outubro,28,1290,Pequenas Empresas,Sul,RS,Eletrônicos,Teclado Mecânico,E-commerce,10,"R$ 599,44",3%,"R$ 5.994,36","R$ 208,23","R$ 5.786,13","R$ 3.464,93","R$ 2.321,21","40,12",,,,,,,
1686,2024-10-29 00:00:00,2024,Outubro,29,1629,Consumidor Final,Nordeste,PE,Móveis,Mesa Gamer,Loja Física,1,"R$ 420,64",11%,"R$ 420,64","R$ 46,66","R$ 373,98","R$ 259,60","R$ 114,38","30,58",,,,,,,
1687,2024-10-29 00:00:00,2024,Outubro,29,1405,Corporativo,Sudeste,SP,Eletrônicos,Headset Gamer,E-commerce,28,"R$ 1.786,51",4%,"R$ 50.022,24","R$ 1.944,89","R$ 48.077,34","R$ 27.771,63","R$ 20.305,72","42,24",,,,,,,
1688,2024-10-30 00:00:00,2024,Outubro,30,1135,Consumidor Final,Nordeste,BA,Eletrônicos,Headset Gamer,E-commerce,2,"R$ 166,88",6%,"R$ 333,76","R$ 18,46","R$ 315,30","R$ 225,52","R$ 89,78","28,47",,,,,,,
1689,2024-10-31 00:00:00,2024,Outubro,31,1547,Pequenas Empresas,Nordeste,CE,Eletrônicos,Monitor Ultrawide,Loja Física,4,"R$ 764,25",9%,"R$ 3.057,02","R$ 265,31","R$ 2.791,71","R$ 2.028,80","R$ 762,91","27,33",,,,,,,
1690,2024-10-31 00:00:00,2024,Outubro,31,1269,Pequenas Empresas,Sudeste,RJ,Eletrônicos,Monitor Ultrawide,E-commerce,11,"R$ 740,00",3%,"R$ 8.139,96","R$ 207,45","R$ 7.932,51","R$ 4.356,58","R$ 3.575,93","45,08",,,,,,,
1691,2024-10-31 00:00:00,2024,Outubro,31,1324,Consumidor Final,Sudeste,SP,Eletrônicos,Webcam 4K,Loja Física,1,"R$ 247,71",9%,"R$ 247,71","R$ 22,14","R$ 225,57","R$ 129,82","R$ 95,75","42,45",,,,,,,
1692,2024-11-01 00:00:00,2024,Novembro,1,1876,Corporativo,Centro-Oeste,GO,Eletrônicos,Headset Gamer,Loja Física,20,"R$ 3.413,41",6%,"R$ 68.268,11","R$ 4.154,74","R$ 64.113,37","R$ 42.009,63","R$ 22.103,74","34,48",,,,,,,
1693,2024-11-01 00:00:00,2024,Novembro,1,1549,Consumidor Final,Nordeste,BA,Eletrônicos,Webcam 4K,E-commerce,1,"R$ 400,67",12%,"R$ 400,67","R$ 46,64","R$ 354,04","R$ 256,21","R$ 97,83","27,63",,,,,,,
1694,2024-11-01 00:00:00,2024,Novembro,1,1762,Corporativo,Nordeste,BA,Eletrônicos,Microfone Condensador,Loja Física,20,"R$ 2.964,51",3%,"R$ 59.290,25","R$ 1.942,39","R$ 57.347,85","R$ 39.913,30","R$ 17.434,56","30,40",,,,,,,
1695,2024-11-01 00:00:00,2024,Novembro,1,1490,Corporativo,Sul,SC,Eletrônicos,Webcam 4K,E-commerce,34,"R$ 2.121,94",3%,"R$ 72.146,10","R$ 2.362,33","R$ 69.783,77","R$ 43.127,69","R$ 26.656,08","38,20",,,,,,,
1696,2024-11-02 00:00:00,2024,Novembro,2,1220,Corporativo,Nordeste,CE,Eletrônicos,Monitor Ultrawide,Loja Física,16,"R$ 3.296,72",7%,"R$ 52.747,55","R$ 3.441,14","R$ 49.306,41","R$ 34.122,49","R$ 15.183,93","30,80",,,,,,,
1697,2024-11-02 00:00:00,2024,Novembro,2,1228,Corporativo,Sul,PR,Móveis,Mesa Gamer,Loja Física,22,"R$ 2.010,60",7%,"R$ 44.233,10","R$ 3.142,32","R$ 41.090,77","R$ 25.423,58","R$ 15.667,19","38,13",,,,,,,
1698,2024-11-03 00:00:00,2024,Novembro,3,1514,Corporativo,Sudeste,MG,Eletrônicos,Webcam 4K,E-commerce,29,"R$ 2.170,04",3%,"R$ 62.931,06","R$ 1.645,53","R$ 61.285,52","R$ 33.784,28","R$ 27.501,24","44,87",,,,,,,
1699,2024-11-03 00:00:00,2024,Novembro,3,1451,Corporativo,Sul,RS,Eletrônicos,Mouse Gamer,E-commerce,19,"R$ 1.369,24",8%,"R$ 26.015,50","R$ 2.060,49","R$ 23.955,01","R$ 13.951,86","R$ 10.003,15","41,76",,,,,,,
1700,2024-11-03 00:00:00,2024,Novembro,3,1140,Consumidor Final,Sudeste,RJ,Móveis,Mesa Gamer,Loja Física,1,"R$ 364,23",9%,"R$ 364,23","R$ 33,13","R$ 331,10","R$ 189,29","R$ 141,81","42,83",,,,,,,
1701,2024-11-03 00:00:00,2024,Novembro,3,1280,Corporativo,Sudeste,RJ,Eletrônicos,Headset Gamer,E-commerce,33,"R$ 1.670,31",3%,"R$ 55.120,29","R$ 1.679,96","R$ 53.440,33","R$ 30.592,47","R$ 22.847,86","42,75",,,,,,,
1702,2024-11-03 00:00:00,2024,Novembro,3,1926,Corporativo,Sudeste,MG,Eletrônicos,Headset Gamer,E-commerce,19,"R$ 3.136,66",4%,"R$ 59.596,46","R$ 2.651,64","R$ 56.944,82","R$ 30.162,40","R$ 26.782,42","47,03",,,,,,,
1703,2024-11-03 00:00:00,2024,Novembro,3,1769,Corporativo,Nordeste,CE,Eletrônicos,Webcam 4K,E-commerce,40,"R$ 2.778,64",1%,"R$ 111.145,73","R$ 1.335,87","R$ 109.809,85","R$ 80.303,21","R$ 29.506,64","26,87",,,,,,,
1704,2024-11-03 00:00:00,2024,Novembro,3,1406,Consumidor Final,Centro-Oeste,GO,Móveis,Mesa Gamer,E-commerce,3,"R$ 159,89",10%,"R$ 479,68","R$ 49,75","R$ 429,93","R$ 274,71","R$ 155,22","36,10",,,,,,,
1705,2024-11-03 00:00:00,2024,Novembro,3,1098,Consumidor Final,Sul,RS,Eletrônicos,Monitor Ultrawide,E-commerce,2,"R$ 254,75",8%,"R$ 509,50","R$ 42,66","R$ 466,83","R$ 276,11","R$ 190,72","40,85",,,,,,,
1706,2024-11-03 00:00:00,2024,Novembro,3,1948,Pequenas Empresas,Sudeste,RJ,Eletrônicos,Monitor Ultrawide,Loja Física,6,"R$ 676,14",2%,"R$ 4.056,86","R$ 88,09","R$ 3.968,78","R$ 2.184,77","R$ 1.784,01","44,95",,,,,,,
1707,2024-11-03 00:00:00,2024,Novembro,3,1419,Consumidor Final,Sul,SC,Eletrônicos,Cadeira Gamer,Loja Física,1,"R$ 230,85",4%,"R$ 230,85","R$ 8,47","R$ 222,38","R$ 126,86","R$ 95,51","42,95",,,,,,,
1708,2024-11-04 00:00:00,2024,Novembro,4,1638,Consumidor Final,Nordeste,BA,Eletrônicos,Headset Gamer,E-commerce,1,"R$ 431,78",1%,"R$ 431,78","R$ 4,41","R$ 427,37","R$ 301,92","R$ 125,45","29,35",,,,,,,
1709,2024-11-04 00:00:00,2024,Novembro,4,1253,Pequenas Empresas,Sudeste,SP,Eletrônicos,Teclado Mecânico,E-commerce,8,"R$ 684,32",10%,"R$ 5.474,59","R$ 548,85","R$ 4.925,74","R$ 2.843,72","R$ 2.082,02","42,27",,,,,,,
1710,2024-11-04 00:00:00,2024,Novembro,4,1323,Pequenas Empresas,Sul,PR,Eletrônicos,Cadeira Gamer,E-commerce,10,"R$ 781,47",10%,"R$ 7.814,70","R$ 785,30","R$ 7.029,40","R$ 4.314,07","R$ 2.715,33","38,63",,,,,,,
1711,2024-11-04 00:00:00,2024,Novembro,4,1600,Pequenas Empresas,Nordeste,BA,Eletrônicos,Monitor Ultrawide,Loja Física,3,"R$ 826,72",7%,"R$ 2.480,15","R$ 165,14","R$ 2.315,01","R$ 1.700,59","R$ 614,42","26,54",,,,,,,
1712,2024-11-04 00:00:00,2024,Novembro,4,1689,Corporativo,Sul,RS,Móveis,Mesa Gamer,E-commerce,19,"R$ 2.040,06",5%,"R$ 38.761,17","R$ 2.062,34","R$ 36.698,83","R$ 21.588,51","R$ 15.110,32","41,17",,,,,,,
1713,2024-11-05 00:00:00,2024,Novembro,5,1928,Pequenas Empresas,Nordeste,PE,Eletrônicos,Microfone Condensador,E-commerce,12,"R$ 476,44",8%,"R$ 5.717,22","R$ 471,53","R$ 5.245,69","R$ 3.730,60","R$ 1.515,10","28,88",,,,,,,
1714,2024-11-05 00:00:00,2024,Novembro,5,1181,Corporativo,Nordeste,PE,Eletrônicos,Monitor Ultrawide,Loja Física,7,"R$ 1.246,03",4%,"R$ 8.722,19","R$ 329,82","R$ 8.392,37","R$ 6.033,74","R$ 2.358,63","28,10",,,,,,,
1715,2024-11-05 00:00:00,2024,Novembro,5,1880,Corporativo,Sudeste,MG,Móveis,Mesa Gamer,E-commerce,31,"R$ 2.322,62",9%,"R$ 72.001,32","R$ 6.359,39","R$ 65.641,93","R$ 34.649,94","R$ 30.991,99","47,21",,,,,,,
1716,2024-11-05 00:00:00,2024,Novembro,5,1735,Pequenas Empresas,Sul,PR,Eletrônicos,Cadeira Gamer,E-commerce,14,"R$ 731,79",11%,"R$ 10.245,04","R$ 1.150,91","R$ 9.094,13","R$ 5.301,03","R$ 3.793,10","41,71",,,,,,,
1717,2024-11-05 00:00:00,2024,Novembro,5,1918,Corporativo,Nordeste,BA,Eletrônicos,Headset Gamer,Loja Física,9,"R$ 2.272,71",4%,"R$ 20.454,35","R$ 891,58","R$ 19.562,77","R$ 14.168,31","R$ 5.394,46","27,58",,,,,,,
1718,2024-11-05 00:00:00,2024,Novembro,5,1276,Consumidor Final,Sul,RS,Eletrônicos,Monitor Ultrawide,Loja Física,2,"R$ 337,56",12%,"R$ 675,13","R$ 80,00","R$ 595,12","R$ 355,87","R$ 239,25","40,20",,,,,,,
1719,2024-11-06 00:00:00,2024,Novembro,6,1494,Corporativo,Nordeste,BA,Eletrônicos,Webcam 4K,E-commerce,33,"R$ 1.273,74",2%,"R$ 42.033,56","R$ 805,04","R$ 41.228,52","R$ 30.195,62","R$ 11.032,91","26,76",,,,,,3.0,Março
1720,2024-11-06 00:00:00,2024,Novembro,6,1271,Pequenas Empresas,Sudeste,MG,Móveis,Mesa Gamer,Loja Física,6,"R$ 417,73",7%,"R$ 2.506,35","R$ 163,39","R$ 2.342,97","R$ 1.320,31","R$ 1.022,66","43,65",,,,,,,
1721,2024-11-06 00:00:00,2024,Novembro,6,1262,Corporativo,Nordeste,CE,Eletrônicos,Headset Gamer,E-commerce,34,"R$ 3.184,58",6%,"R$ 108.275,85","R$ 6.745,13","R$ 101.530,72","R$ 70.090,01","R$ 31.440,72","30,97",,,,,,,
1722,2024-11-06 00:00:00,2024,Novembro,6,1219,Pequenas Empresas,Centro-Oeste,GO,Eletrônicos,Microfone Condensador,E-commerce,10,"R$ 780,56",7%,"R$ 7.805,63","R$ 538,81","R$ 7.266,82","R$ 4.605,22","R$ 2.661,61","36,63",,,,,,,
1723,2024-11-06 00:00:00,2024,Novembro,6,1123,Consumidor Final,Centro-Oeste,GO,Eletrônicos,Microfone Condensador,Loja Física,2,"R$ 418,62",3%,"R$ 837,25","R$ 23,34","R$ 813,90","R$ 504,84","R$ 309,06","37,97",,,,,,,
1724,2024-11-06 00:00:00,2024,Novembro,6,1885,Consumidor Final,Sul,PR,Eletrônicos,Teclado Mecânico,Loja Física,1,"R$ 196,58",10%,"R$ 196,58","R$ 19,03","R$ 177,55","R$ 108,04","R$ 69,51","39,15",,,,,,,
1725,2024-11-06 00:00:00,2024,Novembro,6,1167,Corporativo,Nordeste,BA,Móveis,Mesa Gamer,E-commerce,36,"R$ 3.175,67",12%,"R$ 114.324,07","R$ 13.613,18","R$ 100.710,89","R$ 73.756,39","R$ 26.954,50","26,76",,,,,,,
1726,2024-11-06 00:00:00,2024,Novembro,6,1173,Consumidor Final,Nordeste,BA,Eletrônicos,Cadeira Gamer,E-commerce,1,"R$ 394,56",2%,"R$ 394,56","R$ 7,62","R$ 386,94","R$ 275,74","R$ 111,20","28,74",,,,,,,
1727,2024-11-06 00:00:00,2024,Novembro,6,1337,Pequenas Empresas,Sul,RS,Eletrônicos,Teclado Mecânico,Loja Física,4,"R$ 916,76",12%,"R$ 3.667,04","R$ 429,11","R$ 3.237,93","R$ 2.029,07","R$ 1.208,86","37,33",,,,,,,
1728,2024-11-07 00:00:00,2024,Novembro,7,1121,Corporativo,Sudeste,SP,Eletrônicos,Teclado Mecânico,E-commerce,41,"R$ 3.384,05",11%,"R$ 138.746,03","R$ 14.655,58","R$ 124.090,45","R$ 68.374,00","R$ 55.716,45","44,90",,,,,,,
1729,2024-11-07 00:00:00,2024,Novembro,7,1668,Corporativo,Nordeste,PE,Eletrônicos,Mouse Gamer,E-commerce,24,"R$ 2.120,74",5%,"R$ 50.897,75","R$ 2.560,88","R$ 48.336,86","R$ 34.629,76","R$ 13.707,10","28,36",,,,,,,
1730,2024-11-07 00:00:00,2024,Novembro,7,1356,Consumidor Final,Sudeste,RJ,Eletrônicos,Monitor Ultrawide,Loja Física,1,"R$ 357,89",1%,"R$ 357,89","R$ 3,78","R$ 354,11","R$ 196,30","R$ 157,82","44,57",,,,,,,
1731,2024-11-07 00:00:00,2024,Novembro,7,1299,Pequenas Empresas,Sul,PR,Móveis,Mesa Gamer,Loja Física,5,"R$ 630,50",9%,"R$ 3.152,50","R$ 298,00","R$ 2.854,50","R$ 1.763,18","R$ 1.091,32","38,23",,,,,,,
1732,2024-11-07 00:00:00,2024,Novembro,7,1247,Pequenas Empresas,Sudeste,SP,Eletrônicos,Teclado Mecânico,Loja Física,7,"R$ 567,89",8%,"R$ 3.975,24","R$ 301,72","R$ 3.673,52","R$ 2.111,04","R$ 1.562,48","42,53",,,,,,,
1733,2024-11-07 00:00:00,2024,Novembro,7,1328,Consumidor Final,Sul,SC,Eletrônicos,Mouse Gamer,E-commerce,2,"R$ 383,57",9%,"R$ 767,14","R$ 69,64","R$ 697,49","R$ 415,38","R$ 282,12","40,45",,,,,,,
1734,2024-11-08 00:00:00,2024,Novembro,8,1795,Corporativo,Centro-Oeste,GO,Eletrônicos,Cadeira Gamer,E-commerce,29,"R$ 2.040,54",11%,"R$ 59.175,61","R$ 6.685,43","R$ 52.490,18","R$ 35.520,41","R$ 16.969,78","32,33",,,,,,,
1735,2024-11-08 00:00:00,2024,Novembro,8,1359,Corporativo,Sudeste,SP,Eletrônicos,Headset Gamer,E-commerce,29,"R$ 1.623,29",4%,"R$ 47.075,54","R$ 2.003,15","R$ 45.072,38","R$ 24.202,84","R$ 20.869,54","46,30",,,,,,,
1736,2024-11-08 00:00:00,2024,Novembro,8,1981,Pequenas Empresas,Nordeste,CE,Eletrônicos,Webcam 4K,E-commerce,6,"R$ 1.041,40",9%,"R$ 6.248,39","R$ 576,79","R$ 5.671,60","R$ 3.983,48","R$ 1.688,11","29,76",,,,,,,
1737,2024-11-08 00:00:00,2024,Novembro,8,1792,Pequenas Empresas,Sudeste,MG,Eletrônicos,Webcam 4K,Loja Física,7,"R$ 943,85",10%,"R$ 6.606,98","R$ 669,96","R$ 5.937,02","R$ 3.428,66","R$ 2.508,37","42,25",,,,,,,
1738,2024-11-08 00:00:00,2024,Novembro,8,1448,Pequenas Empresas,Centro-Oeste,GO,Móveis,Mesa Gamer,E-commerce,11,"R$ 519,03",7%,"R$ 5.709,34","R$ 407,77","R$ 5.301,56","R$ 3.313,26","R$ 1.988,30","37,50",,,,,,,
1739,2024-11-08 00:00:00,2024,Novembro,8,1532,Corporativo,Centro-Oeste,GO,Eletrônicos,Teclado Mecânico,E-commerce,40,"R$ 2.533,59",5%,"R$ 101.343,60","R$ 5.139,12","R$ 96.204,49","R$ 65.313,20","R$ 30.891,29","32,11",,,,,,,
1740,2024-11-09 00:00:00,2024,Novembro,9,1635,Consumidor Final,Sudeste,RJ,Eletrônicos,Webcam 4K,E-commerce,4,"R$ 291,46",3%,"R$ 1.165,85","R$ 30,87","R$ 1.134,97","R$ 640,31","R$ 494,66","43,58",,,,,,,
1741,2024-11-09 00:00:00,2024,Novembro,9,1976,Pequenas Empresas,Centro-Oeste,GO,Eletrônicos,Monitor Ultrawide,E-commerce,12,"R$ 423,63",6%,"R$ 5.083,60","R$ 293,49","R$ 4.790,11","R$ 3.177,43","R$ 1.612,69","33,67",,,,,,,
1742,2024-11-09 00:00:00,2024,Novembro,9,1859,Pequenas Empresas,Nordeste,BA,Eletrônicos,Webcam 4K,E-commerce,6,"R$ 891,27",7%,"R$ 5.347,64","R$ 366,37","R$ 4.981,27","R$ 3.708,50","R$ 1.272,77","25,55",,,,,,,
1743,2024-11-09 00:00:00,2024,Novembro,9,1941,Corporativo,Sudeste,MG,Eletrônicos,Webcam 4K,E-commerce,39,"R$ 2.779,84",10%,"R$ 108.413,68","R$ 10.343,14","R$ 98.070,54","R$ 55.048,92","R$ 43.021,62","43,87",,,,,,,
1744,2024-11-09 00:00:00,2024,Novembro,9,1313,Corporativo,Nordeste,PE,Eletrônicos,Webcam 4K,Loja Física,13,"R$ 1.723,13",1%,"R$ 22.400,70","R$ 231,70","R$ 22.169,00","R$ 16.223,04","R$ 5.945,96","26,82",,,,,,,
1745,2024-11-09 00:00:00,2024,Novembro,9,1548,Pequenas Empresas,Nordeste,CE,Eletrônicos,Microfone Condensador,E-commerce,12,"R$ 895,92",2%,"R$ 10.751,02","R$ 205,35","R$ 10.545,67","R$ 7.387,88","R$ 3.157,78","29,94",,,,,,,
1746,2024-11-10 00:00:00,2024,Novembro,10,1059,Corporativo,Centro-Oeste,GO,Eletrônicos,Mouse Gamer,Loja Física,18,"R$ 1.323,97",1%,"R$ 23.831,39","R$ 270,24","R$ 23.561,15","R$ 15.086,67","R$ 8.474,48","35,97",,,,,,,
1747,2024-11-10 00:00:00,2024,Novembro,10,1875,Corporativo,Nordeste,BA,Eletrônicos,Teclado Mecânico,E-commerce,37,"R$ 2.183,04",2%,"R$ 80.772,45","R$ 2.005,40","R$ 78.767,05","R$ 54.757,26","R$ 24.009,78","30,48",,,,,,,
1748,2024-11-10 00:00:00,2024,Novembro,10,1770,Corporativo,Nordeste,PE,Eletrônicos,Monitor Ultrawide,Loja Física,19,"R$ 3.334,64",7%,"R$ 63.358,24","R$ 4.329,20","R$ 59.029,03","R$ 43.019,45","R$ 16.009,59","27,12",,,,,,,
1749,2024-11-11 00:00:00,2024,Novembro,11,1394,Corporativo,Nordeste,BA,Eletrônicos,Teclado Mecânico,E-commerce,37,"R$ 2.906,15",9%,"R$ 107.527,73","R$ 10.025,62","R$ 97.502,11","R$ 69.225,10","R$ 28.277,01","29,00",,,,,,,
1750,2024-11-11 00:00:00,2024,Novembro,11,1328,Pequenas Empresas,Sul,SC,Eletrônicos,Microfone Condensador,Loja Física,5,"R$ 1.029,33",9%,"R$ 5.146,67","R$ 487,35","R$ 4.659,32","R$ 2.695,65","R$ 1.963,66","42,14",,,,,,,
1751,2024-11-12 00:00:00,2024,Novembro,12,1585,Pequenas Empresas,Centro-Oeste,GO,Móveis,Mesa Gamer,E-commerce,9,"R$ 852,37",9%,"R$ 7.671,29","R$ 680,49","R$ 6.990,80","R$ 4.707,76","R$ 2.283,04","32,66",,,,,,,
1752,2024-11-12 00:00:00,2024,Novembro,12,1406,Consumidor Final,Nordeste,BA,Móveis,Mesa Gamer,E-commerce,1,"R$ 251,04",7%,"R$ 251,04","R$ 18,19","R$ 232,85","R$ 163,02","R$ 69,83","29,99",,,,,,,
1753,2024-11-12 00:00:00,2024,Novembro,12,1786,Corporativo,Sul,RS,Móveis,Mesa Gamer,E-commerce,35,"R$ 2.219,48",3%,"R$ 77.681,90","R$ 2.368,28","R$ 75.313,62","R$ 45.254,39","R$ 30.059,22","39,91",,,,,,,
1754,2024-11-12 00:00:00,2024,Novembro,12,1491,Corporativo,Nordeste,BA,Eletrônicos,Cadeira Gamer,Loja Física,12,"R$ 2.532,84",8%,"R$ 30.394,04","R$ 2.527,71","R$ 27.866,33","R$ 20.165,90","R$ 7.700,43","27,63",,,,,,,
1755,2024-11-13 00:00:00,2024,Novembro,13,1200,Pequenas Empresas,Sul,SC,Eletrônicos,Webcam 4K,Loja Física,7,"R$ 846,59",5%,"R$ 5.926,10","R$ 270,99","R$ 5.655,11","R$ 3.463,17","R$ 2.191,94","38,76",,,,,,,
1756,2024-11-13 00:00:00,2024,Novembro,13,1855,Pequenas Empresas,Centro-Oeste,GO,Eletrônicos,Cadeira Gamer,Loja Física,5,"R$ 463,71",7%,"R$ 2.318,57","R$ 171,99","R$ 2.146,58","R$ 1.337,59","R$ 808,99","37,69",,,,,,,
1757,2024-11-13 00:00:00,2024,Novembro,13,1687,Pequenas Empresas,Nordeste,CE,Eletrônicos,Mouse Gamer,E-commerce,13,"R$ 499,69",10%,"R$ 6.495,99","R$ 677,81","R$ 5.818,18","R$ 4.050,32","R$ 1.767,86","30,39",,,,,,,
1758,2024-11-13 00:00:00,2024,Novembro,13,1458,Consumidor Final,Nordeste,PE,Móveis,Mesa Gamer,Loja Física,1,"R$ 225,07",9%,"R$ 225,07","R$ 19,26","R$ 205,82","R$ 145,19","R$ 60,63","29,46",,,,,,,
1759,2024-11-13 00:00:00,2024,Novembro,13,1814,Pequenas Empresas,Sul,PR,Eletrônicos,Microfone Condensador,Loja Física,5,"R$ 1.000,92",11%,"R$ 5.004,59","R$ 563,87","R$ 4.440,72","R$ 2.713,17","R$ 1.727,55","38,90",,,,,,,
1760,2024-11-13 00:00:00,2024,Novembro,13,1399,Pequenas Empresas,Sul,RS,Eletrônicos,Monitor Ultrawide,E-commerce,10,"R$ 1.010,36",9%,"R$ 10.103,59","R$ 945,13","R$ 9.158,47","R$ 5.282,93","R$ 3.875,54","42,32",,,,,,,
1761,2024-11-13 00:00:00,2024,Novembro,13,1142,Pequenas Empresas,Sul,PR,Eletrônicos,Teclado Mecânico,Loja Física,7,"R$ 666,13",7%,"R$ 4.662,88","R$ 304,73","R$ 4.358,14","R$ 2.741,95","R$ 1.616,19","37,08",,,,,,,
1762,2024-11-14 00:00:00,2024,Novembro,14,1539,Corporativo,Sul,SC,Eletrônicos,Webcam 4K,Loja Física,10,"R$ 2.187,44",12%,"R$ 21.874,39","R$ 2.543,25","R$ 19.331,14","R$ 11.477,93","R$ 7.853,21","40,62",,,,,,,
1763,2024-11-14 00:00:00,2024,Novembro,14,1185,Corporativo,Sul,SC,Eletrônicos,Headset Gamer,E-commerce,30,"R$ 3.291,40",1%,"R$ 98.741,99","R$ 1.076,74","R$ 97.665,25","R$ 57.215,73","R$ 40.449,52","41,42",,,,,,,
1764,2024-11-15 00:00:00,2024,Novembro,15,1043,Consumidor Final,Nordeste,PE,Eletrônicos,Monitor Ultrawide,E-commerce,1,"R$ 233,73",7%,"R$ 233,73","R$ 17,23","R$ 216,49","R$ 159,74","R$ 56,75","26,21",,,,,,,
1765,2024-11-15 00:00:00,2024,Novembro,15,1979,Corporativo,Centro-Oeste,GO,Eletrônicos,Webcam 4K,E-commerce,40,"R$ 3.443,81",8%,"R$ 137.752,39","R$ 10.715,72","R$ 127.036,67","R$ 79.249,42","R$ 47.787,24","37,62",,,,,,,
1766,2024-11-15 00:00:00,2024,Novembro,15,1443,Pequenas Empresas,Sul,RS,Eletrônicos,Cadeira Gamer,E-commerce,10,"R$ 1.114,92",4%,"R$ 11.149,19","R$ 469,01","R$ 10.680,18","R$ 6.367,92","R$ 4.312,26","40,38",,,,,,,
1767,2024-11-15 00:00:00,2024,Novembro,15,1344,Corporativo,Sul,PR,Eletrônicos,Cadeira Gamer,Loja Física,17,"R$ 1.523,77",3%,"R$ 25.904,12","R$ 899,87","R$ 25.004,25","R$ 14.915,33","R$ 10.088,92","40,35",,,,,,,
1768,2024-11-15 00:00:00,2024,Novembro,15,1219,Consumidor Final,Nordeste,CE,Eletrônicos,Monitor Ultrawide,Loja Física,2,"R$ 184,98",5%,"R$ 369,96","R$ 18,67","R$ 351,29","R$ 262,93","R$ 88,36","25,15",,,,,,,
1769,2024-11-15 00:00:00,2024,Novembro,15,1803,Consumidor Final,Sudeste,RJ,Eletrônicos,Cadeira Gamer,E-commerce,1,"R$ 392,97",6%,"R$ 392,97","R$ 23,82","R$ 369,15","R$ 194,09","R$ 175,06","47,42",,,,,,,
1770,2024-11-16 00:00:00,2024,Novembro,16,1632,Pequenas Empresas,Centro-Oeste,GO,Móveis,Mesa Gamer,E-commerce,10,"R$ 781,70",6%,"R$ 7.817,04","R$ 463,07","R$ 7.353,97","R$ 4.658,65","R$ 2.695,31","36,65",,,,,,,
1771,2024-11-16 00:00:00,2024,Novembro,16,1925,Corporativo,Nordeste,CE,Eletrônicos,Mouse Gamer,E-commerce,43,"R$ 2.434,92",9%,"R$ 104.701,71","R$ 9.428,81","R$ 95.272,90","R$ 70.760,34","R$ 24.512,56","25,73",,,,,,,
1772,2024-11-16 00:00:00,2024,Novembro,16,1630,Consumidor Final,Sul,PR,Eletrônicos,Teclado Mecânico,E-commerce,4,"R$ 194,44",8%,"R$ 777,76","R$ 63,72","R$ 714,05","R$ 420,66","R$ 293,38","41,09",,,,,,,
1773,2024-11-16 00:00:00,2024,Novembro,16,1327,Corporativo,Sul,RS,Eletrônicos,Mouse Gamer,Loja Física,10,"R$ 3.269,67",10%,"R$ 32.696,72","R$ 3.270,47","R$ 29.426,25","R$ 16.789,96","R$ 12.636,29","42,94",,,,,,,
1774,2024-11-16 00:00:00,2024,Novembro,16,1970,Consumidor Final,Nordeste,PE,Eletrônicos,Webcam 4K,E-commerce,2,"R$ 241,12",12%,"R$ 482,23","R$ 56,96","R$ 425,27","R$ 311,96","R$ 113,31","26,64",,,,,,,
1775,2024-11-17 00:00:00,2024,Novembro,17,1449,Corporativo,Sul,PR,Eletrônicos,Teclado Mecânico,E-commerce,25,"R$ 1.330,73",12%,"R$ 33.268,33","R$ 3.913,50","R$ 29.354,83","R$ 17.457,14","R$ 11.897,69","40,53",,,,,,,
1776,2024-11-17 00:00:00,2024,Novembro,17,1141,Corporativo,Sul,RS,Eletrônicos,Microfone Condensador,E-commerce,41,"R$ 2.853,68",9%,"R$ 117.000,99","R$ 11.040,47","R$ 105.960,52","R$ 64.109,60","R$ 41.850,92","39,50",,,,,,,
1777,2024-11-17 00:00:00,2024,Novembro,17,1961,Consumidor Final,Sul,PR,Eletrônicos,Teclado Mecânico,E-commerce,1,"R$ 275,02",9%,"R$ 275,02","R$ 25,66","R$ 249,36","R$ 153,70","R$ 95,66","38,36",,,,,,,
1778,2024-11-17 00:00:00,2024,Novembro,17,1742,Corporativo,Sul,PR,Eletrônicos,Mouse Gamer,E-commerce,32,"R$ 3.148,13",10%,"R$ 100.740,09","R$ 10.181,83","R$ 90.558,25","R$ 54.971,63","R$ 35.586,63","39,30",,,,,,,
1779,2024-11-17 00:00:00,2024,Novembro,17,1593,Consumidor Final,Sudeste,RJ,Eletrônicos,Monitor Ultrawide,E-commerce,1,"R$ 240,78",4%,"R$ 240,78","R$ 9,53","R$ 231,25","R$ 126,74","R$ 104,51","45,19",,,,,,,
1780,2024-11-17 00:00:00,2024,Novembro,17,1654,Consumidor Final,Sul,RS,Eletrônicos,Teclado Mecânico,Loja Física,1,"R$ 272,40",3%,"R$ 272,40","R$ 9,05","R$ 263,34","R$ 158,28","R$ 105,06","39,90",,,,,,,
1781,2024-11-17 00:00:00,2024,Novembro,17,1117,Corporativo,Centro-Oeste,GO,Eletrônicos,Microfone Condensador,Loja Física,14,"R$ 2.752,94",8%,"R$ 38.541,10","R$ 3.070,35","R$ 35.470,75","R$ 23.135,82","R$ 12.334,93","34,77",,,,,,,
1782,2024-11-17 00:00:00,2024,Novembro,17,1332,Corporativo,Sul,SC,Eletrônicos,Microfone Condensador,Loja Física,19,"R$ 2.331,87",2%,"R$ 44.305,50","R$ 902,36","R$ 43.403,14","R$ 26.896,85","R$ 16.506,29","38,03",,,,,,,
1783,2024-11-17 00:00:00,2024,Novembro,17,1411,Corporativo,Sul,PR,Eletrônicos,Microfone Condensador,E-commerce,22,"R$ 3.306,63",12%,"R$ 72.745,94","R$ 8.394,41","R$ 64.351,53","R$ 40.500,82","R$ 23.850,71","37,06",,,,,,,
1784,2024-11-17 00:00:00,2024,Novembro,17,1965,Consumidor Final,Sul,RS,Eletrônicos,Mouse Gamer,Loja Física,2,"R$ 343,06",1%,"R$ 686,11","R$ 8,01","R$ 678,11","R$ 392,17","R$ 285,94","42,17",,,,,,,
1785,2024-11-17 00:00:00,2024,Novembro,17,1813,Pequenas Empresas,Sudeste,MG,Eletrônicos,Teclado Mecânico,E-commerce,6,"R$ 1.077,43",8%,"R$ 6.464,56","R$ 491,83","R$ 5.972,73","R$ 3.219,84","R$ 2.752,89","46,09",,,,,,,
1786,2024-11-18 00:00:00,2024,Novembro,18,1415,Consumidor Final,Sudeste,SP,Eletrônicos,Headset Gamer,E-commerce,1,"R$ 282,04",2%,"R$ 282,04","R$ 6,65","R$ 275,39","R$ 151,69","R$ 123,70","44,92",,,,,,,
1787,2024-11-18 00:00:00,2024,Novembro,18,1645,Corporativo,Sul,SC,Eletrônicos,Monitor Ultrawide,Loja Física,19,"R$ 2.504,48",7%,"R$ 47.585,03","R$ 3.372,70","R$ 44.212,33","R$ 27.769,26","R$ 16.443,07","37,19",,,,,,,
1788,2024-11-18 00:00:00,2024,Novembro,18,1541,Consumidor Final,Sudeste,SP,Móveis,Mesa Gamer,Loja Física,2,"R$ 410,33",5%,"R$ 820,67","R$ 41,62","R$ 779,05","R$ 448,52","R$ 330,53","42,43",,,,,,,
1789,2024-11-18 00:00:00,2024,Novembro,18,1423,Corporativo,Sul,RS,Eletrônicos,Teclado Mecânico,Loja Física,25,"R$ 2.394,34",10%,"R$ 59.858,60","R$ 6.247,72","R$ 53.610,88","R$ 32.515,93","R$ 21.094,95","39,35",,,,,,,
1790,2024-11-18 00:00:00,2024,Novembro,18,1278,Corporativo,Sudeste,SP,Eletrônicos,Microfone Condensador,Loja Física,22,"R$ 2.298,22",6%,"R$ 50.560,90","R$ 3.256,41","R$ 47.304,48","R$ 26.046,04","R$ 21.258,44","44,94",,,,,,,
1791,2024-11-18 00:00:00,2024,Novembro,18,1525,Consumidor Final,Nordeste,PE,Eletrônicos,Headset Gamer,E-commerce,3,"R$ 219,54",11%,"R$ 658,61","R$ 71,89","R$ 586,72","R$ 410,68","R$ 176,04","30,00",,,,,,,
1792,2024-11-18 00:00:00,2024,Novembro,18,1399,Pequenas Empresas,Nordeste,PE,Móveis,Mesa Gamer,Loja Física,3,"R$ 779,46",5%,"R$ 2.338,38","R$ 124,13","R$ 2.214,25","R$ 1.539,06","R$ 675,19","30,49",,,,,,,
1793,2024-11-18 00:00:00,2024,Novembro,18,1837,Consumidor Final,Nordeste,PE,Móveis,Mesa Gamer,E-commerce,4,"R$ 253,37",6%,"R$ 1.013,47","R$ 65,67","R$ 947,80","R$ 684,83","R$ 262,98","27,75",,,,,,,
1794,2024-11-18 00:00:00,2024,Novembro,18,1562,Pequenas Empresas,Sul,SC,Eletrônicos,Webcam 4K,Loja Física,4,"R$ 581,99",6%,"R$ 2.327,97","R$ 145,08","R$ 2.182,90","R$ 1.319,64","R$ 863,26","39,55",,,,,,,
1795,2024-11-18 00:00:00,2024,Novembro,18,1153,Consumidor Final,Sul,RS,Eletrônicos,Teclado Mecânico,E-commerce,5,"R$ 378,80",6%,"R$ 1.893,98","R$ 107,99","R$ 1.785,99","R$ 1.058,02","R$ 727,97","40,76",,,,,,,
1796,2024-11-18 00:00:00,2024,Novembro,18,1593,Pequenas Empresas,Sudeste,RJ,Eletrônicos,Mouse Gamer,Loja Física,4,"R$ 728,74",7%,"R$ 2.914,95","R$ 201,84","R$ 2.713,11","R$ 1.532,83","R$ 1.180,27","43,50",,,,,,,
1797,2024-11-19 00:00:00,2024,Novembro,19,1921,Pequenas Empresas,Sul,PR,Eletrônicos,Teclado Mecânico,E-commerce,12,"R$ 518,02",2%,"R$ 6.216,23","R$ 128,18","R$ 6.088,05","R$ 3.830,57","R$ 2.257,48","37,08",,,,,,,
1798,2024-11-19 00:00:00,2024,Novembro,19,1823,Corporativo,Centro-Oeste,GO,Eletrônicos,Headset Gamer,E-commerce,36,"R$ 2.649,92",4%,"R$ 95.397,20","R$ 4.114,94","R$ 91.282,25","R$ 61.970,22","R$ 29.312,03","32,11",,,,,,,
1799,2024-11-19 00:00:00,2024,Novembro,19,1109,Corporativo,Sul,SC,Móveis,Mesa Gamer,E-commerce,47,"R$ 2.260,12",9%,"R$ 106.225,54","R$ 9.751,41","R$ 96.474,12","R$ 55.072,41","R$ 41.401,72","42,91",,,,,,,
1800,2024-11-19 00:00:00,2024,Novembro,19,1944,Corporativo,Sul,RS,Eletrônicos,Teclado Mecânico,E-commerce,47,"R$ 2.398,92",3%,"R$ 112.749,04","R$ 3.261,94","R$ 109.487,10","R$ 66.970,43","R$ 42.516,68","38,83",,,,,,,
1801,2024-11-19 00:00:00,2024,Novembro,19,1601,Pequenas Empresas,Sudeste,RJ,Eletrônicos,Mouse Gamer,Loja Física,5,"R$ 1.169,58",9%,"R$ 5.847,91","R$ 523,50","R$ 5.324,41","R$ 2.882,24","R$ 2.442,17","45,87",,,,,,,
1802,2024-11-19 00:00:00,2024,Novembro,19,1979,Consumidor Final,Nordeste,BA,Eletrônicos,Webcam 4K,E-commerce,1,"R$ 338,81",12%,"R$ 338,81","R$ 39,76","R$ 299,04","R$ 218,34","R$ 80,70","26,99",,,,,,,
1803,2024-11-19 00:00:00,2024,Novembro,19,1493,Consumidor Final,Sul,PR,Eletrônicos,Teclado Mecânico,Loja Física,1,"R$ 417,25",12%,"R$ 417,25","R$ 48,99","R$ 368,26","R$ 216,53","R$ 151,73","41,20",,,,,,,
1804,2024-11-19 00:00:00,2024,Novembro,19,1943,Consumidor Final,Nordeste,PE,Eletrônicos,Monitor Ultrawide,E-commerce,1,"R$ 361,61",4%,"R$ 361,61","R$ 15,21","R$ 346,40","R$ 253,92","R$ 92,48","26,70",,,,,,,
1805,2024-11-19 00:00:00,2024,Novembro,19,1886,Pequenas Empresas,Sudeste,MG,Eletrônicos,Webcam 4K,E-commerce,11,"R$ 608,32",1%,"R$ 6.691,50","R$ 80,50","R$ 6.611,00","R$ 3.617,96","R$ 2.993,04","45,27",,,,,,,
1806,2024-11-20 00:00:00,2024,Novembro,20,1620,Consumidor Final,Nordeste,CE,Eletrônicos,Mouse Gamer,E-commerce,4,"R$ 332,17",6%,"R$ 1.328,68","R$ 74,05","R$ 1.254,63","R$ 912,39","R$ 342,23","27,28",,,,,,,
1807,2024-11-20 00:00:00,2024,Novembro,20,1759,Corporativo,Sul,SC,Eletrônicos,Headset Gamer,E-commerce,28,"R$ 3.179,18",6%,"R$ 89.016,94","R$ 5.529,16","R$ 83.487,78","R$ 48.592,00","R$ 34.895,78","41,80",,,,,,,
1808,2024-11-20 00:00:00,2024,Novembro,20,1509,Consumidor Final,Sul,SC,Móveis,Mesa Gamer,Loja Física,2,"R$ 254,11",6%,"R$ 508,23","R$ 28,51","R$ 479,72","R$ 301,73","R$ 177,98","37,10",,,,,,,
1809,2024-11-20 00:00:00,2024,Novembro,20,1421,Pequenas Empresas,Sudeste,MG,Eletrônicos,Teclado Mecânico,E-commerce,7,"R$ 571,21",6%,"R$ 3.998,44","R$ 249,13","R$ 3.749,31","R$ 2.103,02","R$ 1.646,28","43,91",,,,,,,
1810,2024-11-20 00:00:00,2024,Novembro,20,1845,Consumidor Final,Sudeste,RJ,Eletrônicos,Mouse Gamer,E-commerce,4,"R$ 188,93",9%,"R$ 755,71","R$ 69,91","R$ 685,81","R$ 393,68","R$ 292,12","42,60",,,,,,,
1811,2024-11-20 00:00:00,2024,Novembro,20,1955,Corporativo,Nordeste,PE,Eletrônicos,Webcam 4K,E-commerce,22,"R$ 2.807,76",4%,"R$ 61.770,79","R$ 2.336,19","R$ 59.434,60","R$ 44.431,57","R$ 15.003,03","25,24",,,,,,,
1812,2024-11-21 00:00:00,2024,Novembro,21,1986,Corporativo,Sul,RS,Eletrônicos,Monitor Ultrawide,E-commerce,30,"R$ 1.227,06",7%,"R$ 36.811,79","R$ 2.748,64","R$ 34.063,15","R$ 20.435,04","R$ 13.628,11","40,01",,,,,,,
1813,2024-11-21 00:00:00,2024,Novembro,21,1209,Pequenas Empresas,Sul,PR,Eletrônicos,Mouse Gamer,E-commerce,10,"R$ 616,85",4%,"R$ 6.168,50","R$ 268,13","R$ 5.900,38","R$ 3.535,10","R$ 2.365,28","40,09",,,,,,,
1814,2024-11-21 00:00:00,2024,Novembro,21,1916,Corporativo,Nordeste,BA,Eletrônicos,Cadeira Gamer,E-commerce,36,"R$ 3.093,10",1%,"R$ 111.351,65","R$ 1.627,63","R$ 109.724,02","R$ 79.191,67","R$ 30.532,35","27,83",,,,,,,
1815,2024-11-21 00:00:00,2024,Novembro,21,1562,Corporativo,Nordeste,CE,Eletrônicos,Microfone Condensador,E-commerce,34,"R$ 2.238,07",5%,"R$ 76.094,53","R$ 3.976,80","R$ 72.117,73","R$ 52.217,56","R$ 19.900,17","27,59",,,,,,,
1816,2024-11-21 00:00:00,2024,Novembro,21,1818,Corporativo,Sudeste,MG,Eletrônicos,Monitor Ultrawide,E-commerce,28,"R$ 2.342,57",1%,"R$ 65.592,00","R$ 953,31","R$ 64.638,68","R$ 35.224,46","R$ 29.414,23","45,51",,,,,,,
1817,2024-11-21 00:00:00,2024,Novembro,21,1115,Consumidor Final,Sul,PR,Eletrônicos,Webcam 4K,Loja Física,1,"R$ 258,14",6%,"R$ 258,14","R$ 14,80","R$ 243,34","R$ 147,32","R$ 96,01","39,46",,,,,,,
1818,2024-11-22 00:00:00,2024,Novembro,22,1756,Consumidor Final,Sudeste,SP,Eletrônicos,Headset Gamer,Loja Física,1,"R$ 374,65",8%,"R$ 374,65","R$ 31,24","R$ 343,41","R$ 178,75","R$ 164,66","47,95",,,,,,,
1819,2024-11-22 00:00:00,2024,Novembro,22,1335,Pequenas Empresas,Sul,RS,Móveis,Mesa Gamer,E-commerce,14,"R$ 478,93",8%,"R$ 6.704,96","R$ 523,66","R$ 6.181,30","R$ 3.840,93","R$ 2.340,37","37,86",,,,,,,
1820,2024-11-22 00:00:00,2024,Novembro,22,1858,Pequenas Empresas,Sudeste,MG,Eletrônicos,Webcam 4K,E-commerce,14,"R$ 1.106,50",7%,"R$ 15.490,94","R$ 1.138,19","R$ 14.352,75","R$ 8.019,72","R$ 6.333,02","44,12",,,,,,,
1821,2024-11-22 00:00:00,2024,Novembro,22,1101,Consumidor Final,Nordeste,BA,Eletrônicos,Microfone Condensador,E-commerce,5,"R$ 412,23",5%,"R$ 2.061,16","R$ 102,02","R$ 1.959,13","R$ 1.464,00","R$ 495,13","25,27",,,,,,,
1822,2024-11-22 00:00:00,2024,Novembro,22,1758,Corporativo,Sudeste,SP,Eletrônicos,Headset Gamer,E-commerce,37,"R$ 3.087,44",2%,"R$ 114.235,39","R$ 2.750,16","R$ 111.485,23","R$ 57.986,27","R$ 53.498,97","47,99",,,,,,,
1823,2024-11-22 00:00:00,2024,Novembro,22,1468,Pequenas Empresas,Centro-Oeste,GO,Eletrônicos,Teclado Mecânico,E-commerce,12,"R$ 402,86",2%,"R$ 4.834,34","R$ 73,09","R$ 4.761,25","R$ 3.236,41","R$ 1.524,84","32,03",,,,,,,
1824,2024-11-22 00:00:00,2024,Novembro,22,1430,Pequenas Empresas,Sul,SC,Eletrônicos,Mouse Gamer,E-commerce,11,"R$ 1.181,13",4%,"R$ 12.992,44","R$ 531,89","R$ 12.460,54","R$ 7.137,32","R$ 5.323,22","42,72",,,,,,,
1825,2024-11-23 00:00:00,2024,Novembro,23,1442,Pequenas Empresas,Nordeste,PE,Eletrônicos,Cadeira Gamer,E-commerce,7,"R$ 741,69",7%,"R$ 5.191,80","R$ 368,70","R$ 4.823,09","R$ 3.594,07","R$ 1.229,02","25,48",,,,,,,
1826,2024-11-23 00:00:00,2024,Novembro,23,1760,Consumidor Final,Sul,SC,Eletrônicos,Monitor Ultrawide,E-commerce,1,"R$ 315,85",4%,"R$ 315,85","R$ 11,96","R$ 303,90","R$ 174,03","R$ 129,87","42,73",,,,,,,
1827,2024-11-23 00:00:00,2024,Novembro,23,1155,Pequenas Empresas,Centro-Oeste,GO,Eletrônicos,Monitor Ultrawide,Loja Física,3,"R$ 1.179,10",2%,"R$ 3.537,31","R$ 58,57","R$ 3.478,73","R$ 2.195,96","R$ 1.282,77","36,87",,,,,,,
1828,2024-11-23 00:00:00,2024,Novembro,23,1505,Corporativo,Sudeste,SP,Eletrônicos,Mouse Gamer,E-commerce,42,"R$ 2.837,75",7%,"R$ 119.185,33","R$ 8.795,38","R$ 110.389,95","R$ 63.436,67","R$ 46.953,28","42,53",,,,,,,
1829,2024-11-24 00:00:00,2024,Novembro,24,1396,Pequenas Empresas,Sudeste,SP,Eletrônicos,Cadeira Gamer,Loja Física,5,"R$ 1.029,09",4%,"R$ 5.145,47","R$ 192,99","R$ 4.952,48","R$ 2.748,51","R$ 2.203,97","44,50",,,,,,,
1830,2024-11-24 00:00:00,2024,Novembro,24,1645,Corporativo,Sul,SC,Eletrônicos,Mouse Gamer,E-commerce,25,"R$ 2.900,86",12%,"R$ 72.521,45","R$ 8.451,40","R$ 64.070,05","R$ 38.613,21","R$ 25.456,84","39,73",,,,,,,
1831,2024-11-24 00:00:00,2024,Novembro,24,1756,Pequenas Empresas,Sul,RS,Eletrônicos,Teclado Mecânico,E-commerce,6,"R$ 747,69",6%,"R$ 4.486,12","R$ 285,72","R$ 4.200,40","R$ 2.412,52","R$ 1.787,88","42,56",,,,,,,
1832,2024-11-24 00:00:00,2024,Novembro,24,1751,Consumidor Final,Nordeste,PE,Eletrônicos,Microfone Condensador,Loja Física,1,"R$ 309,41",3%,"R$ 309,41","R$ 9,94","R$ 299,46","R$ 219,48","R$ 79,98","26,71",,,,,,,
1833,2024-11-24 00:00:00,2024,Novembro,24,1100,Corporativo,Nordeste,PE,Eletrônicos,Headset Gamer,E-commerce,23,"R$ 2.632,04",8%,"R$ 60.536,92","R$ 4.952,14","R$ 55.584,78","R$ 39.122,58","R$ 16.462,20","29,62",,,,,,,
1834,2024-11-24 00:00:00,2024,Novembro,24,1968,Corporativo,Sudeste,RJ,Eletrônicos,Webcam 4K,Loja Física,11,"R$ 3.224,30",11%,"R$ 35.467,32","R$ 3.818,16","R$ 31.649,16","R$ 16.537,96","R$ 15.111,20","47,75",,,,,,,
1835,2024-11-24 00:00:00,2024,Novembro,24,1955,Pequenas Empresas,Sudeste,SP,Eletrônicos,Monitor Ultrawide,E-commerce,6,"R$ 664,30",6%,"R$ 3.985,83","R$ 236,31","R$ 3.749,52","R$ 2.096,84","R$ 1.652,68","44,08",,,,,,,
1836,2024-11-24 00:00:00,2024,Novembro,24,1210,Consumidor Final,Sudeste,RJ,Eletrônicos,Teclado Mecânico,E-commerce,1,"R$ 259,51",11%,"R$ 259,51","R$ 28,41","R$ 231,09","R$ 127,06","R$ 104,04","45,02",,,,,,,
1837,2024-11-24 00:00:00,2024,Novembro,24,1836,Consumidor Final,Sudeste,MG,Eletrônicos,Headset Gamer,Loja Física,2,"R$ 327,45",8%,"R$ 654,91","R$ 52,15","R$ 602,76","R$ 347,68","R$ 255,08","42,32",,,,,,,
1838,2024-11-25 00:00:00,2024,Novembro,25,1426,Pequenas Empresas,Nordeste,CE,Eletrônicos,Teclado Mecânico,E-commerce,8,"R$ 1.021,49",10%,"R$ 8.171,91","R$ 790,58","R$ 7.381,32","R$ 5.222,42","R$ 2.158,90","29,25",,,,,,,
1839,2024-11-25 00:00:00,2024,Novembro,25,1744,Consumidor Final,Sudeste,RJ,Eletrônicos,Cadeira Gamer,E-commerce,1,"R$ 253,93",1%,"R$ 253,93","R$ 3,08","R$ 250,85","R$ 133,07","R$ 117,78","46,95",,,,,,,
1840,2024-11-25 00:00:00,2024,Novembro,25,1161,Corporativo,Sul,PR,Eletrônicos,Monitor Ultrawide,E-commerce,31,"R$ 3.254,44",11%,"R$ 100.887,74","R$ 10.845,57","R$ 90.042,16","R$ 53.800,08","R$ 36.242,08","40,25",,,,,,,
1841,2024-11-25 00:00:00,2024,Novembro,25,1076,Consumidor Final,Nordeste,PE,Eletrônicos,Webcam 4K,Loja Física,1,"R$ 373,65",7%,"R$ 373,65","R$ 24,51","R$ 349,14","R$ 248,29","R$ 100,85","28,89",,,,,,,
1842,2024-11-25 00:00:00,2024,Novembro,25,1378,Corporativo,Sudeste,SP,Eletrônicos,Mouse Gamer,E-commerce,18,"R$ 3.429,27",8%,"R$ 61.726,91","R$ 4.750,21","R$ 56.976,70","R$ 31.681,09","R$ 25.295,61","44,40",,,,,,,
1843,2024-11-26 00:00:00,2024,Novembro,26,1674,Pequenas Empresas,Nordeste,BA,Eletrônicos,Mouse Gamer,E-commerce,9,"R$ 522,49",4%,"R$ 4.702,42","R$ 186,31","R$ 4.516,11","R$ 3.227,05","R$ 1.289,06","28,54",,,,,,,
1844,2024-11-26 00:00:00,2024,Novembro,26,1453,Corporativo,Nordeste,CE,Eletrônicos,Headset Gamer,Loja Física,20,"R$ 3.189,49",7%,"R$ 63.789,72","R$ 4.587,69","R$ 59.202,03","R$ 41.025,79","R$ 18.176,24","30,70",,,,,,,
1845,2024-11-26 00:00:00,2024,Novembro,26,1166,Pequenas Empresas,Centro-Oeste,GO,Eletrônicos,Webcam 4K,E-commerce,9,"R$ 1.150,39",10%,"R$ 10.353,51","R$ 1.043,88","R$ 9.309,63","R$ 5.940,78","R$ 3.368,86","36,19",,,,,,,
1846,2024-11-26 00:00:00,2024,Novembro,26,1523,Consumidor Final,Sudeste,SP,Eletrônicos,Microfone Condensador,Loja Física,1,"R$ 342,83",7%,"R$ 342,83","R$ 23,65","R$ 319,17","R$ 179,86","R$ 139,31","43,65",,,,,,,
1847,2024-11-26 00:00:00,2024,Novembro,26,1611,Consumidor Final,Sul,PR,Móveis,Mesa Gamer,Loja Física,1,"R$ 248,21",10%,"R$ 248,21","R$ 23,80","R$ 224,41","R$ 130,06","R$ 94,35","42,04",,,,,,,
1848,2024-11-26 00:00:00,2024,Novembro,26,1657,Corporativo,Sudeste,MG,Eletrônicos,Cadeira Gamer,E-commerce,32,"R$ 3.147,92",5%,"R$ 100.733,50","R$ 5.177,98","R$ 95.555,53","R$ 53.721,58","R$ 41.833,95","43,78",,,,,,,
1849,2024-11-26 00:00:00,2024,Novembro,26,1613,Corporativo,Nordeste,PE,Eletrônicos,Headset Gamer,Loja Física,23,"R$ 2.676,08",6%,"R$ 61.549,92","R$ 3.810,75","R$ 57.739,17","R$ 40.159,13","R$ 17.580,04","30,45",,,,,,,
1850,2024-11-26 00:00:00,2024,Novembro,26,1448,Pequenas Empresas,Nordeste,BA,Móveis,Mesa Gamer,Loja Física,4,"R$ 800,59",6%,"R$ 3.202,35","R$ 192,63","R$ 3.009,72","R$ 2.195,09","R$ 814,63","27,07",,,,,,,
1851,2024-11-27 00:00:00,2024,Novembro,27,1065,Corporativo,Centro-Oeste,GO,Eletrônicos,Teclado Mecânico,E-commerce,27,"R$ 2.633,91",5%,"R$ 71.115,51","R$ 3.399,41","R$ 67.716,10","R$ 45.421,19","R$ 22.294,92","32,92",,,,,,,
1852,2024-11-28 00:00:00,2024,Novembro,28,1565,Consumidor Final,Sul,PR,Eletrônicos,Cadeira Gamer,E-commerce,4,"R$ 268,28",8%,"R$ 1.073,11","R$ 90,66","R$ 982,45","R$ 590,89","R$ 391,57","39,86",,,,,,,
1853,2024-11-28 00:00:00,2024,Novembro,28,1985,Pequenas Empresas,Nordeste,BA,Eletrônicos,Teclado Mecânico,E-commerce,8,"R$ 880,15",4%,"R$ 7.041,16","R$ 290,42","R$ 6.750,74","R$ 4.706,39","R$ 2.044,35","30,28",,,,,,,
1854,2024-11-28 00:00:00,2024,Novembro,28,1535,Pequenas Empresas,Sul,SC,Eletrônicos,Microfone Condensador,E-commerce,7,"R$ 767,33",4%,"R$ 5.371,29","R$ 202,48","R$ 5.168,81","R$ 3.141,50","R$ 2.027,31","39,22",,,,,,,
1855,2024-11-28 00:00:00,2024,Novembro,28,1586,Pequenas Empresas,Nordeste,BA,Eletrônicos,Webcam 4K,E-commerce,5,"R$ 739,70",6%,"R$ 3.698,52","R$ 224,53","R$ 3.474,00","R$ 2.601,23","R$ 872,77","25,12",,,,,,,
1856,2024-11-28 00:00:00,2024,Novembro,28,1365,Corporativo,Nordeste,CE,Eletrônicos,Monitor Ultrawide,E-commerce,24,"R$ 1.571,94",5%,"R$ 37.726,55","R$ 1.908,10","R$ 35.818,45","R$ 25.952,71","R$ 9.865,74","27,54",,,,,,,
1857,2024-11-29 00:00:00,2024,Novembro,29,1176,Consumidor Final,Sul,PR,Eletrônicos,Cadeira Gamer,Loja Física,2,"R$ 165,63",6%,"R$ 331,25","R$ 19,20","R$ 312,05","R$ 184,93","R$ 127,13","40,74",,,,,,,
1858,2024-11-29 00:00:00,2024,Novembro,29,1220,Pequenas Empresas,Sul,RS,Móveis,Mesa Gamer,E-commerce,6,"R$ 505,77",9%,"R$ 3.034,62","R$ 268,66","R$ 2.765,96","R$ 1.670,29","R$ 1.095,67","39,61",,,,,,,
1859,2024-11-29 00:00:00,2024,Novembro,29,1777,Consumidor Final,Sul,RS,Eletrônicos,Microfone Condensador,E-commerce,4,"R$ 296,17",5%,"R$ 1.184,70","R$ 58,17","R$ 1.126,53","R$ 692,72","R$ 433,82","38,51",,,,,,,
1860,2024-11-29 00:00:00,2024,Novembro,29,1177,Consumidor Final,Centro-Oeste,GO,Eletrônicos,Monitor Ultrawide,Loja Física,1,"R$ 274,41",2%,"R$ 274,41","R$ 5,23","R$ 269,18","R$ 173,25","R$ 95,93","35,64",,,,,,,
1861,2024-11-29 00:00:00,2024,Novembro,29,1098,Consumidor Final,Sul,PR,Eletrônicos,Mouse Gamer,Loja Física,1,"R$ 394,37",7%,"R$ 394,37","R$ 27,09","R$ 367,27","R$ 228,27","R$ 139,00","37,85",,,,,,,
1862,2024-11-30 00:00:00,2024,Novembro,30,1946,Consumidor Final,Sudeste,MG,Móveis,Mesa Gamer,Loja Física,1,"R$ 220,64",3%,"R$ 220,64","R$ 5,55","R$ 215,09","R$ 116,85","R$ 98,24","45,67",,,,,,,
1863,2024-11-30 00:00:00,2024,Novembro,30,1778,Corporativo,Sul,SC,Eletrônicos,Headset Gamer,E-commerce,17,"R$ 2.557,27",4%,"R$ 43.473,55","R$ 1.860,00","R$ 41.613,55","R$ 26.128,99","R$ 15.484,57","37,21",,,,,,,
1864,2024-11-30 00:00:00,2024,Novembro,30,1480,Corporativo,Sul,RS,Eletrônicos,Mouse Gamer,E-commerce,26,"R$ 1.931,42",10%,"R$ 50.216,98","R$ 4.900,83","R$ 45.316,15","R$ 27.375,31","R$ 17.940,85","39,59",,,,,,,
1865,2024-11-30 00:00:00,2024,Novembro,30,1987,Pequenas Empresas,Sudeste,RJ,Eletrônicos,Microfone Condensador,Loja Física,5,"R$ 970,43",4%,"R$ 4.852,13","R$ 194,50","R$ 4.657,63","R$ 2.667,45","R$ 1.990,18","42,73",,,,,,,
1866,2024-11-30 00:00:00,2024,Novembro,30,1851,Corporativo,Centro-Oeste,GO,Eletrônicos,Mouse Gamer,E-commerce,37,"R$ 2.217,73",8%,"R$ 82.056,01","R$ 6.660,01","R$ 75.396,01","R$ 49.033,98","R$ 26.362,03","34,96",,,,,,,
1867,2024-12-01 00:00:00,2024,Dezembro,1,1890,Corporativo,Sudeste,RJ,Eletrônicos,Headset Gamer,Loja Física,18,"R$ 3.180,96",3%,"R$ 57.257,25","R$ 1.982,80","R$ 55.274,45","R$ 28.937,53","R$ 26.336,92","47,65",,,,,,,
1868,2024-12-01 00:00:00,2024,Dezembro,1,1012,Pequenas Empresas,Sudeste,RJ,Eletrônicos,Cadeira Gamer,Loja Física,4,"R$ 1.098,85",6%,"R$ 4.395,39","R$ 252,95","R$ 4.142,44","R$ 2.300,02","R$ 1.842,41","44,48",,,,,,,
1869,2024-12-01 00:00:00,2024,Dezembro,1,1301,Consumidor Final,Sul,SC,Eletrônicos,Mouse Gamer,E-commerce,5,"R$ 283,64",9%,"R$ 1.418,19","R$ 125,58","R$ 1.292,61","R$ 747,06","R$ 545,55","42,21",,,,,,,
1870,2024-12-01 00:00:00,2024,Dezembro,1,1558,Corporativo,Nordeste,PE,Eletrônicos,Webcam 4K,Loja Física,10,"R$ 3.163,01",5%,"R$ 31.630,06","R$ 1.701,60","R$ 29.928,45","R$ 21.903,35","R$ 8.025,11","26,81",,,,,,,
1871,2024-12-02 00:00:00,2024,Dezembro,2,1678,Corporativo,Nordeste,CE,Móveis,Mesa Gamer,Loja Física,23,"R$ 1.207,30",12%,"R$ 27.767,92","R$ 3.208,67","R$ 24.559,25","R$ 17.546,91","R$ 7.012,34","28,55",,,,,,,
1872,2024-12-03 00:00:00,2024,Dezembro,3,1841,Corporativo,Centro-Oeste,GO,Eletrônicos,Monitor Ultrawide,E-commerce,39,"R$ 2.608,73",9%,"R$ 101.740,31","R$ 9.276,16","R$ 92.464,15","R$ 58.618,88","R$ 33.845,27","36,60",,,,,,,
1873,2024-12-03 00:00:00,2024,Dezembro,3,1344,Corporativo,Centro-Oeste,GO,Eletrônicos,Mouse Gamer,E-commerce,24,"R$ 2.715,21",8%,"R$ 65.164,99","R$ 5.118,36","R$ 60.046,63","R$ 39.049,80","R$ 20.996,83","34,97",,,,,,,
1874,2024-12-03 00:00:00,2024,Dezembro,3,1556,Consumidor Final,Sul,RS,Móveis,Mesa Gamer,E-commerce,4,"R$ 280,62",5%,"R$ 1.122,47","R$ 60,85","R$ 1.061,62","R$ 632,15","R$ 429,47","40,45",,,,,,,
1875,2024-12-03 00:00:00,2024,Dezembro,3,1900,Consumidor Final,Centro-Oeste,GO,Eletrônicos,Teclado Mecânico,E-commerce,4,"R$ 171,92",5%,"R$ 687,66","R$ 35,48","R$ 652,18","R$ 415,70","R$ 236,48","36,26",,,,,,,
1876,2024-12-03 00:00:00,2024,Dezembro,3,1142,Corporativo,Nordeste,BA,Móveis,Mesa Gamer,E-commerce,37,"R$ 1.471,08",12%,"R$ 54.429,90","R$ 6.281,63","R$ 48.148,27","R$ 35.848,28","R$ 12.299,99","25,55",,,,,,,
1877,2024-12-03 00:00:00,2024,Dezembro,3,1929,Pequenas Empresas,Nordeste,PE,Eletrônicos,Monitor Ultrawide,E-commerce,11,"R$ 1.197,78",7%,"R$ 13.175,60","R$ 892,38","R$ 12.283,22","R$ 8.811,54","R$ 3.471,68","28,26",,,,,,,
1878,2024-12-03 00:00:00,2024,Dezembro,3,1136,Corporativo,Sudeste,SP,Móveis,Mesa Gamer,Loja Física,19,"R$ 1.778,55",5%,"R$ 33.792,54","R$ 1.614,48","R$ 32.178,06","R$ 17.775,45","R$ 14.402,61","44,76",,,,,,,
1879,2024-12-04 00:00:00,2024,Dezembro,4,1654,Consumidor Final,Nordeste,BA,Eletrônicos,Headset Gamer,Loja Física,1,"R$ 231,46",6%,"R$ 231,46","R$ 13,75","R$ 217,71","R$ 154,76","R$ 62,95","28,92",,,,,,,
1880,2024-12-04 00:00:00,2024,Dezembro,4,1319,Corporativo,Nordeste,CE,Eletrônicos,Microfone Condensador,Loja Física,14,"R$ 3.094,57",6%,"R$ 43.323,92","R$ 2.386,38","R$ 40.937,54","R$ 28.269,50","R$ 12.668,04","30,94",,,,,,,
1881,2024-12-04 00:00:00,2024,Dezembro,4,1166,Consumidor Final,Centro-Oeste,GO,Eletrônicos,Monitor Ultrawide,E-commerce,1,"R$ 353,36",6%,"R$ 353,36","R$ 22,08","R$ 331,28","R$ 222,07","R$ 109,21","32,97",,,,,,,
1882,2024-12-05 00:00:00,2024,Dezembro,5,1905,Consumidor Final,Sul,RS,Eletrônicos,Microfone Condensador,Loja Física,2,"R$ 390,80",3%,"R$ 781,61","R$ 19,81","R$ 761,79","R$ 444,43","R$ 317,37","41,66",,,,,,,
1883,2024-12-05 00:00:00,2024,Dezembro,5,1261,Corporativo,Nordeste,BA,Eletrônicos,Cadeira Gamer,Loja Física,11,"R$ 2.671,12",6%,"R$ 29.382,31","R$ 1.895,49","R$ 27.486,83","R$ 20.585,64","R$ 6.901,18","25,11",,,,,,,
1884,2024-12-05 00:00:00,2024,Dezembro,5,1130,Corporativo,Sudeste,RJ,Eletrônicos,Microfone Condensador,E-commerce,22,"R$ 1.409,45",6%,"R$ 31.007,95","R$ 1.926,56","R$ 29.081,39","R$ 16.529,22","R$ 12.552,17","43,16",,,,,,,
1885,2024-12-05 00:00:00,2024,Dezembro,5,1662,Consumidor Final,Sudeste,MG,Eletrônicos,Teclado Mecânico,E-commerce,2,"R$ 250,66",5%,"R$ 501,32","R$ 22,95","R$ 478,38","R$ 250,95","R$ 227,42","47,54",,,,,,,
1886,2024-12-06 00:00:00,2024,Dezembro,6,1380,Pequenas Empresas,Sul,RS,Eletrônicos,Headset Gamer,Loja Física,6,"R$ 419,34",4%,"R$ 2.516,02","R$ 109,94","R$ 2.406,07","R$ 1.419,65","R$ 986,42","41,00",,,,,,,
1887,2024-12-06 00:00:00,2024,Dezembro,6,1916,Corporativo,Nordeste,PE,Eletrônicos,Cadeira Gamer,E-commerce,34,"R$ 2.001,03",5%,"R$ 68.035,07","R$ 3.595,68","R$ 64.439,39","R$ 46.352,69","R$ 18.086,70","28,07",,,,,,,
1888,2024-12-06 00:00:00,2024,Dezembro,6,1406,Consumidor Final,Sul,PR,Móveis,Mesa Gamer,Loja Física,1,"R$ 201,84",5%,"R$ 201,84","R$ 9,96","R$ 191,88","R$ 117,54","R$ 74,34","38,74",,,,,,,
1889,2024-12-06 00:00:00,2024,Dezembro,6,1342,Corporativo,Sudeste,MG,Eletrônicos,Monitor Ultrawide,E-commerce,43,"R$ 1.254,69",5%,"R$ 53.951,52","R$ 2.895,06","R$ 51.056,46","R$ 28.683,41","R$ 22.373,05","43,82",,,,,,,
1890,2024-12-06 00:00:00,2024,Dezembro,6,1734,Pequenas Empresas,Nordeste,PE,Eletrônicos,Teclado Mecânico,E-commerce,14,"R$ 566,66",7%,"R$ 7.933,26","R$ 537,21","R$ 7.396,06","R$ 5.300,72","R$ 2.095,34","28,33",,,,,,,
1891,2024-12-06 00:00:00,2024,Dezembro,6,1654,Consumidor Final,Nordeste,BA,Eletrônicos,Headset Gamer,Loja Física,1,"R$ 241,31",9%,"R$ 241,31","R$ 20,53","R$ 220,78","R$ 154,36","R$ 66,42","30,09",,,,,,,
1892,2024-12-07 00:00:00,2024,Dezembro,7,1856,Consumidor Final,Nordeste,CE,Eletrônicos,Cadeira Gamer,E-commerce,3,"R$ 376,53",9%,"R$ 1.129,58","R$ 104,59","R$ 1.025,00","R$ 752,42","R$ 272,58","26,59",,,,,,,
1893,2024-12-07 00:00:00,2024,Dezembro,7,1129,Corporativo,Nordeste,CE,Eletrônicos,Cadeira Gamer,Loja Física,9,"R$ 2.292,95",11%,"R$ 20.636,59","R$ 2.351,81","R$ 18.284,79","R$ 13.478,31","R$ 4.806,48","26,29",,,,,,,
1894,2024-12-07 00:00:00,2024,Dezembro,7,1275,Pequenas Empresas,Nordeste,BA,Eletrônicos,Teclado Mecânico,Loja Física,2,"R$ 776,23",6%,"R$ 1.552,46","R$ 93,88","R$ 1.458,59","R$ 1.007,86","R$ 450,73","30,90",,,,,,,
1895,2024-12-07 00:00:00,2024,Dezembro,7,1493,Pequenas Empresas,Sudeste,SP,Eletrônicos,Webcam 4K,E-commerce,8,"R$ 654,88",11%,"R$ 5.239,07","R$ 568,03","R$ 4.671,04","R$ 2.569,99","R$ 2.101,05","44,98",,,,,,,
1896,2024-12-07 00:00:00,2024,Dezembro,7,1362,Corporativo,Centro-Oeste,GO,Móveis,Mesa Gamer,Loja Física,20,"R$ 2.439,28",6%,"R$ 48.785,69","R$ 2.881,90","R$ 45.903,79","R$ 29.658,94","R$ 16.244,85","35,39",,,,,,,
1897,2024-12-07 00:00:00,2024,Dezembro,7,1108,Consumidor Final,Sudeste,SP,Eletrônicos,Teclado Mecânico,E-commerce,3,"R$ 369,07",7%,"R$ 1.107,22","R$ 73,49","R$ 1.033,73","R$ 555,40","R$ 478,34","46,27",,,,,,,
1898,2024-12-08 00:00:00,2024,Dezembro,8,1582,Corporativo,Sul,RS,Eletrônicos,Cadeira Gamer,E-commerce,27,"R$ 1.207,79",4%,"R$ 32.610,39","R$ 1.205,99","R$ 31.404,39","R$ 18.457,14","R$ 12.947,25","41,23",,,,,,,
1899,2024-12-08 00:00:00,2024,Dezembro,8,1424,Consumidor Final,Sudeste,RJ,Eletrônicos,Mouse Gamer,E-commerce,1,"R$ 214,51",3%,"R$ 214,51","R$ 6,97","R$ 207,53","R$ 118,11","R$ 89,42","43,09",,,,,,,
1900,2024-12-09 00:00:00,2024,Dezembro,9,1475,Pequenas Empresas,Nordeste,PE,Eletrônicos,Headset Gamer,E-commerce,9,"R$ 1.100,03",8%,"R$ 9.900,25","R$ 767,84","R$ 9.132,41","R$ 6.746,18","R$ 2.386,22","26,13",,,,,,,
1901,2024-12-09 00:00:00,2024,Dezembro,9,1581,Corporativo,Nordeste,CE,Eletrônicos,Teclado Mecânico,Loja Física,13,"R$ 3.395,00",4%,"R$ 44.134,94","R$ 1.642,20","R$ 42.492,74","R$ 30.004,18","R$ 12.488,56","29,39",,,,,,,
1902,2024-12-09 00:00:00,2024,Dezembro,9,1541,Corporativo,Sudeste,SP,Eletrônicos,Webcam 4K,E-commerce,19,"R$ 2.248,61",2%,"R$ 42.723,53","R$ 761,88","R$ 41.961,65","R$ 22.326,90","R$ 19.634,75","46,79",,,,,,,
1903,2024-12-09 00:00:00,2024,Dezembro,9,1858,Pequenas Empresas,Sul,RS,Eletrônicos,Cadeira Gamer,Loja Física,6,"R$ 430,89",2%,"R$ 2.585,36","R$ 62,33","R$ 2.523,03","R$ 1.555,50","R$ 967,53","38,35",,,,,,,
1904,2024-12-09 00:00:00,2024,Dezembro,9,1313,Corporativo,Nordeste,BA,Móveis,Mesa Gamer,Loja Física,19,"R$ 1.274,66",9%,"R$ 24.218,51","R$ 2.225,71","R$ 21.992,80","R$ 16.318,63","R$ 5.674,17","25,80",,,,,,,
1905,2024-12-10 00:00:00,2024,Dezembro,10,1040,Corporativo,Nordeste,BA,Eletrônicos,Microfone Condensador,Loja Física,9,"R$ 2.219,07",3%,"R$ 19.971,67","R$ 563,85","R$ 19.407,82","R$ 13.412,31","R$ 5.995,52","30,89",,,,,,,
1906,2024-12-10 00:00:00,2024,Dezembro,10,1418,Corporativo,Sul,SC,Eletrônicos,Cadeira Gamer,Loja Física,10,"R$ 3.115,38",5%,"R$ 31.153,83","R$ 1.429,81","R$ 29.724,01","R$ 17.428,08","R$ 12.295,93","41,37",,,,,,,
1907,2024-12-10 00:00:00,2024,Dezembro,10,1669,Consumidor Final,Sudeste,RJ,Móveis,Mesa Gamer,E-commerce,2,"R$ 316,51",4%,"R$ 633,01","R$ 26,33","R$ 606,68","R$ 317,65","R$ 289,03","47,64",,,,,,,
1908,2024-12-10 00:00:00,2024,Dezembro,10,1643,Pequenas Empresas,Sul,PR,Eletrônicos,Teclado Mecânico,E-commerce,8,"R$ 594,06",5%,"R$ 4.752,49","R$ 232,14","R$ 4.520,36","R$ 2.590,12","R$ 1.930,24","42,70",,,,,,,
1909,2024-12-11 00:00:00,2024,Dezembro,11,1687,Consumidor Final,Sudeste,MG,Móveis,Mesa Gamer,E-commerce,4,"R$ 222,70",8%,"R$ 890,79","R$ 75,42","R$ 815,37","R$ 461,61","R$ 353,76","43,39",,,,,,11.0,Novembro
1910,2024-12-11 00:00:00,2024,Dezembro,11,1904,Pequenas Empresas,Sul,RS,Eletrônicos,Monitor Ultrawide,Loja Física,3,"R$ 614,28",10%,"R$ 1.842,83","R$ 190,99","R$ 1.651,84","R$ 1.024,25","R$ 627,59","37,99",,,,,,,
1911,2024-12-12 00:00:00,2024,Dezembro,12,1950,Pequenas Empresas,Centro-Oeste,GO,Eletrônicos,Monitor Ultrawide,E-commerce,6,"R$ 541,63",8%,"R$ 3.249,80","R$ 259,14","R$ 2.990,66","R$ 1.968,31","R$ 1.022,35","34,18",,,,,,,
1912,2024-12-12 00:00:00,2024,Dezembro,12,1234,Consumidor Final,Sudeste,RJ,Eletrônicos,Monitor Ultrawide,Loja Física,2,"R$ 333,15",5%,"R$ 666,31","R$ 33,36","R$ 632,95","R$ 359,14","R$ 273,81","43,26",,,,,,,
1913,2024-12-12 00:00:00,2024,Dezembro,12,1553,Corporativo,Sul,RS,Eletrônicos,Webcam 4K,E-commerce,37,"R$ 1.533,75",6%,"R$ 56.748,92","R$ 3.639,23","R$ 53.109,69","R$ 32.203,77","R$ 20.905,92","39,36",,,,,,,
1914,2024-12-12 00:00:00,2024,Dezembro,12,1781,Pequenas Empresas,Nordeste,PE,Eletrônicos,Webcam 4K,Loja Física,3,"R$ 583,19",7%,"R$ 1.749,57","R$ 118,85","R$ 1.630,72","R$ 1.178,86","R$ 451,86","27,71",,,,,,,
1915,2024-12-12 00:00:00,2024,Dezembro,12,1793,Corporativo,Sudeste,RJ,Eletrônicos,Mouse Gamer,Loja Física,17,"R$ 3.113,34",3%,"R$ 52.926,82","R$ 1.546,36","R$ 51.380,46","R$ 28.211,48","R$ 23.168,98","45,09",,,,,,,
1916,2024-12-12 00:00:00,2024,Dezembro,12,1042,Corporativo,Nordeste,BA,Eletrônicos,Webcam 4K,Loja Física,14,"R$ 2.594,25",7%,"R$ 36.319,43","R$ 2.591,54","R$ 33.727,89","R$ 23.977,83","R$ 9.750,06","28,91",,,,,,,
1917,2024-12-12 00:00:00,2024,Dezembro,12,1910,Pequenas Empresas,Sul,RS,Eletrônicos,Microfone Condensador,Loja Física,5,"R$ 424,48",4%,"R$ 2.122,42","R$ 87,37","R$ 2.035,05","R$ 1.221,20","R$ 813,85","39,99",,,,,,,
1918,2024-12-13 00:00:00,2024,Dezembro,13,1425,Corporativo,Nordeste,PE,Eletrônicos,Teclado Mecânico,Loja Física,15,"R$ 1.310,09",5%,"R$ 19.651,36","R$ 1.078,16","R$ 18.573,20","R$ 13.144,21","R$ 5.428,98","29,23",,,,,,,
1919,2024-12-13 00:00:00,2024,Dezembro,13,1769,Consumidor Final,Sul,SC,Eletrônicos,Cadeira Gamer,E-commerce,4,"R$ 228,16",8%,"R$ 912,62","R$ 73,96","R$ 838,66","R$ 522,44","R$ 316,22","37,71",,,,,,,
1920,2024-12-13 00:00:00,2024,Dezembro,13,1632,Corporativo,Sul,SC,Eletrônicos,Cadeira Gamer,Loja Física,11,"R$ 2.573,90",6%,"R$ 28.312,94","R$ 1.754,58","R$ 26.558,36","R$ 15.619,00","R$ 10.939,36","41,19",,,,,,,
1921,2024-12-14 00:00:00,2024,Dezembro,14,1697,Consumidor Final,Sul,PR,Eletrônicos,Mouse Gamer,E-commerce,4,"R$ 214,18",1%,"R$ 856,72","R$ 9,11","R$ 847,61","R$ 518,69","R$ 328,92","38,81",,,,,,,
1922,2024-12-14 00:00:00,2024,Dezembro,14,1771,Corporativo,Sudeste,MG,Eletrônicos,Webcam 4K,E-commerce,40,"R$ 2.217,77",6%,"R$ 88.710,87","R$ 5.706,06","R$ 83.004,82","R$ 46.588,35","R$ 36.416,47","43,87",,,,,,,
1923,2024-12-14 00:00:00,2024,Dezembro,14,1734,Corporativo,Sul,SC,Eletrônicos,Microfone Condensador,Loja Física,14,"R$ 2.825,56",9%,"R$ 39.557,84","R$ 3.539,15","R$ 36.018,69","R$ 22.507,99","R$ 13.510,71","37,51",,,,,,,
1924,2024-12-14 00:00:00,2024,Dezembro,14,1842,Consumidor Final,Sudeste,SP,Móveis,Mesa Gamer,Loja Física,1,"R$ 364,84",5%,"R$ 364,84","R$ 17,47","R$ 347,37","R$ 185,08","R$ 162,29","46,72",,,,,,,
1925,2024-12-14 00:00:00,2024,Dezembro,14,1007,Pequenas Empresas,Sul,SC,Eletrônicos,Mouse Gamer,E-commerce,11,"R$ 965,81",8%,"R$ 10.623,96","R$ 891,17","R$ 9.732,79","R$ 6.017,09","R$ 3.715,69","38,18",,,,,,,
1926,2024-12-14 00:00:00,2024,Dezembro,14,1384,Pequenas Empresas,Sul,RS,Eletrônicos,Microfone Condensador,E-commerce,14,"R$ 678,96",9%,"R$ 9.505,47","R$ 893,53","R$ 8.611,95","R$ 5.375,43","R$ 3.236,52","37,58",,,,,,,
1927,2024-12-15 00:00:00,2024,Dezembro,15,1459,Corporativo,Sudeste,RJ,Móveis,Mesa Gamer,E-commerce,25,"R$ 2.409,08",11%,"R$ 60.226,95","R$ 6.877,23","R$ 53.349,72","R$ 29.037,61","R$ 24.312,11","45,57",,,,,,,
1928,2024-12-15 00:00:00,2024,Dezembro,15,1286,Consumidor Final,Centro-Oeste,GO,Eletrônicos,Microfone Condensador,E-commerce,4,"R$ 237,38",5%,"R$ 949,53","R$ 48,39","R$ 901,14","R$ 570,79","R$ 330,34","36,66",,,,,,,
1929,2024-12-16 00:00:00,2024,Dezembro,16,1076,Pequenas Empresas,Sul,SC,Móveis,Mesa Gamer,E-commerce,12,"R$ 656,99",5%,"R$ 7.883,91","R$ 387,90","R$ 7.496,01","R$ 4.607,28","R$ 2.888,73","38,54",,,,,,,
1930,2024-12-16 00:00:00,2024,Dezembro,16,1686,Consumidor Final,Sudeste,MG,Eletrônicos,Headset Gamer,E-commerce,4,"R$ 323,20",11%,"R$ 1.292,81","R$ 139,46","R$ 1.153,35","R$ 620,48","R$ 532,87","46,20",,,,,,,
1931,2024-12-16 00:00:00,2024,Dezembro,16,1518,Consumidor Final,Nordeste,CE,Eletrônicos,Microfone Condensador,Loja Física,1,"R$ 298,21",2%,"R$ 298,21","R$ 4,79","R$ 293,42","R$ 203,26","R$ 90,16","30,73",,,,,,,
1932,2024-12-16 00:00:00,2024,Dezembro,16,1827,Corporativo,Centro-Oeste,GO,Eletrônicos,Cadeira Gamer,E-commerce,36,"R$ 2.706,90",7%,"R$ 97.448,25","R$ 6.411,36","R$ 91.036,90","R$ 60.031,47","R$ 31.005,43","34,06",,,,,,,
1933,2024-12-16 00:00:00,2024,Dezembro,16,1588,Consumidor Final,Centro-Oeste,GO,Eletrônicos,Monitor Ultrawide,Loja Física,1,"R$ 307,28",4%,"R$ 307,28","R$ 10,81","R$ 296,47","R$ 199,43","R$ 97,03","32,73",,,,,,,
1934,2024-12-17 00:00:00,2024,Dezembro,17,1064,Consumidor Final,Nordeste,PE,Eletrônicos,Webcam 4K,E-commerce,1,"R$ 314,69",10%,"R$ 314,69","R$ 30,72","R$ 283,96","R$ 212,23","R$ 71,74","25,26",,,,,,,
1935,2024-12-17 00:00:00,2024,Dezembro,17,1439,Consumidor Final,Sudeste,RJ,Móveis,Mesa Gamer,Loja Física,1,"R$ 345,26",6%,"R$ 345,26","R$ 21,50","R$ 323,76","R$ 171,18","R$ 152,58","47,13",,,,,,,
1936,2024-12-17 00:00:00,2024,Dezembro,17,1038,Pequenas Empresas,Centro-Oeste,GO,Eletrônicos,Headset Gamer,E-commerce,7,"R$ 818,16",7%,"R$ 5.727,10","R$ 403,79","R$ 5.323,32","R$ 3.588,82","R$ 1.734,50","32,58",,,,,,,
1937,2024-12-17 00:00:00,2024,Dezembro,17,1998,Pequenas Empresas,Nordeste,CE,Eletrônicos,Microfone Condensador,E-commerce,6,"R$ 940,04",12%,"R$ 5.640,22","R$ 663,86","R$ 4.976,36","R$ 3.519,70","R$ 1.456,67","29,27",,,,,,,
1938,2024-12-17 00:00:00,2024,Dezembro,17,1876,Pequenas Empresas,Nordeste,CE,Eletrônicos,Cadeira Gamer,E-commerce,13,"R$ 900,69",10%,"R$ 11.708,93","R$ 1.139,22","R$ 10.569,71","R$ 7.749,33","R$ 2.820,37","26,68",,,,,,,
1939,2024-12-17 00:00:00,2024,Dezembro,17,1559,Pequenas Empresas,Nordeste,BA,Eletrônicos,Monitor Ultrawide,E-commerce,6,"R$ 1.010,80",7%,"R$ 6.064,81","R$ 401,41","R$ 5.663,40","R$ 4.058,36","R$ 1.605,04","28,34",,,,,,,
1940,2024-12-17 00:00:00,2024,Dezembro,17,1126,Pequenas Empresas,Nordeste,CE,Móveis,Mesa Gamer,Loja Física,2,"R$ 492,81",8%,"R$ 985,63","R$ 82,81","R$ 902,81","R$ 653,69","R$ 249,13","27,59",,,,,,,
1941,2024-12-18 00:00:00,2024,Dezembro,18,1344,Pequenas Empresas,Sudeste,MG,Eletrônicos,Microfone Condensador,Loja Física,4,"R$ 430,95",9%,"R$ 1.723,79","R$ 160,12","R$ 1.563,68","R$ 857,67","R$ 706,01","45,15",,,,,,,
1942,2024-12-18 00:00:00,2024,Dezembro,18,1237,Corporativo,Sul,SC,Eletrônicos,Microfone Condensador,E-commerce,43,"R$ 2.630,98",7%,"R$ 113.132,31","R$ 8.414,13","R$ 104.718,18","R$ 64.207,64","R$ 40.510,54","38,69",,,,,,,
1943,2024-12-18 00:00:00,2024,Dezembro,18,1482,Consumidor Final,Sudeste,RJ,Móveis,Mesa Gamer,Loja Física,1,"R$ 224,29",10%,"R$ 224,29","R$ 22,81","R$ 201,48","R$ 111,96","R$ 89,52","44,43",,,,,,,
1944,2024-12-18 00:00:00,2024,Dezembro,18,1530,Consumidor Final,Nordeste,CE,Eletrônicos,Mouse Gamer,Loja Física,1,"R$ 262,36",2%,"R$ 262,36","R$ 4,95","R$ 257,41","R$ 187,07","R$ 70,33","27,32",,,,,,,
1945,2024-12-18 00:00:00,2024,Dezembro,18,1153,Consumidor Final,Sudeste,RJ,Eletrônicos,Mouse Gamer,E-commerce,4,"R$ 358,36",2%,"R$ 1.433,45","R$ 23,08","R$ 1.410,37","R$ 793,93","R$ 616,43","43,71",,,,,,,
1946,2024-12-18 00:00:00,2024,Dezembro,18,1681,Consumidor Final,Centro-Oeste,GO,Eletrônicos,Cadeira Gamer,Loja Física,1,"R$ 227,07",3%,"R$ 227,07","R$ 6,65","R$ 220,42","R$ 140,75","R$ 79,67","36,14",,,,,,,
1947,2024-12-20 00:00:00,2024,Dezembro,20,1703,Consumidor Final,Centro-Oeste,GO,Eletrônicos,Monitor Ultrawide,E-commerce,1,"R$ 240,82",6%,"R$ 240,82","R$ 15,51","R$ 225,31","R$ 151,43","R$ 73,88","32,79",,,,,,,
1948,2024-12-20 00:00:00,2024,Dezembro,20,1300,Consumidor Final,Sudeste,MG,Móveis,Mesa Gamer,E-commerce,5,"R$ 304,31",7%,"R$ 1.521,57","R$ 113,76","R$ 1.407,82","R$ 749,81","R$ 658,00","46,74",,,,,,,
1949,2024-12-20 00:00:00,2024,Dezembro,20,1541,Pequenas Empresas,Nordeste,PE,Eletrônicos,Cadeira Gamer,Loja Física,7,"R$ 639,98",3%,"R$ 4.479,85","R$ 123,83","R$ 4.356,03","R$ 3.097,77","R$ 1.258,26","28,89",,,,,,,
1950,2024-12-21 00:00:00,2024,Dezembro,21,1131,Corporativo,Centro-Oeste,GO,Eletrônicos,Cadeira Gamer,E-commerce,38,"R$ 1.614,04",6%,"R$ 61.333,58","R$ 3.538,74","R$ 57.794,83","R$ 36.502,41","R$ 21.292,42","36,84",,,,,,,
1951,2024-12-21 00:00:00,2024,Dezembro,21,1572,Corporativo,Nordeste,PE,Eletrônicos,Teclado Mecânico,Loja Física,19,"R$ 2.625,92",7%,"R$ 49.892,53","R$ 3.438,47","R$ 46.454,05","R$ 34.672,69","R$ 11.781,36","25,36",,,,,,,
1952,2024-12-22 00:00:00,2024,Dezembro,22,1579,Corporativo,Sudeste,MG,Eletrônicos,Microfone Condensador,E-commerce,30,"R$ 1.832,29",9%,"R$ 54.968,68","R$ 4.883,84","R$ 50.084,83","R$ 27.261,43","R$ 22.823,41","45,57",,,,,,,
1953,2024-12-22 00:00:00,2024,Dezembro,22,1140,Consumidor Final,Sul,RS,Eletrônicos,Webcam 4K,E-commerce,1,"R$ 274,33",2%,"R$ 274,33","R$ 5,96","R$ 268,37","R$ 154,21","R$ 114,16","42,54",,,,,,,
1954,2024-12-22 00:00:00,2024,Dezembro,22,1336,Consumidor Final,Sudeste,MG,Eletrônicos,Microfone Condensador,E-commerce,5,"R$ 411,88",10%,"R$ 2.059,42","R$ 216,24","R$ 1.843,19","R$ 1.027,96","R$ 815,23","44,23",,,,,,,
1955,2024-12-22 00:00:00,2024,Dezembro,22,1489,Pequenas Empresas,Nordeste,CE,Eletrônicos,Mouse Gamer,Loja Física,3,"R$ 736,67",12%,"R$ 2.210,02","R$ 257,73","R$ 1.952,30","R$ 1.457,65","R$ 494,64","25,34",,,,,,,
1956,2024-12-22 00:00:00,2024,Dezembro,22,1817,Pequenas Empresas,Sul,SC,Eletrônicos,Monitor Ultrawide,Loja Física,3,"R$ 784,59",1%,"R$ 2.353,78","R$ 24,30","R$ 2.329,47","R$ 1.433,63","R$ 895,84","38,46",,,,,,,
1957,2024-12-22 00:00:00,2024,Dezembro,22,1293,Pequenas Empresas,Sudeste,RJ,Eletrônicos,Microfone Condensador,Loja Física,3,"R$ 1.129,42",11%,"R$ 3.388,26","R$ 387,65","R$ 3.000,61","R$ 1.591,69","R$ 1.408,92","46,95",,,,,,,
1958,2024-12-23 00:00:00,2024,Dezembro,23,1644,Consumidor Final,Nordeste,BA,Móveis,Mesa Gamer,E-commerce,2,"R$ 216,76",12%,"R$ 433,51","R$ 52,01","R$ 381,51","R$ 282,20","R$ 99,30","26,03",,,,,,,
1959,2024-12-23 00:00:00,2024,Dezembro,23,1072,Corporativo,Nordeste,CE,Eletrônicos,Cadeira Gamer,E-commerce,37,"R$ 3.375,41",11%,"R$ 124.890,23","R$ 13.966,66","R$ 110.923,57","R$ 82.110,15","R$ 28.813,42","25,98",,,,,,,
1960,2024-12-23 00:00:00,2024,Dezembro,23,1011,Corporativo,Centro-Oeste,GO,Móveis,Mesa Gamer,Loja Física,9,"R$ 3.161,80",4%,"R$ 28.456,19","R$ 1.270,74","R$ 27.185,45","R$ 17.631,93","R$ 9.553,52","35,14",,,,,,,
1961,2024-12-23 00:00:00,2024,Dezembro,23,1752,Pequenas Empresas,Sul,PR,Eletrônicos,Teclado Mecânico,E-commerce,9,"R$ 1.113,16",3%,"R$ 10.018,48","R$ 282,99","R$ 9.735,49","R$ 6.046,03","R$ 3.689,46","37,90",,,,,,,
1962,2024-12-23 00:00:00,2024,Dezembro,23,1261,Corporativo,Nordeste,CE,Eletrônicos,Monitor Ultrawide,E-commerce,33,"R$ 1.523,14",5%,"R$ 50.263,75","R$ 2.655,56","R$ 47.608,18","R$ 34.530,53","R$ 13.077,65","27,47",,,,,,,
1963,2024-12-24 00:00:00,2024,Dezembro,24,1438,Pequenas Empresas,Sul,RS,Eletrônicos,Cadeira Gamer,E-commerce,9,"R$ 992,12",6%,"R$ 8.929,08","R$ 529,44","R$ 8.399,63","R$ 4.819,28","R$ 3.580,36","42,63",,,,,,,
1964,2024-12-24 00:00:00,2024,Dezembro,24,1405,Pequenas Empresas,Sul,PR,Móveis,Mesa Gamer,E-commerce,11,"R$ 963,43",4%,"R$ 10.597,70","R$ 400,69","R$ 10.197,01","R$ 5.959,88","R$ 4.237,13","41,55",,,,,,,
1965,2024-12-25 00:00:00,2024,Dezembro,25,1265,Corporativo,Sudeste,RJ,Eletrônicos,Mouse Gamer,Loja Física,17,"R$ 2.020,84",4%,"R$ 34.354,35","R$ 1.476,81","R$ 32.877,54","R$ 18.647,14","R$ 14.230,40","43,28",,,,,,,
1966,2024-12-25 00:00:00,2024,Dezembro,25,1662,Corporativo,Sudeste,SP,Eletrônicos,Webcam 4K,E-commerce,21,"R$ 3.043,16",2%,"R$ 63.906,28","R$ 1.132,81","R$ 62.773,47","R$ 33.813,72","R$ 28.959,75","46,13",,,,,,,
1967,2024-12-25 00:00:00,2024,Dezembro,25,1619,Pequenas Empresas,Sul,SC,Eletrônicos,Teclado Mecânico,E-commerce,5,"R$ 1.096,33",5%,"R$ 5.481,64","R$ 271,55","R$ 5.210,09","R$ 2.992,66","R$ 2.217,43","42,56",,,,,,,
1968,2024-12-25 00:00:00,2024,Dezembro,25,1792,Corporativo,Centro-Oeste,GO,Eletrônicos,Monitor Ultrawide,Loja Física,14,"R$ 2.497,40",7%,"R$ 34.963,53","R$ 2.399,66","R$ 32.563,87","R$ 21.874,00","R$ 10.689,87","32,83",,,,,,,
1969,2024-12-25 00:00:00,2024,Dezembro,25,1530,Consumidor Final,Sul,RS,Eletrônicos,Teclado Mecânico,Loja Física,2,"R$ 216,71",7%,"R$ 433,41","R$ 30,31","R$ 403,10","R$ 250,56","R$ 152,55","37,84",,,,,,,
1970,2024-12-25 00:00:00,2024,Dezembro,25,1895,Corporativo,Sudeste,MG,Eletrônicos,Mouse Gamer,Loja Física,12,"R$ 3.485,36",2%,"R$ 41.824,34","R$ 841,95","R$ 40.982,38","R$ 23.177,98","R$ 17.804,40","43,44",,,,,,,
1971,2024-12-25 00:00:00,2024,Dezembro,25,1629,Pequenas Empresas,Nordeste,BA,Eletrônicos,Monitor Ultrawide,E-commerce,6,"R$ 602,94",11%,"R$ 3.617,61","R$ 384,36","R$ 3.233,25","R$ 2.245,67","R$ 987,58","30,54",,,,,,,
1972,2024-12-26 00:00:00,2024,Dezembro,26,1152,Pequenas Empresas,Sul,PR,Eletrônicos,Teclado Mecânico,Loja Física,4,"R$ 424,85",11%,"R$ 1.699,40","R$ 184,37","R$ 1.515,02","R$ 949,87","R$ 565,15","37,30",,,,,,,
1973,2024-12-26 00:00:00,2024,Dezembro,26,1440,Consumidor Final,Sudeste,RJ,Eletrônicos,Headset Gamer,Loja Física,1,"R$ 295,34",6%,"R$ 295,34","R$ 17,91","R$ 277,43","R$ 151,48","R$ 125,95","45,40",,,,,,,
1974,2024-12-26 00:00:00,2024,Dezembro,26,1767,Corporativo,Nordeste,CE,Eletrônicos,Mouse Gamer,E-commerce,16,"R$ 3.111,59",1%,"R$ 49.785,48","R$ 582,64","R$ 49.202,84","R$ 36.096,43","R$ 13.106,41","26,64",,,,,,,
1975,2024-12-26 00:00:00,2024,Dezembro,26,1617,Consumidor Final,Nordeste,CE,Eletrônicos,Mouse Gamer,E-commerce,1,"R$ 275,40",2%,"R$ 275,40","R$ 5,35","R$ 270,05","R$ 201,01","R$ 69,04","25,57",,,,,,,
1976,2024-12-27 00:00:00,2024,Dezembro,27,1797,Consumidor Final,Nordeste,CE,Eletrônicos,Mouse Gamer,E-commerce,2,"R$ 226,39",11%,"R$ 452,78","R$ 50,56","R$ 402,22","R$ 282,95","R$ 119,27","29,65",,,,,,,
1977,2024-12-27 00:00:00,2024,Dezembro,27,1659,Pequenas Empresas,Sudeste,RJ,Eletrônicos,Headset Gamer,E-commerce,11,"R$ 607,38",2%,"R$ 6.681,18","R$ 156,72","R$ 6.524,46","R$ 3.415,27","R$ 3.109,19","47,65",,,,,,,
1978,2024-12-27 00:00:00,2024,Dezembro,27,1602,Pequenas Empresas,Centro-Oeste,GO,Eletrônicos,Headset Gamer,E-commerce,6,"R$ 432,22",5%,"R$ 2.593,34","R$ 136,16","R$ 2.457,17","R$ 1.610,97","R$ 846,20","34,44",,,,,,,
1979,2024-12-27 00:00:00,2024,Dezembro,27,1646,Pequenas Empresas,Nordeste,CE,Móveis,Mesa Gamer,E-commerce,6,"R$ 999,56",7%,"R$ 5.997,34","R$ 415,79","R$ 5.581,56","R$ 3.896,20","R$ 1.685,35","30,20",,,,,,,
1980,2024-12-27 00:00:00,2024,Dezembro,27,1774,Corporativo,Sudeste,MG,Eletrônicos,Cadeira Gamer,Loja Física,13,"R$ 2.233,49",6%,"R$ 29.035,36","R$ 1.639,11","R$ 27.396,25","R$ 15.474,67","R$ 11.921,58","43,52",,,,,,,
1981,2024-12-27 00:00:00,2024,Dezembro,27,1335,Corporativo,Nordeste,PE,Eletrônicos,Webcam 4K,E-commerce,41,"R$ 2.936,45",2%,"R$ 120.394,49","R$ 2.382,28","R$ 118.012,21","R$ 82.410,88","R$ 35.601,33","30,17",,,,,,,
1982,2024-12-28 00:00:00,2024,Dezembro,28,1074,Corporativo,Sul,SC,Eletrônicos,Teclado Mecânico,E-commerce,27,"R$ 2.697,74",3%,"R$ 72.839,04","R$ 2.502,39","R$ 70.336,65","R$ 43.966,62","R$ 26.370,03","37,49",,,,,,,
1983,2024-12-28 00:00:00,2024,Dezembro,28,1142,Pequenas Empresas,Sul,PR,Móveis,Mesa Gamer,E-commerce,7,"R$ 825,88",4%,"R$ 5.781,15","R$ 228,03","R$ 5.553,12","R$ 3.194,73","R$ 2.358,39","42,47",,,,,,,
1984,2024-12-28 00:00:00,2024,Dezembro,28,1763,Corporativo,Nordeste,PE,Eletrônicos,Teclado Mecânico,Loja Física,9,"R$ 1.890,52",7%,"R$ 17.014,70","R$ 1.164,18","R$ 15.850,52","R$ 11.499,66","R$ 4.350,86","27,45",,,,,,,
1985,2024-12-28 00:00:00,2024,Dezembro,28,1663,Pequenas Empresas,Sul,SC,Eletrônicos,Webcam 4K,E-commerce,12,"R$ 573,55",2%,"R$ 6.882,65","R$ 115,14","R$ 6.767,52","R$ 4.200,22","R$ 2.567,29","37,94",,,,,,,
1986,2024-12-28 00:00:00,2024,Dezembro,28,1520,Pequenas Empresas,Sudeste,MG,Eletrônicos,Cadeira Gamer,E-commerce,6,"R$ 704,71",6%,"R$ 4.228,25","R$ 246,92","R$ 3.981,33","R$ 2.196,84","R$ 1.784,49","44,82",,,,,,,
1987,2024-12-28 00:00:00,2024,Dezembro,28,1375,Pequenas Empresas,Sul,RS,Eletrônicos,Headset Gamer,Loja Física,4,"R$ 760,31",8%,"R$ 3.041,25","R$ 246,75","R$ 2.794,50","R$ 1.600,78","R$ 1.193,72","42,72",,,,,,,
1988,2024-12-28 00:00:00,2024,Dezembro,28,1519,Consumidor Final,Nordeste,BA,Eletrônicos,Cadeira Gamer,E-commerce,1,"R$ 291,18",3%,"R$ 291,18","R$ 9,68","R$ 281,49","R$ 202,06","R$ 79,44","28,22",,,,,,,
1989,2024-12-28 00:00:00,2024,Dezembro,28,1934,Consumidor Final,Sul,RS,Eletrônicos,Headset Gamer,Loja Física,1,"R$ 397,88",9%,"R$ 397,88","R$ 35,99","R$ 361,89","R$ 206,51","R$ 155,38","42,94",,,,,,,
1990,2024-12-29 00:00:00,2024,Dezembro,29,1827,Consumidor Final,Sudeste,MG,Eletrônicos,Webcam 4K,E-commerce,2,"R$ 255,91",12%,"R$ 511,81","R$ 59,69","R$ 452,12","R$ 253,59","R$ 198,54","43,91",,,,,,,
1991,2024-12-29 00:00:00,2024,Dezembro,29,1680,Corporativo,Sul,PR,Eletrônicos,Cadeira Gamer,E-commerce,33,"R$ 2.424,36",4%,"R$ 80.003,89","R$ 3.372,32","R$ 76.631,58","R$ 45.262,70","R$ 31.368,88","40,93",,,,,,,
1992,2024-12-29 00:00:00,2024,Dezembro,29,1601,Consumidor Final,Sudeste,MG,Móveis,Mesa Gamer,E-commerce,3,"R$ 408,22",11%,"R$ 1.224,65","R$ 140,64","R$ 1.084,02","R$ 601,19","R$ 482,83","44,54",,,,,,,
1993,2024-12-29 00:00:00,2024,Dezembro,29,1928,Pequenas Empresas,Centro-Oeste,GO,Eletrônicos,Monitor Ultrawide,E-commerce,9,"R$ 722,61",11%,"R$ 6.503,48","R$ 734,31","R$ 5.769,17","R$ 3.594,23","R$ 2.174,94","37,70",,,,,,,
1994,2024-12-30 00:00:00,2024,Dezembro,30,1380,Pequenas Empresas,Sudeste,RJ,Móveis,Mesa Gamer,E-commerce,10,"R$ 563,84",5%,"R$ 5.638,41","R$ 286,53","R$ 5.351,88","R$ 2.900,43","R$ 2.451,45","45,81",,,,,,,
1995,2024-12-30 00:00:00,2024,Dezembro,30,1621,Consumidor Final,Nordeste,PE,Eletrônicos,Teclado Mecânico,Loja Física,1,"R$ 342,48",8%,"R$ 342,48","R$ 27,67","R$ 314,81","R$ 219,07","R$ 95,74","30,41",,,,,,,
1996,2024-12-30 00:00:00,2024,Dezembro,30,1433,Corporativo,Centro-Oeste,GO,Móveis,Mesa Gamer,E-commerce,18,"R$ 2.984,01",4%,"R$ 53.712,10","R$ 2.239,60","R$ 51.472,50","R$ 34.000,75","R$ 17.471,75","33,94",,,,,,,
1997,2024-12-30 00:00:00,2024,Dezembro,30,1657,Corporativo,Centro-Oeste,GO,Eletrônicos,Webcam 4K,E-commerce,27,"R$ 2.079,35",6%,"R$ 56.142,45","R$ 3.321,86","R$ 52.820,59","R$ 35.106,72","R$ 17.713,87","33,54",,,,,,,
1998,2024-12-31 00:00:00,2024,Dezembro,31,1891,Pequenas Empresas,Sul,SC,Eletrônicos,Mouse Gamer,Loja Física,3,"R$ 1.028,88",2%,"R$ 3.086,64","R$ 72,14","R$ 3.014,50","R$ 1.878,08","R$ 1.136,42","37,70",,,,,,,
1999,2024-12-31 00:00:00,2024,Dezembro,31,1335,Consumidor Final,Sul,SC,Eletrônicos,Teclado Mecânico,E-commerce,2,"R$ 156,07",8%,"R$ 312,13","R$ 26,15","R$ 285,98","R$ 172,11","R$ 113,86","39,82",,,,,,,
2000,2024-12-31 00:00:00,2024,Dezembro,31,1404,Consumidor Final,Sudeste,RJ,Eletrônicos,Cadeira Gamer,E-commerce,2,"R$ 384,63",10%,"R$ 769,25","R$ 76,43","R$ 692,83","R$ 395,10","R$ 297,72","42,97",,,,,,,
